Order_ID,Order_Date,Customer_ID,Category,Product,Quantity,Sales,Discount,Profit,Region,City,Payment_Mode
ORD00001,2025-10-07,CUST0179,Electronics,Laptop,2,19288,0.22,2788.37,East,Kolkata,Net Banking
ORD00002,2025-04-12,CUST1467,Beauty,Shampoo,2,31494,0.15,1480.57,North,Delhi,Net Banking
ORD00003,2025-08-05,CUST0697,Beauty,Face Cream,3,2775,0.23,175.07,West,Ahmedabad,Debit Card
ORD00004,2025-11-06,CUST0542,Clothing,Jeans,1,25398,0.03,5407.59,East,Kolkata,UPI
ORD00005,2025-07-05,CUST1183,Beauty,Shampoo,5,98565,0.25,12840.85,West,Mumbai,Credit Card
ORD00006,2025-08-21,CUST1302,Electronics,Laptop,1,15756,0.26,1469.38,South,Bangalore,Debit Card
ORD00007,2025-11-08,CUST1301,Clothing,Dress,3,139482,0.28,18037.41,East,Kolkata,Credit Card
ORD00008,2025-10-13,CUST0450,Books,Comics,4,72764,0.3,9066.39,South,Bangalore,Debit Card
ORD00009,2025-10-18,CUST1795,Electronics,Smart Watch,4,72184,0.02,16456.12,North,Jaipur,Debit Card
ORD00010,2025-10-15,CUST1104,Clothing,Shoes,4,39452,0.08,3605.1,West,Ahmedabad,Debit Card
ORD00011,2025-01-25,CUST1764,Books,Magazine,2,19130,0.15,1108.67,West,Pune,UPI
ORD00012,2025-09-28,CUST0515,Clothing,Jeans,1,25716,0.11,5704.06,West,Ahmedabad,Net Banking
ORD00013,2025-01-02,CUST1954,Electronics,Laptop,3,23430,0.09,1740.49,East,Patna,Debit Card
ORD00014,2025-07-11,CUST1562,Books,Comics,3,127122,0.15,9701.3,North,Lucknow,Credit Card
ORD00015,2025-06-07,CUST0491,Books,Novel,1,7831,0.28,1272.82,East,Bhubaneswar,UPI
ORD00016,2025-03-06,CUST0263,Clothing,T-Shirt,4,20140,0.29,2238.45,North,Lucknow,Cash on Delivery
ORD00017,2025-12-20,CUST0412,Books,Comics,5,141150,0.29,23629.32,East,Patna,Debit Card
ORD00018,2025-01-11,CUST1205,Beauty,Face Wash,4,33720,0.07,1969.55,West,Ahmedabad,Net Banking
ORD00019,2025-06-19,CUST0146,Clothing,Jeans,1,15503,0.02,855.1,North,Delhi,Net Banking
ORD00020,2025-10-23,CUST0969,Clothing,Dress,5,45855,0.22,8100.37,West,Mumbai,Credit Card
ORD00021,2025-08-28,CUST1770,Beauty,Perfume,1,43687,0.13,5120.23,South,Chennai,UPI
ORD00022,2025-08-18,CUST0288,Electronics,Laptop,3,22983,0.07,1881.82,West,Ahmedabad,Cash on Delivery
ORD00023,2025-02-20,CUST0104,Clothing,Dress,1,29541,0.24,4966.05,West,Mumbai,Net Banking
ORD00024,2025-01-31,CUST0338,Electronics,Laptop,4,129304,0.14,24790.15,South,Chennai,Cash on Delivery
ORD00025,2025-10-12,CUST1356,Electronics,Mobile Phone,3,84666,0.21,13116.44,East,Bhubaneswar,Cash on Delivery
ORD00026,2025-06-10,CUST0118,Clothing,Jeans,1,38457,0.22,1865.53,East,Kolkata,UPI
ORD00027,2025-02-04,CUST1383,Books,Magazine,5,28750,0.26,1355.31,South,Chennai,Credit Card
ORD00028,2025-10-26,CUST1158,Beauty,Shampoo,5,15520,0.19,1682.59,South,Hyderabad,Net Banking
ORD00029,2025-11-27,CUST0615,Furniture,Table,3,48426,0.08,3393.77,South,Hyderabad,Cash on Delivery
ORD00030,2025-04-20,CUST1037,Furniture,Sofa,5,186980,0.3,8462.06,North,Jaipur,Debit Card
ORD00031,2025-12-27,CUST0620,Clothing,Dress,3,57528,0.05,11845.68,North,Delhi,Net Banking
ORD00032,2025-10-11,CUST0319,Books,Novel,1,9300,0.08,1950.28,East,Patna,Debit Card
ORD00033,2025-01-27,CUST0190,Furniture,Chair,3,100866,0.15,19810.81,East,Kolkata,Cash on Delivery
ORD00034,2025-08-15,CUST1130,Furniture,Sofa,2,84506,0.29,4938.92,North,Jaipur,Cash on Delivery
ORD00035,2025-10-10,CUST0304,Books,Novel,2,72510,0.01,8890.07,North,Delhi,Cash on Delivery
ORD00036,2025-02-22,CUST0725,Clothing,T-Shirt,1,23949,0.06,2249.09,East,Bhubaneswar,Net Banking
ORD00037,2025-06-20,CUST1603,Beauty,Face Cream,2,55040,0.01,10751.5,South,Chennai,Cash on Delivery
ORD00038,2025-04-24,CUST0409,Clothing,Dress,1,25570,0.26,4195.32,South,Hyderabad,Cash on Delivery
ORD00039,2025-02-05,CUST1981,Furniture,Table,1,43755,0.06,4756.75,South,Chennai,Debit Card
ORD00040,2025-05-16,CUST0079,Furniture,Bookshelf,1,17618,0.05,4058.86,East,Kolkata,UPI
ORD00041,2025-07-17,CUST1843,Books,Magazine,3,87297,0.18,10901.07,East,Patna,Net Banking
ORD00042,2025-12-18,CUST1474,Clothing,Dress,4,2440,0.16,433.08,North,Lucknow,Credit Card
ORD00043,2025-06-03,CUST1039,Furniture,Bookshelf,3,124017,0.09,24783.41,North,Lucknow,Debit Card
ORD00044,2025-07-14,CUST1388,Beauty,Face Wash,3,110499,0.04,14224.06,West,Ahmedabad,Credit Card
ORD00045,2025-10-24,CUST1243,Books,Textbook,1,20414,0.09,2526.02,West,Ahmedabad,Debit Card
ORD00046,2025-03-28,CUST1350,Beauty,Perfume,2,68000,0.14,13464.21,West,Ahmedabad,UPI
ORD00047,2025-01-24,CUST0502,Furniture,Table,3,45666,0.24,2758.13,North,Delhi,Cash on Delivery
ORD00048,2025-07-24,CUST0500,Books,Novel,5,66210,0.22,6548.21,West,Pune,Credit Card
ORD00049,2025-05-08,CUST1879,Electronics,Laptop,2,92214,0.16,4650.97,West,Mumbai,UPI
ORD00050,2025-08-15,CUST1255,Beauty,Face Cream,5,185645,0.18,36536.14,West,Ahmedabad,Net Banking
ORD00051,2025-11-23,CUST0568,Beauty,Perfume,4,119980,0.08,10977.22,South,Hyderabad,Net Banking
ORD00052,2025-06-13,CUST1829,Beauty,Face Cream,1,47262,0.09,4487.63,East,Bhubaneswar,Net Banking
ORD00053,2025-08-01,CUST0835,Electronics,Smart Watch,4,183912,0.05,16212.04,South,Chennai,Debit Card
ORD00054,2025-12-23,CUST0041,Books,Magazine,2,56068,0.12,10063.31,West,Mumbai,Net Banking
ORD00055,2025-08-03,CUST1103,Beauty,Perfume,3,149637,0.12,30066.4,North,Jaipur,Net Banking
ORD00056,2025-12-09,CUST1391,Books,Comics,3,87186,0.15,9468.9,West,Mumbai,Cash on Delivery
ORD00057,2025-12-06,CUST0056,Clothing,Shoes,5,11335,0.27,1393.26,South,Hyderabad,UPI
ORD00058,2025-06-17,CUST0692,Beauty,Face Cream,1,17549,0.11,1442.1,West,Mumbai,Cash on Delivery
ORD00059,2025-06-29,CUST0460,Furniture,Bookshelf,4,7080,0.22,333.65,East,Kolkata,UPI
ORD00060,2025-12-09,CUST0235,Electronics,Laptop,1,41219,0.05,2946.42,South,Chennai,Net Banking
ORD00061,2025-02-28,CUST1593,Clothing,Shoes,2,80414,0.18,13160.54,East,Bhubaneswar,Credit Card
ORD00062,2025-04-12,CUST0156,Furniture,Sofa,5,224450,0.27,20491.12,North,Jaipur,Net Banking
ORD00063,2025-01-22,CUST0712,Clothing,T-Shirt,5,42165,0.24,5229.38,East,Patna,Net Banking
ORD00064,2025-02-24,CUST0888,Beauty,Face Wash,3,3987,0.25,641.31,North,Lucknow,Debit Card
ORD00065,2025-10-03,CUST1587,Beauty,Face Cream,5,215640,0.08,41986.97,West,Mumbai,Cash on Delivery
ORD00066,2025-08-26,CUST1168,Beauty,Perfume,2,12358,0.08,1593.53,East,Bhubaneswar,Net Banking
ORD00067,2025-05-13,CUST0698,Beauty,Face Wash,3,37251,0.15,3830.16,North,Jaipur,Debit Card
ORD00068,2025-10-12,CUST1553,Books,Textbook,2,12220,0.07,1492.01,North,Lucknow,Credit Card
ORD00069,2025-06-06,CUST1360,Beauty,Perfume,1,19783,0.07,3465.44,West,Mumbai,Net Banking
ORD00070,2025-06-06,CUST0515,Furniture,Bookshelf,5,110890,0.11,13890.82,East,Bhubaneswar,Credit Card
ORD00071,2025-09-05,CUST0567,Electronics,Smart Watch,5,228650,0.06,20048.1,East,Kolkata,Net Banking
ORD00072,2025-12-29,CUST1094,Books,Textbook,3,46224,0.11,4543.99,North,Delhi,Credit Card
ORD00073,2025-09-09,CUST0211,Furniture,Sofa,3,138615,0.28,17722.38,North,Lucknow,UPI
ORD00074,2025-09-02,CUST0234,Books,Textbook,4,91312,0.06,5173.63,West,Pune,UPI
ORD00075,2025-06-05,CUST0175,Beauty,Perfume,1,10443,0.04,1629.79,North,Lucknow,Credit Card
ORD00076,2025-10-29,CUST0879,Electronics,Mobile Phone,4,120096,0.27,9597.3,South,Hyderabad,Debit Card
ORD00077,2025-03-30,CUST1131,Books,Novel,2,35686,0.2,2324.2,North,Delhi,UPI
ORD00078,2025-12-28,CUST0580,Clothing,T-Shirt,5,156480,0.09,13712.14,West,Pune,Cash on Delivery
ORD00079,2025-02-28,CUST1116,Electronics,Smart Watch,5,219155,0.24,14917.56,East,Patna,Credit Card
ORD00080,2025-10-19,CUST1887,Clothing,Dress,1,11373,0.24,1460.82,South,Chennai,Debit Card
ORD00081,2025-10-04,CUST1012,Beauty,Shampoo,3,139071,0.12,12782.76,West,Ahmedabad,Cash on Delivery
ORD00082,2025-12-12,CUST1713,Electronics,Laptop,3,120192,0.08,7548.56,West,Ahmedabad,Net Banking
ORD00083,2025-05-23,CUST0372,Books,Novel,1,11981,0.14,1857.77,East,Patna,Net Banking
ORD00084,2025-03-24,CUST0676,Beauty,Perfume,3,81783,0.1,13545.23,North,Jaipur,Cash on Delivery
ORD00085,2025-03-01,CUST1987,Beauty,Face Wash,1,30307,0.03,2953.88,West,Ahmedabad,Cash on Delivery
ORD00086,2025-09-13,CUST1281,Books,Novel,1,12793,0.16,1875.49,West,Pune,Cash on Delivery
ORD00087,2025-03-04,CUST0060,Electronics,Smart Watch,2,38752,0.13,6393.91,East,Patna,Net Banking
ORD00088,2025-02-28,CUST0946,Clothing,Jeans,1,36692,0.12,3065.52,East,Patna,UPI
ORD00089,2025-05-05,CUST0936,Clothing,Shoes,3,83187,0.25,15351.05,East,Patna,Net Banking
ORD00090,2025-05-22,CUST1583,Clothing,Shoes,5,247045,0.26,40731.79,South,Hyderabad,Cash on Delivery
ORD00091,2025-03-18,CUST0915,Furniture,Table,3,116895,0.17,17657.01,North,Jaipur,Net Banking
ORD00092,2025-04-07,CUST1429,Beauty,Face Wash,5,126100,0.14,12401.39,East,Patna,Credit Card
ORD00093,2025-07-15,CUST0791,Books,Magazine,1,21352,0.22,3181.78,South,Bangalore,Credit Card
ORD00094,2025-08-14,CUST0205,Beauty,Shampoo,5,111285,0.26,18515.62,South,Hyderabad,Net Banking
ORD00095,2025-06-23,CUST1277,Beauty,Shampoo,2,10806,0.14,2266.05,South,Bangalore,Cash on Delivery
ORD00096,2025-11-20,CUST1402,Electronics,Headphones,4,143824,0.01,9067.72,West,Pune,Debit Card
ORD00097,2025-01-15,CUST0095,Clothing,T-Shirt,1,29576,0.05,3087.69,West,Mumbai,Debit Card
ORD00098,2025-12-16,CUST1624,Electronics,Headphones,4,40160,0.07,4945.37,East,Bhubaneswar,Credit Card
ORD00099,2025-10-26,CUST0294,Clothing,Jeans,4,164452,0.2,19672.86,North,Lucknow,Credit Card
ORD00100,2025-03-22,CUST0152,Beauty,Face Wash,1,30990,0.27,4197.01,West,Pune,Cash on Delivery
ORD00101,2025-07-16,CUST1748,Furniture,Table,3,91317,0.25,6153.17,West,Ahmedabad,Cash on Delivery
ORD00102,2025-01-12,CUST1700,Electronics,Smart Watch,3,114510,0.09,19783.75,West,Ahmedabad,Cash on Delivery
ORD00103,2025-06-30,CUST0449,Furniture,Sofa,4,77024,0.23,5695.02,North,Lucknow,Credit Card
ORD00104,2025-08-14,CUST0069,Books,Textbook,1,41621,0.19,3768.66,South,Hyderabad,Net Banking
ORD00105,2025-10-04,CUST1795,Furniture,Chair,3,148458,0.12,11778.64,North,Jaipur,Debit Card
ORD00106,2025-02-28,CUST0960,Books,Textbook,4,79368,0.22,7289.12,South,Bangalore,UPI
ORD00107,2025-10-02,CUST0254,Clothing,Jeans,3,19254,0.24,772.39,West,Ahmedabad,Cash on Delivery
ORD00108,2025-11-14,CUST1811,Furniture,Table,3,22800,0.2,2631.95,West,Ahmedabad,Net Banking
ORD00109,2025-03-13,CUST0093,Furniture,Chair,4,185780,0.09,22258.27,North,Lucknow,UPI
ORD00110,2025-12-10,CUST1945,Furniture,Bookshelf,2,71456,0.04,9653.68,North,Delhi,Net Banking
ORD00111,2025-05-24,CUST0068,Beauty,Face Cream,1,32569,0.18,6351.11,West,Ahmedabad,Debit Card
ORD00112,2025-11-27,CUST0735,Clothing,Shoes,3,21033,0.29,1843.79,West,Mumbai,UPI
ORD00113,2025-11-02,CUST1989,Beauty,Face Wash,4,26028,0.2,3713.49,South,Chennai,UPI
ORD00114,2025-04-17,CUST1201,Electronics,Headphones,5,69740,0.02,13876.23,South,Chennai,Credit Card
ORD00115,2025-03-08,CUST1107,Clothing,Dress,1,18671,0.26,1090.64,South,Hyderabad,Debit Card
ORD00116,2025-06-15,CUST0033,Clothing,T-Shirt,1,23977,0.24,1778.27,North,Delhi,Credit Card
ORD00117,2025-08-18,CUST1594,Furniture,Sofa,4,139908,0.03,8510.64,South,Hyderabad,Debit Card
ORD00118,2025-12-04,CUST1068,Books,Novel,2,81622,0.01,16698.14,West,Ahmedabad,Debit Card
ORD00119,2025-08-16,CUST0151,Beauty,Shampoo,4,113744,0.21,13303.78,North,Jaipur,UPI
ORD00120,2025-06-16,CUST0781,Furniture,Chair,3,124245,0.19,16069.07,North,Delhi,Net Banking
ORD00121,2025-12-02,CUST1334,Books,Textbook,5,143465,0.03,26490.12,West,Ahmedabad,Net Banking
ORD00122,2025-02-18,CUST0641,Clothing,Shoes,4,90848,0.25,8840.38,West,Mumbai,Cash on Delivery
ORD00123,2025-08-10,CUST0198,Furniture,Table,4,19596,0.03,1274.93,East,Kolkata,Debit Card
ORD00124,2025-08-05,CUST1778,Clothing,T-Shirt,1,27422,0.11,4467.88,East,Patna,UPI
ORD00125,2025-04-25,CUST1736,Furniture,Table,5,168765,0.06,28768.77,East,Kolkata,UPI
ORD00126,2025-11-15,CUST1257,Furniture,Table,5,76605,0.24,12751.94,North,Jaipur,Net Banking
ORD00127,2025-06-29,CUST0013,Electronics,Headphones,3,139656,0.23,25196.29,North,Delhi,Credit Card
ORD00128,2025-08-03,CUST0930,Clothing,Shoes,1,6513,0.22,472.59,North,Delhi,Debit Card
ORD00129,2025-03-21,CUST0323,Clothing,Dress,3,113091,0.18,21020.01,East,Patna,Net Banking
ORD00130,2025-04-21,CUST1547,Electronics,Laptop,4,129312,0.18,14085.46,East,Bhubaneswar,Net Banking
ORD00131,2025-12-08,CUST0632,Electronics,Headphones,3,134841,0.2,15892.53,West,Mumbai,UPI
ORD00132,2025-05-11,CUST0593,Clothing,Shoes,2,40506,0.28,5934.06,North,Delhi,Debit Card
ORD00133,2025-04-28,CUST1025,Electronics,Laptop,4,48056,0.04,7220.69,West,Ahmedabad,Net Banking
ORD00134,2025-06-10,CUST1180,Furniture,Sofa,1,29088,0.01,6745.22,West,Ahmedabad,Cash on Delivery
ORD00135,2025-11-13,CUST0943,Books,Magazine,1,27044,0.01,3077.72,West,Pune,Debit Card
ORD00136,2025-06-08,CUST1528,Electronics,Mobile Phone,4,156368,0.12,9044.62,North,Delhi,Debit Card
ORD00137,2025-06-28,CUST0720,Clothing,Dress,5,209995,0.03,30959.71,South,Chennai,Credit Card
ORD00138,2025-12-02,CUST0155,Clothing,T-Shirt,2,23740,0.18,3933.13,South,Bangalore,Credit Card
ORD00139,2025-11-18,CUST0648,Beauty,Perfume,5,213195,0.19,30203.87,West,Ahmedabad,Credit Card
ORD00140,2025-02-07,CUST0636,Beauty,Shampoo,3,55503,0.18,5479.17,West,Pune,Cash on Delivery
ORD00141,2025-02-16,CUST1260,Beauty,Shampoo,3,16584,0.19,3297.46,North,Jaipur,Net Banking
ORD00142,2025-10-20,CUST1335,Books,Magazine,5,244625,0.27,24991.16,West,Ahmedabad,Credit Card
ORD00143,2025-02-13,CUST1034,Furniture,Bookshelf,4,29132,0.24,4814.98,South,Chennai,Credit Card
ORD00144,2025-05-25,CUST0794,Electronics,Smart Watch,5,173790,0.18,17497.05,West,Pune,Cash on Delivery
ORD00145,2025-05-10,CUST1483,Furniture,Sofa,3,20079,0.17,2121.74,East,Kolkata,Net Banking
ORD00146,2025-12-06,CUST0803,Clothing,Dress,2,46850,0.09,7725.66,North,Lucknow,Credit Card
ORD00147,2025-12-10,CUST1440,Books,Novel,4,170684,0.24,27583.23,East,Patna,Net Banking
ORD00148,2025-09-06,CUST0394,Electronics,Mobile Phone,3,62223,0.05,5487.86,East,Kolkata,Credit Card
ORD00149,2025-09-27,CUST0078,Clothing,Jeans,1,33771,0.23,5643.42,North,Jaipur,Debit Card
ORD00150,2025-03-26,CUST1477,Books,Comics,2,24702,0.25,3783.47,West,Mumbai,Cash on Delivery
ORD00151,2025-08-18,CUST0480,Electronics,Mobile Phone,2,59222,0.18,9735.63,East,Patna,Net Banking
ORD00152,2025-08-25,CUST1576,Clothing,Dress,3,134859,0.28,23972.45,West,Mumbai,Debit Card
ORD00153,2025-09-04,CUST1791,Beauty,Perfume,5,47850,0.26,2139.98,South,Chennai,Debit Card
ORD00154,2025-03-17,CUST1702,Books,Novel,1,11006,0.08,2339.62,North,Jaipur,Cash on Delivery
ORD00155,2025-05-01,CUST0791,Electronics,Smart Watch,1,27690,0.02,4081.32,West,Pune,UPI
ORD00156,2025-03-12,CUST0079,Furniture,Chair,1,47338,0.19,7986.09,North,Jaipur,Debit Card
ORD00157,2025-04-21,CUST1711,Beauty,Face Cream,5,4220,0.27,165.74,West,Pune,Credit Card
ORD00158,2025-11-24,CUST1626,Books,Magazine,2,40472,0.04,3795.48,North,Jaipur,Net Banking
ORD00159,2025-05-04,CUST1472,Beauty,Shampoo,5,178150,0.0,27270.34,North,Jaipur,Credit Card
ORD00160,2025-12-09,CUST0176,Furniture,Bookshelf,3,48795,0.17,3542.23,North,Lucknow,Net Banking
ORD00161,2025-05-10,CUST1531,Furniture,Sofa,4,13412,0.19,2674.73,North,Jaipur,UPI
ORD00162,2025-01-23,CUST0722,Furniture,Sofa,1,38635,0.22,3510.87,East,Kolkata,Net Banking
ORD00163,2025-08-23,CUST0076,Furniture,Chair,4,167604,0.05,12255.54,West,Ahmedabad,Debit Card
ORD00164,2025-10-06,CUST0970,Clothing,T-Shirt,3,62463,0.15,13157.88,South,Chennai,Debit Card
ORD00165,2025-07-08,CUST0895,Electronics,Smart Watch,1,43474,0.1,2930.39,East,Bhubaneswar,Cash on Delivery
ORD00166,2025-09-23,CUST0547,Beauty,Perfume,4,183420,0.15,36616.64,East,Kolkata,UPI
ORD00167,2025-06-17,CUST1354,Beauty,Shampoo,2,72496,0.09,4652.27,West,Ahmedabad,Debit Card
ORD00168,2025-06-30,CUST1260,Furniture,Bookshelf,4,94152,0.13,16002.61,West,Mumbai,Cash on Delivery
ORD00169,2025-03-23,CUST1952,Furniture,Sofa,4,97236,0.15,16528.43,North,Lucknow,UPI
ORD00170,2025-07-16,CUST1945,Clothing,Shoes,1,15966,0.23,1515.41,North,Delhi,Net Banking
ORD00171,2025-09-29,CUST0752,Electronics,Smart Watch,3,88782,0.23,11265.01,West,Pune,Cash on Delivery
ORD00172,2025-10-15,CUST0242,Furniture,Table,1,48713,0.06,7031.05,South,Chennai,Debit Card
ORD00173,2025-03-04,CUST0278,Furniture,Bookshelf,3,137940,0.27,14927.21,South,Hyderabad,UPI
ORD00174,2025-10-05,CUST0595,Beauty,Face Cream,3,132801,0.1,7528.36,West,Mumbai,Debit Card
ORD00175,2025-05-02,CUST1619,Clothing,Jeans,2,16906,0.3,2466.4,East,Patna,Cash on Delivery
ORD00176,2025-06-08,CUST0816,Electronics,Headphones,5,45020,0.18,2482.37,East,Bhubaneswar,Cash on Delivery
ORD00177,2025-08-19,CUST0955,Books,Magazine,1,8713,0.29,1104.04,West,Ahmedabad,Net Banking
ORD00178,2025-03-05,CUST1062,Furniture,Chair,4,133820,0.27,5967.07,South,Chennai,Credit Card
ORD00179,2025-05-26,CUST1733,Furniture,Chair,2,46352,0.28,5132.15,South,Bangalore,UPI
ORD00180,2025-03-28,CUST1213,Furniture,Chair,3,122301,0.16,15462.8,East,Kolkata,Net Banking
ORD00181,2025-10-23,CUST0543,Clothing,Jeans,1,2359,0.02,554.16,East,Patna,Credit Card
ORD00182,2025-05-06,CUST1649,Books,Magazine,5,97415,0.19,8712.72,North,Jaipur,Cash on Delivery
ORD00183,2025-04-15,CUST0697,Furniture,Bookshelf,1,10859,0.13,1387.34,North,Lucknow,Net Banking
ORD00184,2025-10-15,CUST0218,Clothing,Dress,3,79890,0.04,9518.39,East,Patna,Debit Card
ORD00185,2025-07-16,CUST1770,Clothing,Shoes,4,66988,0.04,3866.29,North,Jaipur,Net Banking
ORD00186,2025-09-13,CUST1055,Beauty,Face Cream,5,238795,0.09,44030.95,South,Bangalore,Cash on Delivery
ORD00187,2025-04-21,CUST1195,Beauty,Face Wash,1,26271,0.15,5433.81,West,Mumbai,Debit Card
ORD00188,2025-01-05,CUST1736,Electronics,Laptop,5,216885,0.2,18591.33,East,Bhubaneswar,UPI
ORD00189,2025-10-19,CUST1151,Beauty,Face Cream,3,80781,0.11,9354.72,East,Patna,Credit Card
ORD00190,2025-11-16,CUST1394,Furniture,Table,5,150070,0.23,12242.26,North,Jaipur,Net Banking
ORD00191,2025-03-15,CUST0408,Electronics,Smart Watch,3,68166,0.17,6965.93,North,Jaipur,Net Banking
ORD00192,2025-09-23,CUST0936,Books,Magazine,1,9480,0.21,1578.67,North,Delhi,Credit Card
ORD00193,2025-06-03,CUST1216,Books,Comics,3,33447,0.12,5100.8,East,Patna,Debit Card
ORD00194,2025-08-02,CUST1196,Books,Magazine,1,24640,0.1,1594.92,East,Bhubaneswar,Debit Card
ORD00195,2025-09-03,CUST0350,Electronics,Mobile Phone,5,191775,0.07,10749.38,East,Patna,Net Banking
ORD00196,2025-04-08,CUST0039,Books,Magazine,2,5138,0.17,810.71,South,Hyderabad,Cash on Delivery
ORD00197,2025-08-30,CUST1788,Furniture,Bookshelf,2,54788,0.15,8023.77,South,Bangalore,UPI
ORD00198,2025-08-24,CUST1869,Clothing,Jeans,4,139748,0.11,30016.48,East,Patna,Net Banking
ORD00199,2025-06-02,CUST0461,Furniture,Table,4,52400,0.29,3936.23,East,Patna,Debit Card
ORD00200,2025-05-21,CUST0590,Furniture,Chair,4,93436,0.17,18371.81,West,Pune,UPI
ORD00201,2025-02-10,CUST0710,Books,Magazine,2,39070,0.01,9324.14,West,Pune,Cash on Delivery
ORD00202,2025-03-12,CUST0224,Furniture,Bookshelf,5,91340,0.28,12444.95,South,Chennai,Net Banking
ORD00203,2025-07-31,CUST0677,Books,Comics,5,76445,0.19,3746.08,South,Chennai,Cash on Delivery
ORD00204,2025-09-01,CUST0978,Electronics,Smart Watch,2,54334,0.2,9829.22,North,Lucknow,Credit Card
ORD00205,2025-01-20,CUST1871,Furniture,Table,1,6362,0.2,490.86,East,Patna,Credit Card
ORD00206,2025-05-29,CUST1796,Beauty,Face Cream,4,50840,0.28,8873.97,North,Jaipur,UPI
ORD00207,2025-09-10,CUST1822,Electronics,Headphones,3,90828,0.3,10087.55,North,Jaipur,Credit Card
ORD00208,2025-05-12,CUST1472,Books,Magazine,1,22171,0.05,2986.3,East,Kolkata,Credit Card
ORD00209,2025-07-27,CUST1694,Electronics,Headphones,2,24002,0.18,3498.32,East,Patna,Cash on Delivery
ORD00210,2025-05-08,CUST0014,Books,Textbook,1,12609,0.29,1302.49,North,Jaipur,Debit Card
ORD00211,2025-05-14,CUST1339,Beauty,Face Cream,3,60864,0.17,8313.88,West,Pune,Debit Card
ORD00212,2025-12-27,CUST1577,Clothing,T-Shirt,3,32901,0.12,4357.53,North,Jaipur,Debit Card
ORD00213,2025-08-21,CUST1532,Electronics,Headphones,2,29720,0.29,3073.1,East,Patna,Net Banking
ORD00214,2025-02-11,CUST1077,Furniture,Bookshelf,2,33434,0.2,4524.63,West,Ahmedabad,Cash on Delivery
ORD00215,2025-04-14,CUST1173,Books,Textbook,1,4547,0.25,786.33,North,Lucknow,Net Banking
ORD00216,2025-09-08,CUST0187,Clothing,Jeans,4,32468,0.2,5023.02,East,Patna,Net Banking
ORD00217,2025-08-25,CUST1378,Beauty,Shampoo,5,138625,0.14,7337.52,West,Mumbai,Debit Card
ORD00218,2025-12-25,CUST0131,Electronics,Mobile Phone,2,76800,0.02,10141.03,East,Kolkata,Net Banking
ORD00219,2025-11-25,CUST1494,Electronics,Laptop,3,81885,0.05,5996.56,West,Mumbai,Cash on Delivery
ORD00220,2025-10-04,CUST0273,Furniture,Bookshelf,4,23036,0.2,3360.65,West,Pune,Debit Card
ORD00221,2025-01-12,CUST0612,Electronics,Smart Watch,2,96400,0.29,14849.91,West,Ahmedabad,Cash on Delivery
ORD00222,2025-02-27,CUST0066,Books,Magazine,2,61374,0.1,5807.02,West,Mumbai,Cash on Delivery
ORD00223,2025-12-11,CUST1441,Books,Novel,1,7112,0.18,812.31,South,Chennai,UPI
ORD00224,2025-01-29,CUST0287,Clothing,T-Shirt,2,71746,0.07,14862.46,West,Pune,Net Banking
ORD00225,2025-03-15,CUST1353,Furniture,Chair,5,222875,0.25,16277.81,East,Patna,Net Banking
ORD00226,2025-03-31,CUST1283,Clothing,Shoes,1,36985,0.28,6016.68,East,Bhubaneswar,Cash on Delivery
ORD00227,2025-03-18,CUST0615,Books,Magazine,4,139484,0.1,16729.49,North,Jaipur,Cash on Delivery
ORD00228,2025-01-30,CUST1152,Clothing,Shoes,3,140613,0.04,19250.04,South,Chennai,Cash on Delivery
ORD00229,2025-08-19,CUST1735,Beauty,Face Cream,3,41475,0.1,2456.68,West,Mumbai,Debit Card
ORD00230,2025-02-07,CUST0386,Electronics,Smart Watch,4,178596,0.18,8480.77,North,Jaipur,Net Banking
ORD00231,2025-04-08,CUST1971,Books,Comics,3,61107,0.29,2302.35,West,Mumbai,UPI
ORD00232,2025-08-27,CUST1093,Beauty,Face Cream,2,73362,0.1,7039.13,South,Bangalore,Debit Card
ORD00233,2025-08-29,CUST1560,Furniture,Table,4,124160,0.03,29658.82,East,Patna,Debit Card
ORD00234,2025-01-09,CUST0535,Clothing,Dress,1,37365,0.26,5481.65,East,Bhubaneswar,Net Banking
ORD00235,2025-05-06,CUST1023,Books,Magazine,2,44236,0.07,6745.14,East,Kolkata,Net Banking
ORD00236,2025-03-28,CUST0287,Furniture,Table,4,122800,0.05,24381.37,West,Ahmedabad,Net Banking
ORD00237,2025-01-04,CUST0845,Beauty,Face Cream,1,5371,0.28,710.17,North,Lucknow,Credit Card
ORD00238,2025-11-23,CUST1366,Clothing,T-Shirt,2,67286,0.14,3592.9,South,Chennai,Net Banking
ORD00239,2025-05-21,CUST1098,Beauty,Perfume,5,183260,0.12,8602.92,North,Delhi,Debit Card
ORD00240,2025-09-27,CUST0517,Electronics,Mobile Phone,1,34866,0.04,2958.41,South,Chennai,Debit Card
ORD00241,2025-04-26,CUST0615,Furniture,Bookshelf,4,122320,0.17,25183.08,North,Jaipur,UPI
ORD00242,2025-12-26,CUST0351,Electronics,Laptop,4,146884,0.14,22402.85,West,Pune,UPI
ORD00243,2025-12-21,CUST1818,Beauty,Perfume,1,35113,0.28,2425.83,East,Patna,Net Banking
ORD00244,2025-06-11,CUST0033,Beauty,Face Wash,3,108264,0.17,5084.26,North,Delhi,Credit Card
ORD00245,2025-07-19,CUST1387,Books,Comics,3,33438,0.17,4533.24,West,Mumbai,Net Banking
ORD00246,2025-02-20,CUST0896,Furniture,Bookshelf,1,33319,0.22,3097.14,South,Hyderabad,Credit Card
ORD00247,2025-09-09,CUST0468,Electronics,Headphones,1,42057,0.08,9615.74,West,Pune,Debit Card
ORD00248,2025-06-01,CUST1635,Books,Magazine,5,218985,0.11,39843.4,West,Mumbai,Credit Card
ORD00249,2025-07-19,CUST0649,Electronics,Laptop,4,188560,0.24,11587.03,East,Kolkata,Debit Card
ORD00250,2025-02-14,CUST0384,Electronics,Laptop,4,96348,0.23,5226.27,North,Jaipur,Cash on Delivery
ORD00251,2025-06-16,CUST1769,Beauty,Perfume,1,23694,0.17,3331.13,North,Delhi,Cash on Delivery
ORD00252,2025-05-05,CUST1172,Electronics,Headphones,1,48003,0.27,8096.2,West,Pune,Net Banking
ORD00253,2025-03-27,CUST0891,Clothing,Shoes,3,60702,0.08,4422.26,South,Chennai,Debit Card
ORD00254,2025-09-11,CUST1217,Beauty,Face Wash,3,50985,0.28,7128.19,West,Mumbai,Net Banking
ORD00255,2025-11-14,CUST0779,Clothing,Shoes,3,2829,0.28,237.18,North,Delhi,Debit Card
ORD00256,2025-12-22,CUST0412,Beauty,Face Wash,5,47105,0.09,7314.67,West,Ahmedabad,Cash on Delivery
ORD00257,2025-10-22,CUST1602,Furniture,Chair,3,145980,0.21,17091.22,West,Pune,Credit Card
ORD00258,2025-10-07,CUST0369,Furniture,Bookshelf,3,23889,0.28,1547.32,East,Bhubaneswar,Net Banking
ORD00259,2025-07-29,CUST1379,Electronics,Mobile Phone,3,137715,0.02,29631.65,South,Bangalore,Cash on Delivery
ORD00260,2025-08-18,CUST1225,Clothing,Dress,2,94746,0.13,10336.45,South,Bangalore,Cash on Delivery
ORD00261,2025-11-01,CUST1307,Books,Magazine,1,24062,0.21,4038.64,West,Ahmedabad,UPI
ORD00262,2025-11-28,CUST0819,Electronics,Smart Watch,5,17015,0.17,2528.01,East,Kolkata,Debit Card
ORD00263,2025-10-25,CUST1409,Beauty,Shampoo,3,45147,0.15,5900.52,North,Delhi,Net Banking
ORD00264,2025-06-26,CUST0051,Clothing,Shoes,4,180140,0.18,22170.98,East,Bhubaneswar,Cash on Delivery
ORD00265,2025-08-22,CUST1607,Electronics,Headphones,1,48351,0.04,5216.25,West,Mumbai,Credit Card
ORD00266,2025-02-04,CUST0615,Books,Magazine,1,29215,0.22,3201.43,East,Bhubaneswar,UPI
ORD00267,2025-05-05,CUST1057,Electronics,Laptop,1,44877,0.24,8048.61,East,Patna,Credit Card
ORD00268,2025-04-05,CUST0382,Books,Comics,4,123124,0.07,15001.28,East,Patna,Cash on Delivery
ORD00269,2025-04-16,CUST0571,Beauty,Shampoo,5,143255,0.12,24071.63,South,Bangalore,UPI
ORD00270,2025-09-08,CUST1081,Books,Novel,3,40245,0.14,3546.58,South,Bangalore,Debit Card
ORD00271,2025-03-30,CUST1667,Books,Magazine,1,23301,0.11,2935.91,West,Ahmedabad,Debit Card
ORD00272,2025-12-22,CUST0290,Books,Novel,1,16135,0.09,1271.67,South,Bangalore,Net Banking
ORD00273,2025-12-22,CUST1883,Beauty,Perfume,4,112896,0.06,18794.28,South,Hyderabad,Credit Card
ORD00274,2025-01-28,CUST1773,Books,Comics,2,25522,0.09,3256.15,West,Pune,Debit Card
ORD00275,2025-12-17,CUST1008,Electronics,Mobile Phone,4,149212,0.15,18896.93,South,Chennai,Cash on Delivery
ORD00276,2025-01-17,CUST0563,Beauty,Perfume,5,12610,0.24,901.87,South,Chennai,Credit Card
ORD00277,2025-09-19,CUST0232,Books,Textbook,5,245805,0.23,28213.07,South,Bangalore,Net Banking
ORD00278,2025-08-06,CUST0210,Electronics,Headphones,1,47619,0.13,3882.2,East,Patna,Credit Card
ORD00279,2025-05-02,CUST0430,Furniture,Sofa,3,18600,0.13,4025.94,West,Pune,Net Banking
ORD00280,2025-10-19,CUST0719,Furniture,Bookshelf,2,28082,0.24,4505.11,South,Hyderabad,Net Banking
ORD00281,2025-09-21,CUST1844,Furniture,Chair,3,58383,0.17,11653.13,East,Patna,UPI
ORD00282,2025-12-31,CUST0660,Clothing,Shoes,2,92936,0.26,6872.82,North,Jaipur,Credit Card
ORD00283,2025-11-21,CUST1628,Beauty,Perfume,3,124932,0.12,15435.42,South,Hyderabad,UPI
ORD00284,2025-02-17,CUST1497,Beauty,Face Wash,4,87796,0.17,16307.11,East,Bhubaneswar,Cash on Delivery
ORD00285,2025-05-26,CUST0692,Furniture,Sofa,4,57532,0.15,5602.87,West,Mumbai,Net Banking
ORD00286,2025-08-24,CUST0034,Books,Comics,1,3510,0.03,704.02,West,Pune,UPI
ORD00287,2025-11-29,CUST0619,Clothing,Shoes,4,55036,0.3,8933.28,West,Mumbai,Credit Card
ORD00288,2025-01-27,CUST0812,Furniture,Sofa,1,24869,0.2,3576.8,East,Bhubaneswar,Debit Card
ORD00289,2025-10-31,CUST0464,Clothing,Shoes,1,571,0.06,35.2,North,Lucknow,Net Banking
ORD00290,2025-03-09,CUST0979,Beauty,Shampoo,3,25209,0.3,2372.77,North,Lucknow,UPI
ORD00291,2025-03-12,CUST0784,Clothing,Shoes,1,7263,0.09,1495.02,North,Lucknow,Credit Card
ORD00292,2025-03-19,CUST1884,Clothing,T-Shirt,2,58684,0.11,4836.96,North,Lucknow,Cash on Delivery
ORD00293,2025-07-16,CUST0720,Books,Magazine,1,9675,0.23,1250.92,South,Chennai,Cash on Delivery
ORD00294,2025-11-08,CUST0584,Furniture,Chair,1,16763,0.17,2365.28,South,Bangalore,UPI
ORD00295,2025-05-03,CUST1014,Furniture,Chair,4,79472,0.19,13309.64,South,Hyderabad,Cash on Delivery
ORD00296,2025-07-04,CUST1913,Electronics,Smart Watch,5,25765,0.16,5314.11,West,Ahmedabad,Debit Card
ORD00297,2025-02-07,CUST0035,Clothing,Shoes,5,226285,0.05,30999.41,West,Pune,Net Banking
ORD00298,2025-05-27,CUST1288,Electronics,Laptop,1,4462,0.28,416.34,East,Kolkata,Net Banking
ORD00299,2025-06-08,CUST0162,Beauty,Perfume,5,178675,0.18,15456.23,West,Mumbai,Net Banking
ORD00300,2025-11-26,CUST0136,Clothing,Jeans,5,210345,0.23,29148.62,East,Bhubaneswar,Debit Card
ORD00301,2025-01-29,CUST0634,Beauty,Face Cream,1,28974,0.03,4846.93,North,Delhi,Credit Card
ORD00302,2025-09-22,CUST1604,Electronics,Laptop,1,11236,0.15,1139.78,South,Hyderabad,Debit Card
ORD00303,2025-01-16,CUST0687,Clothing,Dress,3,145599,0.27,21713.01,South,Hyderabad,Cash on Delivery
ORD00304,2025-07-04,CUST0114,Furniture,Sofa,5,208125,0.02,28766.78,East,Patna,Cash on Delivery
ORD00305,2025-03-01,CUST0468,Books,Comics,3,21729,0.27,2931.71,East,Kolkata,Net Banking
ORD00306,2025-04-02,CUST1908,Electronics,Laptop,1,31417,0.11,6544.17,North,Delhi,UPI
ORD00307,2025-02-09,CUST1171,Books,Magazine,2,55558,0.27,4623.01,South,Bangalore,Debit Card
ORD00308,2025-08-27,CUST1774,Electronics,Laptop,5,17545,0.29,794.57,South,Chennai,Debit Card
ORD00309,2025-06-05,CUST1515,Furniture,Table,4,4088,0.11,394.1,North,Lucknow,Net Banking
ORD00310,2025-05-06,CUST0309,Clothing,Shoes,4,53228,0.22,6614.28,East,Patna,UPI
ORD00311,2025-06-21,CUST0003,Beauty,Shampoo,3,126531,0.25,21393.84,South,Hyderabad,Cash on Delivery
ORD00312,2025-03-14,CUST1458,Furniture,Sofa,2,56026,0.15,2951.57,South,Hyderabad,Debit Card
ORD00313,2025-02-13,CUST1190,Electronics,Laptop,4,185720,0.27,19209.92,South,Hyderabad,UPI
ORD00314,2025-03-08,CUST0485,Books,Comics,5,188560,0.02,33721.88,West,Mumbai,Debit Card
ORD00315,2025-04-14,CUST0279,Furniture,Table,3,64032,0.14,5326.25,West,Ahmedabad,Net Banking
ORD00316,2025-07-03,CUST1976,Electronics,Smart Watch,4,124172,0.09,8378.39,North,Delhi,Credit Card
ORD00317,2025-12-27,CUST1428,Beauty,Face Wash,1,6425,0.05,1142.69,West,Pune,Net Banking
ORD00318,2025-09-20,CUST0101,Electronics,Smart Watch,1,47106,0.07,5307.35,East,Kolkata,Debit Card
ORD00319,2025-08-25,CUST0209,Furniture,Chair,4,147736,0.22,11520.01,North,Jaipur,Credit Card
ORD00320,2025-11-19,CUST1921,Electronics,Laptop,2,26968,0.25,2517.08,North,Delhi,UPI
ORD00321,2025-03-07,CUST0189,Books,Textbook,1,13459,0.27,1362.6,North,Delhi,Debit Card
ORD00322,2025-09-12,CUST0061,Electronics,Laptop,2,76220,0.13,12923.17,West,Mumbai,Cash on Delivery
ORD00323,2025-01-18,CUST1258,Beauty,Face Cream,2,37042,0.08,7725.11,East,Kolkata,Net Banking
ORD00324,2025-07-16,CUST0282,Books,Comics,4,146356,0.14,8501.54,East,Bhubaneswar,Cash on Delivery
ORD00325,2025-10-17,CUST1029,Clothing,Jeans,3,95808,0.16,11825.21,North,Jaipur,Debit Card
ORD00326,2025-05-24,CUST0120,Beauty,Face Wash,3,118896,0.07,25338.19,South,Chennai,Cash on Delivery
ORD00327,2025-01-29,CUST1565,Books,Textbook,1,16743,0.2,1383.71,South,Chennai,Credit Card
ORD00328,2025-12-24,CUST0735,Books,Magazine,2,32004,0.18,5543.68,East,Kolkata,Net Banking
ORD00329,2025-01-20,CUST0185,Electronics,Headphones,2,65516,0.16,4683.97,South,Hyderabad,UPI
ORD00330,2025-03-08,CUST0698,Clothing,Jeans,4,2176,0.1,338.46,North,Lucknow,Credit Card
ORD00331,2025-09-27,CUST1763,Furniture,Sofa,5,233410,0.28,34430.02,North,Delhi,Debit Card
ORD00332,2025-03-22,CUST1500,Electronics,Headphones,1,22556,0.09,1586.46,West,Ahmedabad,Cash on Delivery
ORD00333,2025-07-02,CUST0458,Beauty,Face Wash,5,229765,0.27,28973.71,South,Hyderabad,Net Banking
ORD00334,2025-12-26,CUST1943,Clothing,Shoes,3,26535,0.05,1269.48,East,Patna,Net Banking
ORD00335,2025-09-12,CUST0289,Beauty,Shampoo,3,121701,0.07,18461.11,South,Hyderabad,Debit Card
ORD00336,2025-12-29,CUST1373,Electronics,Smart Watch,2,84386,0.27,4173.23,East,Bhubaneswar,Debit Card
ORD00337,2025-02-25,CUST1476,Beauty,Shampoo,2,91854,0.02,9121.56,East,Kolkata,UPI
ORD00338,2025-07-13,CUST0720,Electronics,Mobile Phone,4,45604,0.27,4947.58,West,Ahmedabad,Net Banking
ORD00339,2025-01-18,CUST0604,Beauty,Shampoo,2,22318,0.14,4027.54,West,Ahmedabad,UPI
ORD00340,2025-02-08,CUST1121,Furniture,Table,3,34944,0.27,2096.36,North,Delhi,UPI
ORD00341,2025-02-21,CUST0679,Furniture,Bookshelf,2,80602,0.27,4790.75,North,Jaipur,Credit Card
ORD00342,2025-10-20,CUST1126,Clothing,Shoes,3,59970,0.07,3342.26,East,Patna,Cash on Delivery
ORD00343,2025-11-04,CUST0984,Clothing,T-Shirt,4,24968,0.09,4144.38,East,Kolkata,Credit Card
ORD00344,2025-07-23,CUST0965,Electronics,Laptop,3,17607,0.14,1106.91,South,Chennai,Cash on Delivery
ORD00345,2025-05-15,CUST0901,Furniture,Sofa,3,76494,0.11,9473.63,West,Mumbai,Cash on Delivery
ORD00346,2025-02-13,CUST1369,Furniture,Chair,1,10404,0.23,1469.98,East,Patna,Debit Card
ORD00347,2025-10-02,CUST1408,Books,Magazine,1,25869,0.25,2594.53,South,Hyderabad,Cash on Delivery
ORD00348,2025-09-15,CUST1170,Books,Comics,1,26373,0.27,3713.02,West,Pune,Net Banking
ORD00349,2025-03-06,CUST0088,Books,Comics,2,22910,0.29,3443.41,North,Jaipur,Cash on Delivery
ORD00350,2025-02-04,CUST0179,Electronics,Mobile Phone,2,78994,0.08,16872.17,South,Hyderabad,Cash on Delivery
ORD00351,2025-12-25,CUST1277,Books,Magazine,5,152625,0.28,5766.23,East,Bhubaneswar,Net Banking
ORD00352,2025-02-21,CUST1895,Books,Magazine,2,20424,0.17,2823.1,North,Jaipur,UPI
ORD00353,2025-10-20,CUST1248,Books,Novel,3,82284,0.08,13698.72,East,Patna,Cash on Delivery
ORD00354,2025-01-20,CUST0811,Electronics,Smart Watch,2,82034,0.18,12695.62,East,Bhubaneswar,Debit Card
ORD00355,2025-06-09,CUST0575,Clothing,T-Shirt,3,5475,0.1,1028.52,West,Pune,Cash on Delivery
ORD00356,2025-11-27,CUST0183,Electronics,Smart Watch,4,86112,0.08,10564.75,South,Bangalore,Credit Card
ORD00357,2025-09-21,CUST1621,Beauty,Face Cream,4,137396,0.26,21778.72,West,Ahmedabad,Credit Card
ORD00358,2025-04-13,CUST1715,Electronics,Headphones,5,188840,0.01,16555.07,West,Mumbai,UPI
ORD00359,2025-08-26,CUST1035,Clothing,T-Shirt,3,140034,0.06,16278.98,West,Mumbai,Cash on Delivery
ORD00360,2025-08-31,CUST1202,Electronics,Laptop,4,157724,0.13,33221.49,South,Bangalore,Net Banking
ORD00361,2025-10-20,CUST1598,Furniture,Table,1,19182,0.01,1138.09,South,Bangalore,Credit Card
ORD00362,2025-12-16,CUST0019,Clothing,Jeans,4,136552,0.01,27856.63,South,Bangalore,Cash on Delivery
ORD00363,2025-12-30,CUST1317,Clothing,Jeans,3,121104,0.24,10224.8,North,Delhi,Debit Card
ORD00364,2025-11-16,CUST0814,Beauty,Perfume,3,44400,0.14,7080.81,East,Bhubaneswar,Net Banking
ORD00365,2025-09-04,CUST0131,Electronics,Laptop,5,202070,0.08,34742.3,East,Patna,Debit Card
ORD00366,2025-01-30,CUST1650,Furniture,Table,3,38532,0.04,7512.63,East,Bhubaneswar,Net Banking
ORD00367,2025-08-03,CUST0829,Beauty,Face Wash,1,43452,0.15,4030.29,South,Hyderabad,Cash on Delivery
ORD00368,2025-12-10,CUST0735,Electronics,Smart Watch,2,90956,0.16,15813.86,East,Patna,Net Banking
ORD00369,2025-10-14,CUST1563,Furniture,Chair,1,31353,0.04,3061.97,South,Bangalore,Credit Card
ORD00370,2025-06-19,CUST0762,Furniture,Sofa,2,98544,0.26,9778.52,South,Bangalore,Debit Card
ORD00371,2025-11-14,CUST0146,Books,Textbook,4,16068,0.26,1982.29,West,Mumbai,Cash on Delivery
ORD00372,2025-03-12,CUST0411,Clothing,T-Shirt,3,82719,0.02,17902.96,West,Ahmedabad,Debit Card
ORD00373,2025-04-01,CUST0642,Beauty,Perfume,2,11592,0.15,1736.2,South,Bangalore,UPI
ORD00374,2025-02-15,CUST0266,Electronics,Mobile Phone,2,76534,0.23,8716.83,East,Kolkata,Net Banking
ORD00375,2025-07-11,CUST1946,Beauty,Perfume,4,102484,0.0,16065.04,West,Pune,UPI
ORD00376,2025-06-26,CUST0640,Furniture,Chair,1,41570,0.22,3088.55,North,Lucknow,Credit Card
ORD00377,2025-09-24,CUST1222,Electronics,Mobile Phone,1,3496,0.09,344.11,East,Kolkata,Net Banking
ORD00378,2025-07-26,CUST0040,Furniture,Bookshelf,4,96172,0.23,6144.63,South,Bangalore,Credit Card
ORD00379,2025-12-31,CUST1333,Clothing,Jeans,1,39146,0.15,2483.33,South,Hyderabad,UPI
ORD00380,2025-01-25,CUST1413,Beauty,Face Wash,1,43882,0.03,9246.26,North,Lucknow,UPI
ORD00381,2025-12-22,CUST1405,Beauty,Perfume,5,85315,0.14,5915.56,West,Mumbai,UPI
ORD00382,2025-08-03,CUST1702,Furniture,Bookshelf,5,90965,0.19,14010.22,North,Lucknow,UPI
ORD00383,2025-05-15,CUST1703,Books,Novel,1,33119,0.06,2800.31,East,Kolkata,Net Banking
ORD00384,2025-12-19,CUST1912,Clothing,Dress,2,6164,0.16,1201.61,West,Pune,Cash on Delivery
ORD00385,2025-03-18,CUST1945,Furniture,Chair,1,7737,0.25,1066.57,North,Delhi,UPI
ORD00386,2025-08-26,CUST0103,Books,Novel,2,60866,0.3,4652.79,North,Jaipur,UPI
ORD00387,2025-01-24,CUST0020,Clothing,T-Shirt,3,85254,0.22,4588.35,East,Bhubaneswar,Credit Card
ORD00388,2025-06-25,CUST0375,Clothing,Dress,5,90415,0.26,4589.18,East,Bhubaneswar,UPI
ORD00389,2025-11-29,CUST1815,Beauty,Perfume,4,182852,0.26,28412.47,West,Pune,Credit Card
ORD00390,2025-10-19,CUST1390,Electronics,Smart Watch,1,27764,0.27,2969.93,North,Delhi,Cash on Delivery
ORD00391,2025-03-08,CUST0990,Clothing,Shoes,1,45357,0.26,6560.31,East,Patna,Cash on Delivery
ORD00392,2025-12-14,CUST1075,Electronics,Mobile Phone,1,17645,0.2,740.7,West,Mumbai,Net Banking
ORD00393,2025-12-05,CUST1489,Books,Comics,5,228020,0.21,12438.09,East,Patna,Credit Card
ORD00394,2025-03-22,CUST1036,Beauty,Face Wash,5,203335,0.02,35605.21,West,Mumbai,Cash on Delivery
ORD00395,2025-09-17,CUST0457,Beauty,Face Cream,3,48861,0.1,4645.13,North,Jaipur,Net Banking
ORD00396,2025-09-13,CUST0916,Beauty,Perfume,4,118440,0.24,12567.79,South,Chennai,Debit Card
ORD00397,2025-02-16,CUST1622,Electronics,Mobile Phone,4,110092,0.01,17418.93,North,Delhi,Net Banking
ORD00398,2025-04-25,CUST1730,Books,Textbook,4,91352,0.11,4947.71,South,Hyderabad,Cash on Delivery
ORD00399,2025-01-02,CUST0700,Furniture,Bookshelf,4,31888,0.03,5622.77,East,Patna,Debit Card
ORD00400,2025-07-29,CUST0220,Furniture,Table,2,65542,0.04,12166.98,North,Delhi,Debit Card
ORD00401,2025-06-23,CUST0221,Books,Comics,4,58512,0.14,10380.28,South,Chennai,Cash on Delivery
ORD00402,2025-09-29,CUST1508,Electronics,Laptop,5,167715,0.04,24113.24,West,Pune,UPI
ORD00403,2025-03-07,CUST0213,Books,Magazine,2,91676,0.17,14921.38,West,Ahmedabad,Cash on Delivery
ORD00404,2025-06-25,CUST1988,Books,Textbook,5,229420,0.23,18499.0,West,Pune,Debit Card
ORD00405,2025-12-26,CUST1122,Beauty,Face Cream,5,231880,0.27,25807.09,South,Bangalore,Debit Card
ORD00406,2025-12-11,CUST0272,Books,Comics,5,236585,0.09,25632.43,South,Chennai,Credit Card
ORD00407,2025-12-30,CUST0855,Books,Textbook,5,159905,0.17,31658.6,North,Jaipur,Net Banking
ORD00408,2025-01-29,CUST0410,Furniture,Bookshelf,1,2156,0.11,116.31,North,Lucknow,Debit Card
ORD00409,2025-10-05,CUST0067,Clothing,Dress,1,45758,0.24,3157.67,East,Kolkata,Debit Card
ORD00410,2025-12-23,CUST0590,Beauty,Shampoo,5,129930,0.07,24996.08,South,Hyderabad,UPI
ORD00411,2025-04-14,CUST1271,Beauty,Perfume,3,110052,0.02,21433.65,West,Ahmedabad,Cash on Delivery
ORD00412,2025-02-08,CUST0383,Clothing,Dress,2,39558,0.13,8489.97,South,Hyderabad,Credit Card
ORD00413,2025-10-27,CUST1733,Books,Novel,4,75164,0.17,4742.18,West,Mumbai,Debit Card
ORD00414,2025-01-27,CUST1585,Electronics,Headphones,2,6234,0.05,678.26,West,Ahmedabad,Net Banking
ORD00415,2025-02-04,CUST1611,Furniture,Bookshelf,3,104796,0.07,8457.0,East,Kolkata,Net Banking
ORD00416,2025-06-19,CUST0739,Clothing,Shoes,3,44988,0.27,5999.01,West,Mumbai,Debit Card
ORD00417,2025-11-15,CUST0500,Clothing,Shoes,3,89121,0.07,14790.63,North,Delhi,UPI
ORD00418,2025-09-22,CUST1684,Furniture,Bookshelf,3,107712,0.22,4615.9,North,Jaipur,Debit Card
ORD00419,2025-02-19,CUST0343,Books,Magazine,3,129594,0.06,18611.28,West,Mumbai,Net Banking
ORD00420,2025-10-03,CUST1698,Books,Novel,2,90836,0.13,5593.98,North,Delhi,Cash on Delivery
ORD00421,2025-05-09,CUST1143,Electronics,Smart Watch,3,8946,0.03,528.06,North,Jaipur,UPI
ORD00422,2025-01-09,CUST0798,Books,Comics,4,120256,0.19,13306.33,East,Bhubaneswar,UPI
ORD00423,2025-09-15,CUST0218,Books,Novel,5,17410,0.21,887.37,North,Lucknow,Debit Card
ORD00424,2025-03-22,CUST1093,Furniture,Sofa,4,105576,0.25,4447.16,East,Bhubaneswar,Credit Card
ORD00425,2025-11-28,CUST0765,Clothing,Shoes,2,40066,0.2,7462.97,East,Patna,UPI
ORD00426,2025-02-13,CUST0625,Books,Comics,1,38033,0.18,4909.79,North,Delhi,Credit Card
ORD00427,2025-05-10,CUST0398,Furniture,Chair,5,49175,0.05,4398.69,West,Ahmedabad,UPI
ORD00428,2025-02-20,CUST0405,Clothing,T-Shirt,5,26465,0.09,1528.62,West,Ahmedabad,Net Banking
ORD00429,2025-04-10,CUST0651,Beauty,Face Wash,2,14112,0.09,821.39,East,Kolkata,Cash on Delivery
ORD00430,2025-06-11,CUST1964,Beauty,Face Wash,5,52435,0.17,5348.68,East,Patna,Cash on Delivery
ORD00431,2025-07-04,CUST0276,Clothing,T-Shirt,2,94348,0.22,10098.57,East,Kolkata,Debit Card
ORD00432,2025-11-07,CUST0168,Beauty,Perfume,3,97242,0.17,6872.86,West,Pune,Debit Card
ORD00433,2025-09-17,CUST1294,Clothing,Jeans,1,48172,0.02,2536.33,East,Patna,UPI
ORD00434,2025-08-30,CUST1340,Books,Magazine,5,87895,0.16,18439.17,South,Chennai,Credit Card
ORD00435,2025-07-23,CUST0746,Furniture,Bookshelf,3,27822,0.14,3638.86,South,Hyderabad,Net Banking
ORD00436,2025-10-17,CUST1351,Electronics,Smart Watch,2,59486,0.05,9226.75,South,Hyderabad,Credit Card
ORD00437,2025-01-22,CUST1370,Beauty,Face Wash,4,62748,0.02,7618.19,North,Delhi,Credit Card
ORD00438,2025-02-22,CUST1442,Books,Textbook,4,14172,0.01,2521.31,West,Pune,Net Banking
ORD00439,2025-02-09,CUST1059,Furniture,Table,4,97760,0.18,18409.1,South,Bangalore,Debit Card
ORD00440,2025-01-04,CUST1028,Beauty,Face Cream,3,97218,0.24,16804.14,West,Pune,Credit Card
ORD00441,2025-03-22,CUST0742,Beauty,Face Cream,5,213350,0.08,15712.0,South,Chennai,Net Banking
ORD00442,2025-10-30,CUST0331,Electronics,Smart Watch,1,32056,0.2,3739.12,West,Pune,Cash on Delivery
ORD00443,2025-01-21,CUST1825,Electronics,Smart Watch,5,196600,0.05,32854.35,North,Delhi,Net Banking
ORD00444,2025-10-16,CUST1306,Clothing,T-Shirt,2,68716,0.29,8287.75,South,Bangalore,UPI
ORD00445,2025-07-30,CUST1231,Furniture,Sofa,5,156970,0.26,9770.42,South,Bangalore,Credit Card
ORD00446,2025-07-13,CUST0790,Books,Comics,3,90654,0.18,4740.32,East,Kolkata,Credit Card
ORD00447,2025-02-19,CUST0364,Electronics,Laptop,5,226750,0.13,15764.49,South,Hyderabad,Cash on Delivery
ORD00448,2025-01-01,CUST1837,Books,Novel,4,174852,0.04,28652.5,North,Delhi,Cash on Delivery
ORD00449,2025-07-15,CUST0718,Books,Magazine,5,143060,0.07,28000.82,East,Kolkata,Net Banking
ORD00450,2025-02-12,CUST0581,Books,Novel,3,95307,0.23,17026.9,West,Mumbai,Net Banking
ORD00451,2025-09-25,CUST0242,Books,Magazine,1,46974,0.22,1884.12,East,Kolkata,Net Banking
ORD00452,2025-11-30,CUST1199,Electronics,Mobile Phone,3,81882,0.11,5899.65,South,Hyderabad,Debit Card
ORD00453,2025-10-10,CUST1606,Furniture,Bookshelf,3,135312,0.12,10804.67,East,Patna,Net Banking
ORD00454,2025-06-26,CUST1586,Beauty,Face Cream,5,161015,0.08,16491.83,East,Patna,Cash on Delivery
ORD00455,2025-06-23,CUST1641,Clothing,T-Shirt,2,14142,0.06,1729.64,South,Bangalore,Net Banking
ORD00456,2025-11-04,CUST0892,Books,Novel,1,6469,0.25,700.27,South,Bangalore,UPI
ORD00457,2025-07-25,CUST1258,Electronics,Headphones,1,40413,0.01,5075.73,South,Bangalore,Net Banking
ORD00458,2025-09-23,CUST0586,Furniture,Sofa,4,117072,0.0,25769.13,South,Hyderabad,Credit Card
ORD00459,2025-03-22,CUST0178,Electronics,Smart Watch,1,24075,0.07,1120.77,South,Hyderabad,Debit Card
ORD00460,2025-02-05,CUST1883,Beauty,Face Wash,5,68135,0.16,11297.02,West,Pune,UPI
ORD00461,2025-07-26,CUST1178,Books,Textbook,3,45990,0.18,3352.77,East,Bhubaneswar,UPI
ORD00462,2025-03-01,CUST1645,Furniture,Chair,1,37110,0.02,3958.65,West,Ahmedabad,Net Banking
ORD00463,2025-08-23,CUST1396,Furniture,Table,5,160975,0.23,24975.41,West,Pune,Cash on Delivery
ORD00464,2025-04-23,CUST1387,Books,Novel,3,14781,0.11,2732.72,West,Mumbai,Credit Card
ORD00465,2025-05-28,CUST0191,Furniture,Bookshelf,5,5685,0.21,461.11,East,Patna,Cash on Delivery
ORD00466,2025-04-04,CUST1940,Furniture,Sofa,3,71007,0.07,10879.02,South,Bangalore,Credit Card
ORD00467,2025-05-08,CUST1713,Beauty,Face Cream,2,35786,0.06,3046.11,South,Hyderabad,Net Banking
ORD00468,2025-01-04,CUST1566,Furniture,Chair,1,44790,0.29,4723.48,North,Delhi,Net Banking
ORD00469,2025-10-22,CUST1780,Electronics,Mobile Phone,3,98298,0.27,16231.37,East,Patna,Debit Card
ORD00470,2025-08-05,CUST0980,Beauty,Face Cream,2,99326,0.17,5014.83,East,Bhubaneswar,Net Banking
ORD00471,2025-08-24,CUST0647,Electronics,Headphones,2,60924,0.29,8203.46,West,Ahmedabad,UPI
ORD00472,2025-04-06,CUST1124,Electronics,Smart Watch,1,21827,0.11,4319.74,West,Ahmedabad,Debit Card
ORD00473,2025-08-03,CUST1436,Clothing,Dress,3,73443,0.06,9305.32,West,Ahmedabad,Debit Card
ORD00474,2025-04-28,CUST1668,Furniture,Bookshelf,2,75894,0.04,12034.62,East,Bhubaneswar,UPI
ORD00475,2025-08-31,CUST1651,Furniture,Chair,2,20116,0.24,3022.6,West,Pune,UPI
ORD00476,2025-06-03,CUST0514,Clothing,Shoes,5,177475,0.22,28664.33,West,Mumbai,Net Banking
ORD00477,2025-11-19,CUST0198,Books,Novel,2,8868,0.06,840.74,West,Mumbai,Cash on Delivery
ORD00478,2025-01-11,CUST0844,Furniture,Table,5,185175,0.28,13538.32,East,Bhubaneswar,UPI
ORD00479,2025-08-17,CUST1822,Furniture,Chair,3,65415,0.2,7718.9,South,Bangalore,UPI
ORD00480,2025-08-04,CUST1293,Beauty,Face Wash,2,22964,0.19,4384.47,West,Ahmedabad,Net Banking
ORD00481,2025-05-30,CUST1455,Books,Magazine,2,46038,0.07,4854.22,North,Delhi,Debit Card
ORD00482,2025-07-31,CUST0343,Books,Magazine,3,148542,0.18,29611.29,East,Bhubaneswar,Credit Card
ORD00483,2025-03-27,CUST0814,Electronics,Smart Watch,3,147750,0.21,7705.2,South,Hyderabad,UPI
ORD00484,2025-02-12,CUST0213,Electronics,Laptop,1,2227,0.23,265.44,West,Ahmedabad,Debit Card
ORD00485,2025-08-15,CUST1284,Books,Comics,4,83096,0.07,15264.1,North,Lucknow,Credit Card
ORD00486,2025-10-04,CUST1915,Clothing,Jeans,3,65436,0.26,6945.68,North,Delhi,Debit Card
ORD00487,2025-11-22,CUST1797,Books,Magazine,5,60510,0.18,7011.48,South,Hyderabad,Net Banking
ORD00488,2025-07-07,CUST0845,Beauty,Face Wash,5,76925,0.24,8089.65,East,Bhubaneswar,Debit Card
ORD00489,2025-01-05,CUST1409,Clothing,Dress,5,47160,0.1,6105.13,North,Delhi,Cash on Delivery
ORD00490,2025-07-11,CUST0387,Beauty,Face Wash,3,118875,0.07,5687.28,North,Jaipur,Cash on Delivery
ORD00491,2025-07-13,CUST0452,Books,Magazine,2,94708,0.22,9451.56,West,Mumbai,Debit Card
ORD00492,2025-09-30,CUST1657,Electronics,Mobile Phone,5,229885,0.21,19420.44,South,Hyderabad,Debit Card
ORD00493,2025-08-20,CUST0558,Beauty,Face Cream,2,38956,0.03,5330.6,North,Delhi,Net Banking
ORD00494,2025-02-22,CUST0578,Beauty,Face Cream,2,7504,0.29,289.97,East,Kolkata,Debit Card
ORD00495,2025-08-04,CUST0639,Clothing,Shoes,1,10375,0.0,969.42,North,Delhi,Cash on Delivery
ORD00496,2025-07-20,CUST0147,Furniture,Bookshelf,1,49689,0.29,2159.36,North,Jaipur,Net Banking
ORD00497,2025-05-08,CUST0789,Beauty,Face Cream,4,5304,0.04,1036.85,South,Bangalore,Cash on Delivery
ORD00498,2025-07-19,CUST1396,Clothing,T-Shirt,1,34653,0.2,2541.85,South,Bangalore,Debit Card
ORD00499,2025-06-02,CUST0407,Furniture,Chair,5,173195,0.04,24315.9,North,Lucknow,Debit Card
ORD00500,2025-10-27,CUST0246,Electronics,Smart Watch,4,87068,0.0,18186.6,North,Delhi,Cash on Delivery
ORD00501,2025-02-15,CUST0510,Clothing,T-Shirt,4,182460,0.18,18594.39,North,Lucknow,Credit Card
ORD00502,2025-10-02,CUST1621,Beauty,Shampoo,1,4417,0.11,317.57,East,Patna,UPI
ORD00503,2025-08-13,CUST1502,Clothing,Shoes,5,213735,0.23,34742.82,South,Bangalore,Credit Card
ORD00504,2025-08-13,CUST1145,Electronics,Mobile Phone,2,33858,0.27,3634.8,East,Patna,Debit Card
ORD00505,2025-05-21,CUST1777,Books,Magazine,2,72252,0.1,12776.5,South,Hyderabad,Net Banking
ORD00506,2025-07-07,CUST0930,Books,Comics,2,59900,0.09,5596.43,North,Lucknow,UPI
ORD00507,2025-02-02,CUST1349,Books,Magazine,5,121800,0.23,9168.27,South,Chennai,Net Banking
ORD00508,2025-06-14,CUST0227,Beauty,Face Cream,2,81352,0.08,9876.46,West,Ahmedabad,UPI
ORD00509,2025-02-20,CUST0066,Books,Novel,2,5098,0.06,704.8,North,Delhi,Net Banking
ORD00510,2025-04-17,CUST1343,Beauty,Perfume,3,44895,0.18,2362.52,East,Kolkata,Cash on Delivery
ORD00511,2025-07-08,CUST1627,Electronics,Mobile Phone,5,246120,0.28,23602.23,North,Jaipur,UPI
ORD00512,2025-09-23,CUST0199,Books,Textbook,1,20416,0.02,1864.32,North,Lucknow,UPI
ORD00513,2025-04-02,CUST1144,Clothing,Shoes,5,217745,0.07,35451.16,South,Chennai,Net Banking
ORD00514,2025-03-27,CUST1623,Beauty,Shampoo,4,186168,0.2,33743.29,East,Patna,Credit Card
ORD00515,2025-06-30,CUST1849,Books,Magazine,2,70978,0.3,6886.41,East,Patna,Debit Card
ORD00516,2025-10-07,CUST0439,Books,Textbook,4,192280,0.1,16984.1,East,Bhubaneswar,Cash on Delivery
ORD00517,2025-05-26,CUST1221,Books,Textbook,4,106092,0.0,6040.09,East,Bhubaneswar,UPI
ORD00518,2025-12-20,CUST1685,Books,Comics,3,45123,0.06,4792.16,East,Kolkata,Debit Card
ORD00519,2025-10-26,CUST0512,Books,Comics,4,95232,0.05,9318.24,North,Delhi,Credit Card
ORD00520,2025-06-16,CUST1624,Furniture,Table,4,151176,0.28,21426.82,North,Lucknow,Cash on Delivery
ORD00521,2025-02-10,CUST1598,Clothing,Shoes,3,8847,0.22,1140.38,North,Lucknow,UPI
ORD00522,2025-01-06,CUST1299,Furniture,Table,1,15358,0.22,2634.18,West,Pune,Cash on Delivery
ORD00523,2025-04-24,CUST0314,Electronics,Headphones,5,187610,0.04,27102.35,North,Jaipur,UPI
ORD00524,2025-06-22,CUST0170,Beauty,Perfume,4,77964,0.24,4716.66,North,Delhi,Cash on Delivery
ORD00525,2025-03-08,CUST1561,Books,Novel,1,26617,0.15,4632.7,West,Pune,Credit Card
ORD00526,2025-09-26,CUST0505,Beauty,Face Cream,5,66755,0.17,13819.29,West,Pune,Credit Card
ORD00527,2025-07-07,CUST0714,Electronics,Headphones,5,31855,0.03,4100.85,West,Pune,Credit Card
ORD00528,2025-08-15,CUST1277,Furniture,Table,2,46838,0.18,9526.2,North,Jaipur,Credit Card
ORD00529,2025-02-27,CUST1515,Beauty,Shampoo,3,32169,0.23,5463.12,South,Chennai,UPI
ORD00530,2025-08-30,CUST0047,Clothing,Jeans,3,137904,0.24,11636.06,East,Kolkata,Debit Card
ORD00531,2025-03-14,CUST1424,Clothing,Jeans,5,248375,0.08,33500.04,South,Hyderabad,UPI
ORD00532,2025-05-19,CUST0109,Beauty,Shampoo,1,19113,0.06,3401.1,East,Kolkata,Cash on Delivery
ORD00533,2025-02-25,CUST0040,Electronics,Laptop,3,131847,0.26,17759.11,West,Ahmedabad,Debit Card
ORD00534,2025-02-15,CUST0382,Beauty,Face Cream,1,21173,0.15,3049.08,West,Ahmedabad,Credit Card
ORD00535,2025-03-22,CUST0038,Books,Magazine,2,70390,0.09,9479.26,North,Delhi,Debit Card
ORD00536,2025-07-18,CUST1824,Furniture,Table,5,92895,0.24,12366.22,East,Kolkata,UPI
ORD00537,2025-07-15,CUST1067,Books,Textbook,3,78735,0.2,4255.41,South,Chennai,Net Banking
ORD00538,2025-06-18,CUST0920,Clothing,Shoes,2,56896,0.29,9369.77,South,Hyderabad,Net Banking
ORD00539,2025-06-08,CUST1411,Clothing,Jeans,5,226645,0.24,38328.69,South,Hyderabad,Net Banking
ORD00540,2025-03-02,CUST0378,Clothing,Shoes,5,54285,0.1,7888.76,South,Hyderabad,Debit Card
ORD00541,2025-11-23,CUST1912,Clothing,T-Shirt,4,81520,0.13,16791.14,East,Bhubaneswar,Debit Card
ORD00542,2025-05-17,CUST1241,Clothing,Jeans,2,4432,0.23,588.33,North,Delhi,Net Banking
ORD00543,2025-03-10,CUST1029,Books,Comics,1,24044,0.02,4853.18,South,Chennai,Net Banking
ORD00544,2025-01-17,CUST0837,Beauty,Face Wash,4,126216,0.04,10741.72,South,Bangalore,UPI
ORD00545,2025-08-13,CUST1776,Furniture,Bookshelf,2,27812,0.02,6416.57,South,Hyderabad,Net Banking
ORD00546,2025-07-14,CUST1475,Beauty,Face Wash,4,108132,0.23,14286.53,West,Mumbai,Debit Card
ORD00547,2025-10-03,CUST0811,Beauty,Shampoo,4,13116,0.26,962.28,North,Jaipur,UPI
ORD00548,2025-05-27,CUST0945,Books,Magazine,3,87918,0.12,8580.93,North,Delhi,Credit Card
ORD00549,2025-02-16,CUST1480,Beauty,Face Wash,5,49105,0.14,7568.53,North,Lucknow,Net Banking
ORD00550,2025-10-30,CUST1837,Electronics,Smart Watch,4,86792,0.14,6402.4,South,Bangalore,Credit Card
ORD00551,2025-12-28,CUST0921,Beauty,Shampoo,2,95158,0.22,5064.86,East,Bhubaneswar,Debit Card
ORD00552,2025-06-21,CUST1159,Electronics,Mobile Phone,5,127215,0.01,10601.49,South,Bangalore,Credit Card
ORD00553,2025-08-17,CUST0592,Clothing,Jeans,1,27997,0.09,4994.37,South,Hyderabad,Credit Card
ORD00554,2025-09-13,CUST1114,Electronics,Smart Watch,5,85435,0.0,12774.71,South,Chennai,UPI
ORD00555,2025-02-10,CUST1232,Books,Magazine,5,218595,0.14,24820.6,South,Chennai,Net Banking
ORD00556,2025-12-01,CUST0715,Electronics,Smart Watch,5,70535,0.01,5562.02,East,Patna,UPI
ORD00557,2025-03-24,CUST1377,Clothing,T-Shirt,1,3713,0.03,895.89,East,Bhubaneswar,Debit Card
ORD00558,2025-06-03,CUST0662,Books,Comics,5,120525,0.28,5955.16,West,Ahmedabad,Debit Card
ORD00559,2025-05-21,CUST0675,Beauty,Shampoo,1,19691,0.14,1259.99,West,Ahmedabad,Net Banking
ORD00560,2025-09-28,CUST0180,Beauty,Face Cream,1,7663,0.17,1563.8,South,Hyderabad,Cash on Delivery
ORD00561,2025-07-01,CUST1899,Books,Textbook,3,52551,0.16,10991.78,West,Ahmedabad,Credit Card
ORD00562,2025-04-10,CUST0004,Books,Magazine,2,80876,0.07,8130.53,West,Pune,UPI
ORD00563,2025-06-20,CUST0717,Electronics,Mobile Phone,2,81648,0.3,7590.47,North,Lucknow,Net Banking
ORD00564,2025-09-17,CUST1127,Clothing,T-Shirt,3,51519,0.24,4367.85,South,Hyderabad,Debit Card
ORD00565,2025-03-31,CUST0398,Electronics,Laptop,4,191896,0.17,38547.82,East,Bhubaneswar,Debit Card
ORD00566,2025-10-02,CUST1835,Furniture,Bookshelf,2,64110,0.05,8655.97,West,Mumbai,Debit Card
ORD00567,2025-10-02,CUST0039,Beauty,Perfume,3,112572,0.22,9930.93,North,Lucknow,Credit Card
ORD00568,2025-07-12,CUST1284,Books,Textbook,2,37760,0.25,3336.96,East,Kolkata,Net Banking
ORD00569,2025-12-30,CUST0065,Clothing,Shoes,1,49752,0.09,10031.15,South,Hyderabad,Debit Card
ORD00570,2025-09-26,CUST0620,Beauty,Shampoo,3,90348,0.25,7489.33,West,Mumbai,Credit Card
ORD00571,2025-09-14,CUST0316,Electronics,Headphones,1,29583,0.15,5275.66,North,Delhi,Credit Card
ORD00572,2025-12-13,CUST0272,Furniture,Bookshelf,2,13878,0.25,2473.11,East,Bhubaneswar,Credit Card
ORD00573,2025-12-18,CUST1737,Electronics,Mobile Phone,5,40455,0.0,9566.29,West,Ahmedabad,Net Banking
ORD00574,2025-01-12,CUST1183,Electronics,Headphones,1,34616,0.23,5307.17,West,Mumbai,Debit Card
ORD00575,2025-12-10,CUST0241,Clothing,Dress,3,55890,0.16,9603.48,South,Chennai,Debit Card
ORD00576,2025-10-05,CUST0718,Clothing,Jeans,1,41325,0.17,2417.28,East,Kolkata,Net Banking
ORD00577,2025-11-10,CUST1828,Furniture,Table,3,114369,0.07,6833.68,South,Hyderabad,Debit Card
ORD00578,2025-07-16,CUST0111,Books,Magazine,1,31350,0.27,1375.22,North,Delhi,UPI
ORD00579,2025-08-17,CUST1263,Beauty,Perfume,5,196730,0.19,29962.02,South,Hyderabad,Debit Card
ORD00580,2025-08-27,CUST1163,Furniture,Table,5,28235,0.29,4032.4,South,Hyderabad,Credit Card
ORD00581,2025-08-29,CUST0475,Electronics,Mobile Phone,3,136071,0.19,22407.08,North,Jaipur,Credit Card
ORD00582,2025-06-16,CUST0929,Clothing,Dress,2,92698,0.28,7746.51,East,Bhubaneswar,Cash on Delivery
ORD00583,2025-06-28,CUST1238,Electronics,Laptop,3,95604,0.14,6919.61,West,Mumbai,Net Banking
ORD00584,2025-06-04,CUST1092,Clothing,T-Shirt,1,21856,0.17,1164.34,West,Ahmedabad,Cash on Delivery
ORD00585,2025-02-03,CUST0698,Beauty,Perfume,2,72820,0.05,10132.99,South,Hyderabad,Credit Card
ORD00586,2025-12-09,CUST0160,Books,Magazine,3,108558,0.21,7256.83,West,Ahmedabad,Net Banking
ORD00587,2025-07-27,CUST0143,Beauty,Shampoo,5,34495,0.25,2205.13,West,Pune,Net Banking
ORD00588,2025-10-25,CUST1850,Electronics,Mobile Phone,1,6433,0.07,465.35,East,Bhubaneswar,UPI
ORD00589,2025-04-16,CUST1396,Clothing,Jeans,3,78171,0.18,8937.62,West,Ahmedabad,Debit Card
ORD00590,2025-09-19,CUST0828,Furniture,Table,3,19053,0.17,2724.72,West,Ahmedabad,Credit Card
ORD00591,2025-07-03,CUST0225,Furniture,Sofa,1,555,0.21,93.89,East,Patna,Debit Card
ORD00592,2025-07-27,CUST0782,Electronics,Smart Watch,5,131690,0.19,20518.27,West,Ahmedabad,Cash on Delivery
ORD00593,2025-07-04,CUST1721,Books,Comics,2,25670,0.17,4658.91,South,Bangalore,Cash on Delivery
ORD00594,2025-09-07,CUST1348,Clothing,Dress,1,5201,0.19,331.97,South,Chennai,Cash on Delivery
ORD00595,2025-08-06,CUST1277,Clothing,T-Shirt,4,121544,0.27,16776.36,South,Hyderabad,Credit Card
ORD00596,2025-10-23,CUST1021,Beauty,Perfume,3,45882,0.06,7371.39,West,Pune,Credit Card
ORD00597,2025-09-05,CUST1444,Books,Textbook,5,122745,0.01,6996.13,West,Ahmedabad,Debit Card
ORD00598,2025-02-10,CUST1072,Electronics,Mobile Phone,5,248450,0.23,27354.39,North,Delhi,Net Banking
ORD00599,2025-06-09,CUST1256,Electronics,Smart Watch,1,45331,0.19,7696.84,West,Ahmedabad,UPI
ORD00600,2025-06-30,CUST1968,Furniture,Sofa,5,156255,0.17,15083.5,West,Pune,Debit Card
ORD00601,2025-05-14,CUST0126,Furniture,Chair,5,248070,0.09,46729.92,North,Lucknow,Cash on Delivery
ORD00602,2025-02-12,CUST0260,Books,Comics,3,146472,0.19,12737.81,North,Lucknow,Net Banking
ORD00603,2025-02-27,CUST1237,Electronics,Headphones,5,94565,0.08,8821.01,East,Kolkata,Credit Card
ORD00604,2025-04-03,CUST1638,Books,Comics,2,35242,0.23,2638.72,West,Pune,Net Banking
ORD00605,2025-07-31,CUST1578,Electronics,Headphones,5,53010,0.25,7973.46,North,Delhi,Cash on Delivery
ORD00606,2025-05-16,CUST1548,Clothing,Shoes,5,243135,0.25,11098.84,South,Chennai,UPI
ORD00607,2025-09-30,CUST0479,Electronics,Smart Watch,4,81000,0.14,16694.04,West,Pune,Cash on Delivery
ORD00608,2025-08-18,CUST0783,Beauty,Perfume,5,144950,0.0,34127.68,East,Kolkata,Debit Card
ORD00609,2025-05-20,CUST0687,Books,Novel,3,86391,0.18,12780.58,North,Lucknow,Debit Card
ORD00610,2025-05-04,CUST1504,Furniture,Sofa,5,130670,0.14,20796.14,East,Patna,Net Banking
ORD00611,2025-01-07,CUST0843,Clothing,Dress,5,5965,0.2,1032.36,South,Bangalore,UPI
ORD00612,2025-01-13,CUST1269,Books,Novel,2,96060,0.08,7831.45,West,Pune,UPI
ORD00613,2025-12-03,CUST1565,Electronics,Smart Watch,1,6161,0.26,346.41,North,Lucknow,Net Banking
ORD00614,2025-08-21,CUST1890,Clothing,T-Shirt,3,93306,0.2,4862.57,South,Bangalore,Debit Card
ORD00615,2025-06-20,CUST0124,Beauty,Face Wash,1,18672,0.23,1819.61,East,Kolkata,Debit Card
ORD00616,2025-09-09,CUST0223,Furniture,Chair,4,54604,0.18,3836.72,West,Mumbai,Credit Card
ORD00617,2025-02-07,CUST0145,Books,Magazine,1,29439,0.21,1643.27,South,Hyderabad,Net Banking
ORD00618,2025-12-07,CUST0800,Furniture,Bookshelf,2,86572,0.19,16589.69,North,Jaipur,Debit Card
ORD00619,2025-09-02,CUST0894,Clothing,Dress,1,34276,0.21,5529.29,West,Ahmedabad,Cash on Delivery
ORD00620,2025-07-03,CUST0683,Electronics,Smart Watch,4,33772,0.17,6643.53,North,Jaipur,Debit Card
ORD00621,2025-05-29,CUST1327,Beauty,Shampoo,5,113930,0.02,15846.45,North,Jaipur,Credit Card
ORD00622,2025-11-19,CUST1411,Clothing,T-Shirt,2,40172,0.21,7276.79,West,Ahmedabad,Debit Card
ORD00623,2025-10-31,CUST0489,Beauty,Shampoo,2,19342,0.01,1054.57,West,Ahmedabad,Cash on Delivery
ORD00624,2025-06-23,CUST0115,Beauty,Shampoo,5,149725,0.29,5664.31,East,Bhubaneswar,Debit Card
ORD00625,2025-10-02,CUST0306,Electronics,Mobile Phone,5,152695,0.28,24631.05,North,Delhi,Net Banking
ORD00626,2025-11-13,CUST0094,Clothing,T-Shirt,2,65080,0.2,7509.92,North,Lucknow,Credit Card
ORD00627,2025-11-09,CUST0350,Clothing,T-Shirt,1,20641,0.25,1075.27,South,Hyderabad,Net Banking
ORD00628,2025-08-07,CUST0691,Electronics,Laptop,5,204225,0.07,40054.31,North,Jaipur,Cash on Delivery
ORD00629,2025-03-03,CUST0561,Furniture,Sofa,2,6974,0.18,669.66,South,Bangalore,Credit Card
ORD00630,2025-03-10,CUST0205,Beauty,Face Cream,2,58496,0.07,9052.22,East,Patna,Net Banking
ORD00631,2025-12-28,CUST1335,Beauty,Face Cream,1,916,0.0,215.47,North,Jaipur,Net Banking
ORD00632,2025-08-19,CUST0844,Furniture,Bookshelf,2,28020,0.04,2802.63,West,Ahmedabad,Credit Card
ORD00633,2025-06-04,CUST0713,Clothing,T-Shirt,4,162444,0.29,20234.22,South,Hyderabad,Cash on Delivery
ORD00634,2025-10-04,CUST1040,Electronics,Smart Watch,5,33850,0.19,6101.88,South,Chennai,Credit Card
ORD00635,2025-08-31,CUST1019,Beauty,Face Cream,2,15768,0.24,2241.53,East,Kolkata,Credit Card
ORD00636,2025-11-12,CUST1649,Clothing,T-Shirt,3,57543,0.06,5423.99,North,Lucknow,Cash on Delivery
ORD00637,2025-03-01,CUST0146,Electronics,Laptop,2,21714,0.24,2426.09,North,Lucknow,Credit Card
ORD00638,2025-02-20,CUST0486,Beauty,Face Wash,3,46731,0.23,4146.18,West,Mumbai,Cash on Delivery
ORD00639,2025-03-16,CUST0443,Clothing,Shoes,4,155376,0.15,30124.78,South,Chennai,Net Banking
ORD00640,2025-05-19,CUST0415,Beauty,Face Cream,2,60996,0.22,8392.76,West,Pune,Debit Card
ORD00641,2025-03-29,CUST1558,Clothing,T-Shirt,2,15562,0.26,1631.98,North,Jaipur,Debit Card
ORD00642,2025-04-28,CUST0178,Clothing,Dress,5,58180,0.17,7752.92,South,Hyderabad,Cash on Delivery
ORD00643,2025-05-07,CUST0508,Books,Magazine,4,123308,0.08,22235.3,South,Hyderabad,Debit Card
ORD00644,2025-08-29,CUST1503,Beauty,Face Cream,1,27879,0.29,1148.29,South,Hyderabad,Net Banking
ORD00645,2025-01-07,CUST1420,Electronics,Mobile Phone,1,30151,0.15,1707.32,West,Pune,Cash on Delivery
ORD00646,2025-12-09,CUST0625,Clothing,Jeans,2,85886,0.3,3197.55,East,Bhubaneswar,Credit Card
ORD00647,2025-07-09,CUST1284,Beauty,Shampoo,2,93160,0.12,17049.69,West,Pune,Cash on Delivery
ORD00648,2025-05-19,CUST1430,Electronics,Laptop,3,105882,0.01,14170.04,West,Ahmedabad,Net Banking
ORD00649,2025-12-12,CUST0746,Books,Comics,3,146154,0.28,16094.78,North,Lucknow,UPI
ORD00650,2025-10-14,CUST1444,Electronics,Mobile Phone,5,15890,0.11,1202.83,East,Bhubaneswar,UPI
ORD00651,2025-10-25,CUST1785,Books,Comics,2,71730,0.03,10137.44,South,Bangalore,Credit Card
ORD00652,2025-07-10,CUST0708,Clothing,Dress,5,225395,0.13,11940.53,East,Bhubaneswar,Cash on Delivery
ORD00653,2025-08-20,CUST1272,Beauty,Shampoo,5,224765,0.25,38753.46,West,Ahmedabad,Debit Card
ORD00654,2025-02-09,CUST0224,Electronics,Smart Watch,1,26103,0.27,2051.76,West,Mumbai,Credit Card
ORD00655,2025-05-31,CUST0854,Furniture,Sofa,2,27772,0.16,4093.1,South,Bangalore,Net Banking
ORD00656,2025-02-02,CUST0046,Clothing,Shoes,4,195384,0.19,17140.2,East,Bhubaneswar,Credit Card
ORD00657,2025-10-31,CUST1364,Books,Textbook,3,130425,0.19,12176.69,West,Ahmedabad,Net Banking
ORD00658,2025-05-14,CUST0465,Books,Magazine,5,45735,0.27,3715.89,West,Pune,Cash on Delivery
ORD00659,2025-03-24,CUST1458,Furniture,Table,3,57411,0.14,4111.46,North,Delhi,Net Banking
ORD00660,2025-06-12,CUST1177,Furniture,Chair,2,22134,0.07,1198.65,South,Hyderabad,Credit Card
ORD00661,2025-06-26,CUST0303,Beauty,Face Wash,2,74726,0.21,10809.67,East,Kolkata,Debit Card
ORD00662,2025-08-23,CUST1901,Beauty,Face Cream,1,27013,0.28,3961.91,East,Kolkata,Debit Card
ORD00663,2025-10-21,CUST1366,Clothing,T-Shirt,3,94674,0.27,16857.88,East,Patna,Credit Card
ORD00664,2025-12-14,CUST1129,Books,Magazine,1,48448,0.14,2417.26,East,Patna,UPI
ORD00665,2025-11-08,CUST1314,Furniture,Sofa,2,59454,0.11,6099.58,West,Ahmedabad,Credit Card
ORD00666,2025-12-10,CUST1962,Books,Comics,1,5978,0.16,698.45,East,Kolkata,UPI
ORD00667,2025-12-08,CUST0740,Books,Magazine,3,120087,0.18,23503.18,South,Bangalore,Cash on Delivery
ORD00668,2025-08-17,CUST1791,Clothing,Shoes,3,3894,0.09,426.19,East,Bhubaneswar,Net Banking
ORD00669,2025-08-06,CUST1493,Electronics,Smart Watch,4,117996,0.09,22670.86,West,Ahmedabad,Cash on Delivery
ORD00670,2025-06-21,CUST0136,Clothing,T-Shirt,3,94812,0.3,10291.1,South,Chennai,Net Banking
ORD00671,2025-10-18,CUST1547,Beauty,Shampoo,3,82995,0.05,11229.46,North,Jaipur,Credit Card
ORD00672,2025-10-27,CUST0623,Clothing,Jeans,5,163255,0.01,34789.18,West,Pune,Cash on Delivery
ORD00673,2025-11-22,CUST0968,Books,Magazine,1,10594,0.08,2350.9,South,Chennai,UPI
ORD00674,2025-02-04,CUST1227,Furniture,Bookshelf,2,4728,0.04,478.59,South,Bangalore,Debit Card
ORD00675,2025-10-22,CUST0036,Books,Magazine,4,183992,0.25,17199.63,West,Pune,Debit Card
ORD00676,2025-05-20,CUST0740,Clothing,T-Shirt,4,183736,0.04,14580.43,South,Bangalore,Cash on Delivery
ORD00677,2025-11-18,CUST0376,Furniture,Sofa,5,211865,0.28,23304.47,East,Bhubaneswar,UPI
ORD00678,2025-02-19,CUST1095,Books,Comics,3,54870,0.21,8134.96,East,Bhubaneswar,Net Banking
ORD00679,2025-06-24,CUST1887,Furniture,Chair,5,94710,0.11,12389.21,North,Delhi,Credit Card
ORD00680,2025-12-20,CUST1703,Electronics,Smart Watch,2,25696,0.24,3158.44,South,Hyderabad,Net Banking
ORD00681,2025-09-03,CUST0714,Books,Novel,1,8139,0.25,1432.56,West,Pune,Debit Card
ORD00682,2025-03-02,CUST0456,Furniture,Chair,5,114580,0.05,12075.59,West,Ahmedabad,Credit Card
ORD00683,2025-02-27,CUST0160,Clothing,Jeans,2,18066,0.29,1731.13,East,Kolkata,UPI
ORD00684,2025-01-31,CUST0961,Beauty,Perfume,1,2649,0.24,307.41,North,Delhi,UPI
ORD00685,2025-11-05,CUST0421,Furniture,Sofa,1,49950,0.03,3622.17,North,Jaipur,Net Banking
ORD00686,2025-10-24,CUST0713,Clothing,Jeans,1,10039,0.25,1794.74,East,Kolkata,Debit Card
ORD00687,2025-05-25,CUST0352,Clothing,Jeans,5,7080,0.16,1148.77,North,Delhi,Net Banking
ORD00688,2025-12-11,CUST1962,Electronics,Laptop,4,98064,0.21,6741.89,South,Hyderabad,UPI
ORD00689,2025-06-10,CUST0254,Clothing,Dress,2,68402,0.07,4616.4,West,Pune,Cash on Delivery
ORD00690,2025-09-10,CUST0237,Electronics,Smart Watch,3,111036,0.22,5755.07,West,Pune,Cash on Delivery
ORD00691,2025-08-08,CUST0387,Furniture,Bookshelf,4,61208,0.17,5492.67,East,Patna,UPI
ORD00692,2025-12-04,CUST1386,Beauty,Face Wash,4,178184,0.03,23784.59,South,Chennai,UPI
ORD00693,2025-03-28,CUST0133,Electronics,Smart Watch,5,35830,0.22,6385.58,West,Pune,Debit Card
ORD00694,2025-09-13,CUST0571,Clothing,Dress,4,34180,0.07,4289.42,South,Hyderabad,Net Banking
ORD00695,2025-09-06,CUST1048,Books,Textbook,4,176764,0.18,18971.86,West,Pune,Debit Card
ORD00696,2025-03-10,CUST0061,Clothing,Shoes,3,97707,0.15,14589.91,North,Delhi,UPI
ORD00697,2025-03-20,CUST0621,Electronics,Laptop,1,12237,0.11,2023.98,West,Ahmedabad,Net Banking
ORD00698,2025-12-05,CUST1020,Books,Novel,5,163780,0.24,11250.64,North,Lucknow,Cash on Delivery
ORD00699,2025-08-09,CUST1803,Books,Textbook,5,8290,0.29,331.49,East,Patna,UPI
ORD00700,2025-12-04,CUST1763,Beauty,Perfume,4,122496,0.01,10353.37,East,Bhubaneswar,Debit Card
ORD00701,2025-10-19,CUST1383,Clothing,Shoes,3,142215,0.12,25380.54,West,Mumbai,Cash on Delivery
ORD00702,2025-10-30,CUST1989,Books,Magazine,2,67412,0.02,6783.31,West,Ahmedabad,Cash on Delivery
ORD00703,2025-07-07,CUST0715,Books,Textbook,1,2344,0.18,145.39,East,Bhubaneswar,Net Banking
ORD00704,2025-01-29,CUST1355,Electronics,Headphones,4,92476,0.3,8569.76,West,Mumbai,Credit Card
ORD00705,2025-06-22,CUST0348,Clothing,Jeans,1,45588,0.02,4958.28,East,Patna,UPI
ORD00706,2025-01-11,CUST1426,Books,Textbook,4,150908,0.15,17218.5,North,Jaipur,Cash on Delivery
ORD00707,2025-09-08,CUST0205,Books,Novel,5,130390,0.1,8161.19,East,Bhubaneswar,Credit Card
ORD00708,2025-09-12,CUST1302,Furniture,Bookshelf,5,100645,0.11,12289.4,East,Kolkata,UPI
ORD00709,2025-04-26,CUST1280,Books,Comics,1,19985,0.3,1824.31,East,Bhubaneswar,UPI
ORD00710,2025-04-18,CUST0712,Books,Novel,1,37621,0.24,4147.37,East,Bhubaneswar,UPI
ORD00711,2025-11-16,CUST1056,Furniture,Table,5,105175,0.06,12897.88,West,Ahmedabad,Cash on Delivery
ORD00712,2025-08-28,CUST0549,Books,Comics,5,63625,0.17,4889.59,North,Lucknow,Net Banking
ORD00713,2025-12-17,CUST1568,Books,Magazine,2,48746,0.14,4111.45,North,Lucknow,Debit Card
ORD00714,2025-03-24,CUST0526,Beauty,Perfume,2,55058,0.08,5440.62,East,Kolkata,Net Banking
ORD00715,2025-06-08,CUST0951,Clothing,Shoes,2,26154,0.01,5422.11,South,Chennai,Cash on Delivery
ORD00716,2025-05-13,CUST1618,Books,Magazine,1,13737,0.05,1008.6,West,Ahmedabad,Debit Card
ORD00717,2025-06-10,CUST1233,Books,Comics,4,7216,0.02,1621.54,North,Lucknow,Debit Card
ORD00718,2025-03-13,CUST0484,Electronics,Mobile Phone,1,26510,0.28,3719.08,East,Patna,UPI
ORD00719,2025-06-10,CUST0675,Books,Novel,1,16102,0.18,2701.97,East,Bhubaneswar,Net Banking
ORD00720,2025-08-14,CUST0837,Beauty,Face Cream,2,15000,0.05,3476.78,West,Mumbai,Debit Card
ORD00721,2025-08-05,CUST0973,Books,Novel,3,139050,0.28,11342.94,West,Ahmedabad,Credit Card
ORD00722,2025-11-07,CUST0072,Furniture,Chair,3,62088,0.01,14958.7,East,Bhubaneswar,UPI
ORD00723,2025-08-15,CUST0796,Clothing,Dress,3,136224,0.04,29213.91,West,Pune,UPI
ORD00724,2025-08-13,CUST1294,Beauty,Face Wash,2,39982,0.06,8570.8,East,Kolkata,Debit Card
ORD00725,2025-06-20,CUST1470,Beauty,Shampoo,4,125492,0.22,23031.99,East,Kolkata,Cash on Delivery
ORD00726,2025-10-08,CUST1511,Electronics,Smart Watch,1,23559,0.13,4014.13,East,Patna,Debit Card
ORD00727,2025-01-02,CUST0821,Beauty,Shampoo,2,83594,0.13,12961.35,North,Lucknow,Credit Card
ORD00728,2025-11-29,CUST1563,Furniture,Table,2,33716,0.15,6990.78,North,Delhi,Credit Card
ORD00729,2025-10-31,CUST1694,Books,Magazine,4,194720,0.04,15832.29,East,Bhubaneswar,Debit Card
ORD00730,2025-10-20,CUST0460,Furniture,Chair,3,37260,0.12,4113.81,North,Jaipur,UPI
ORD00731,2025-07-25,CUST1266,Electronics,Smart Watch,2,35312,0.21,2336.36,North,Jaipur,Cash on Delivery
ORD00732,2025-09-27,CUST0892,Books,Textbook,3,34947,0.28,1848.64,South,Chennai,Cash on Delivery
ORD00733,2025-05-17,CUST0590,Beauty,Shampoo,2,25974,0.28,3977.43,South,Hyderabad,Cash on Delivery
ORD00734,2025-12-13,CUST0388,Beauty,Face Cream,5,73135,0.3,5457.0,West,Mumbai,Cash on Delivery
ORD00735,2025-05-08,CUST0758,Clothing,Shoes,3,52971,0.07,6906.45,South,Chennai,Net Banking
ORD00736,2025-04-19,CUST1461,Beauty,Shampoo,2,43368,0.29,3987.81,North,Jaipur,Cash on Delivery
ORD00737,2025-08-30,CUST1861,Beauty,Face Wash,5,21750,0.02,5034.88,North,Delhi,Debit Card
ORD00738,2025-12-10,CUST0760,Books,Novel,5,205545,0.11,44911.43,North,Jaipur,Credit Card
ORD00739,2025-08-28,CUST0271,Books,Novel,2,67026,0.15,6713.33,South,Bangalore,UPI
ORD00740,2025-05-24,CUST1532,Furniture,Bookshelf,1,21030,0.01,1573.43,South,Bangalore,Debit Card
ORD00741,2025-06-11,CUST1510,Beauty,Face Wash,3,103140,0.09,21449.64,East,Patna,Cash on Delivery
ORD00742,2025-05-14,CUST0335,Clothing,Shoes,2,8152,0.07,433.44,North,Delhi,Cash on Delivery
ORD00743,2025-08-23,CUST1010,Beauty,Shampoo,4,95456,0.3,10836.13,West,Mumbai,UPI
ORD00744,2025-09-18,CUST1685,Clothing,T-Shirt,2,38238,0.05,3039.01,East,Kolkata,Debit Card
ORD00745,2025-09-13,CUST1387,Books,Comics,5,61665,0.12,3547.16,North,Lucknow,UPI
ORD00746,2025-02-24,CUST1715,Furniture,Sofa,1,26332,0.11,5526.78,East,Patna,Debit Card
ORD00747,2025-12-03,CUST0012,Clothing,T-Shirt,4,121024,0.19,10181.7,North,Jaipur,Debit Card
ORD00748,2025-11-26,CUST0580,Electronics,Mobile Phone,5,44875,0.06,2519.83,East,Patna,Debit Card
ORD00749,2025-07-24,CUST0183,Electronics,Laptop,4,68888,0.05,15903.44,West,Mumbai,UPI
ORD00750,2025-03-03,CUST0612,Clothing,Jeans,3,128736,0.23,17923.39,West,Pune,Cash on Delivery
ORD00751,2025-07-18,CUST0976,Beauty,Face Wash,1,24581,0.15,3090.71,South,Bangalore,Debit Card
ORD00752,2025-02-17,CUST0083,Books,Magazine,3,122190,0.06,20230.88,North,Jaipur,Net Banking
ORD00753,2025-02-12,CUST0596,Furniture,Bookshelf,2,65922,0.16,9936.68,South,Hyderabad,Cash on Delivery
ORD00754,2025-05-08,CUST1072,Beauty,Shampoo,2,17748,0.21,1543.45,West,Pune,Cash on Delivery
ORD00755,2025-08-26,CUST1354,Furniture,Sofa,5,37765,0.15,4256.62,North,Delhi,Net Banking
ORD00756,2025-08-25,CUST0368,Furniture,Table,1,33493,0.0,6635.07,East,Patna,Credit Card
ORD00757,2025-12-10,CUST0922,Beauty,Shampoo,3,63222,0.18,7309.71,North,Jaipur,Net Banking
ORD00758,2025-12-11,CUST0218,Furniture,Table,2,11252,0.22,1499.13,South,Chennai,Cash on Delivery
ORD00759,2025-12-21,CUST0830,Books,Novel,1,1371,0.05,189.41,North,Jaipur,Net Banking
ORD00760,2025-04-08,CUST0230,Beauty,Face Wash,4,81336,0.03,6076.78,East,Patna,UPI
ORD00761,2025-10-03,CUST0391,Clothing,T-Shirt,2,86162,0.07,17501.97,South,Bangalore,UPI
ORD00762,2025-12-26,CUST0912,Furniture,Bookshelf,4,7716,0.03,1725.06,South,Bangalore,Cash on Delivery
ORD00763,2025-07-20,CUST0105,Beauty,Shampoo,2,27388,0.09,5380.65,West,Ahmedabad,Debit Card
ORD00764,2025-05-29,CUST0076,Electronics,Laptop,4,195220,0.17,31793.34,West,Pune,Cash on Delivery
ORD00765,2025-10-11,CUST0131,Beauty,Perfume,1,35123,0.01,5747.1,West,Mumbai,Debit Card
ORD00766,2025-01-11,CUST0331,Beauty,Perfume,5,214240,0.1,36539.19,North,Jaipur,Debit Card
ORD00767,2025-06-23,CUST1888,Clothing,Shoes,2,67536,0.07,14559.89,East,Bhubaneswar,Net Banking
ORD00768,2025-07-04,CUST1631,Beauty,Face Cream,4,111276,0.25,15407.95,East,Patna,Cash on Delivery
ORD00769,2025-03-22,CUST1241,Clothing,Jeans,1,44216,0.14,3219.19,East,Patna,Cash on Delivery
ORD00770,2025-07-03,CUST1805,Electronics,Mobile Phone,2,28450,0.17,5899.89,West,Pune,Debit Card
ORD00771,2025-04-27,CUST0248,Furniture,Chair,1,4672,0.1,306.08,South,Hyderabad,Net Banking
ORD00772,2025-03-19,CUST1748,Clothing,Shoes,3,10674,0.23,1326.58,East,Bhubaneswar,Net Banking
ORD00773,2025-11-09,CUST1602,Books,Novel,4,31076,0.29,4552.47,North,Jaipur,UPI
ORD00774,2025-05-30,CUST1451,Books,Novel,1,13960,0.27,829.6,North,Delhi,Cash on Delivery
ORD00775,2025-04-14,CUST0900,Books,Magazine,3,67284,0.25,3764.37,North,Delhi,Cash on Delivery
ORD00776,2025-08-01,CUST0739,Electronics,Smart Watch,3,100791,0.05,9881.85,West,Pune,Credit Card
ORD00777,2025-09-22,CUST1628,Clothing,Shoes,4,110372,0.28,18246.85,South,Chennai,Debit Card
ORD00778,2025-03-26,CUST0889,Electronics,Mobile Phone,5,25300,0.03,2772.17,South,Chennai,UPI
ORD00779,2025-09-24,CUST1993,Beauty,Shampoo,1,41893,0.29,6240.72,South,Hyderabad,Debit Card
ORD00780,2025-09-28,CUST1251,Beauty,Perfume,3,69162,0.0,7328.14,East,Patna,Credit Card
ORD00781,2025-11-29,CUST0829,Beauty,Perfume,5,205065,0.2,31086.9,South,Hyderabad,Credit Card
ORD00782,2025-03-06,CUST1066,Furniture,Sofa,3,78174,0.22,12073.83,North,Lucknow,Net Banking
ORD00783,2025-03-23,CUST0048,Furniture,Chair,5,104815,0.16,17733.0,North,Lucknow,UPI
ORD00784,2025-07-10,CUST0532,Books,Textbook,4,134452,0.03,8084.53,South,Bangalore,Net Banking
ORD00785,2025-08-21,CUST0695,Furniture,Sofa,1,29908,0.09,5371.72,North,Lucknow,Credit Card
ORD00786,2025-12-11,CUST0287,Books,Comics,3,132621,0.24,19449.91,East,Bhubaneswar,Cash on Delivery
ORD00787,2025-08-21,CUST0201,Books,Comics,5,193330,0.06,37383.7,North,Jaipur,Credit Card
ORD00788,2025-08-17,CUST0160,Beauty,Perfume,1,28345,0.27,3005.5,North,Delhi,Debit Card
ORD00789,2025-12-19,CUST1907,Books,Magazine,5,165955,0.19,33512.11,West,Pune,Cash on Delivery
ORD00790,2025-12-27,CUST1052,Beauty,Face Cream,2,64538,0.21,3868.59,South,Hyderabad,Net Banking
ORD00791,2025-03-02,CUST1233,Electronics,Smart Watch,1,49422,0.05,7596.91,West,Pune,Cash on Delivery
ORD00792,2025-06-06,CUST0767,Electronics,Laptop,3,9417,0.16,581.79,East,Patna,Debit Card
ORD00793,2025-06-06,CUST1821,Furniture,Bookshelf,2,78282,0.13,16165.76,North,Delhi,Debit Card
ORD00794,2025-08-02,CUST0986,Clothing,Jeans,1,36383,0.1,7337.61,West,Mumbai,Net Banking
ORD00795,2025-03-12,CUST1034,Furniture,Bookshelf,4,190752,0.25,10953.25,East,Bhubaneswar,Cash on Delivery
ORD00796,2025-07-29,CUST0794,Beauty,Perfume,3,19059,0.24,2649.28,South,Hyderabad,Credit Card
ORD00797,2025-03-26,CUST1449,Beauty,Face Wash,4,194912,0.08,12140.97,North,Lucknow,UPI
ORD00798,2025-10-23,CUST1552,Books,Textbook,5,30400,0.06,4964.82,North,Lucknow,UPI
ORD00799,2025-01-10,CUST0564,Books,Comics,1,8382,0.2,1048.57,West,Ahmedabad,Credit Card
ORD00800,2025-01-12,CUST0697,Clothing,Shoes,5,107495,0.12,5580.83,North,Lucknow,Cash on Delivery
ORD00801,2025-02-20,CUST1110,Clothing,Shoes,3,76605,0.08,5139.78,North,Lucknow,Credit Card
ORD00802,2025-03-28,CUST0121,Furniture,Chair,1,10607,0.09,1268.86,South,Bangalore,Net Banking
ORD00803,2025-07-31,CUST1829,Furniture,Chair,1,20031,0.12,2009.66,North,Lucknow,Debit Card
ORD00804,2025-09-10,CUST1042,Furniture,Bookshelf,2,32406,0.23,4172.22,North,Delhi,Net Banking
ORD00805,2025-01-15,CUST0835,Beauty,Shampoo,3,92886,0.17,4864.07,East,Kolkata,Credit Card
ORD00806,2025-07-28,CUST0914,Electronics,Headphones,5,216000,0.24,18209.05,North,Delhi,UPI
ORD00807,2025-08-05,CUST1969,Books,Comics,5,57610,0.23,6986.97,South,Bangalore,Net Banking
ORD00808,2025-01-31,CUST1912,Beauty,Shampoo,5,97280,0.2,6496.46,North,Jaipur,Cash on Delivery
ORD00809,2025-03-24,CUST1514,Furniture,Table,2,77696,0.25,6192.11,West,Pune,Net Banking
ORD00810,2025-10-12,CUST0573,Books,Novel,4,185088,0.04,13846.96,East,Kolkata,Cash on Delivery
ORD00811,2025-12-06,CUST0659,Clothing,Dress,3,149484,0.21,12352.77,East,Patna,Debit Card
ORD00812,2025-01-03,CUST1847,Clothing,Shoes,2,85730,0.28,10601.83,East,Kolkata,UPI
ORD00813,2025-02-09,CUST1104,Clothing,Shoes,5,29090,0.24,3975.52,West,Pune,UPI
ORD00814,2025-12-23,CUST0018,Beauty,Shampoo,5,119795,0.12,22963.46,East,Bhubaneswar,UPI
ORD00815,2025-12-15,CUST1888,Beauty,Face Wash,1,15017,0.22,2362.38,South,Bangalore,Debit Card
ORD00816,2025-01-19,CUST0575,Clothing,T-Shirt,2,31704,0.29,5480.23,East,Patna,Cash on Delivery
ORD00817,2025-09-10,CUST0350,Books,Comics,4,31080,0.26,3767.74,North,Delhi,Net Banking
ORD00818,2025-10-19,CUST1753,Clothing,Jeans,2,98776,0.02,9866.38,North,Lucknow,Credit Card
ORD00819,2025-12-15,CUST1148,Books,Textbook,1,45915,0.2,6350.64,South,Hyderabad,Cash on Delivery
ORD00820,2025-08-27,CUST1015,Electronics,Mobile Phone,4,108660,0.08,18597.37,North,Jaipur,Debit Card
ORD00821,2025-07-20,CUST0399,Books,Novel,3,84087,0.16,7999.08,South,Chennai,Debit Card
ORD00822,2025-06-18,CUST0637,Electronics,Laptop,4,21512,0.28,1384.3,South,Hyderabad,UPI
ORD00823,2025-05-09,CUST0507,Electronics,Laptop,1,39332,0.24,7084.84,West,Pune,UPI
ORD00824,2025-11-04,CUST1269,Beauty,Face Cream,3,103671,0.24,18807.91,East,Kolkata,Cash on Delivery
ORD00825,2025-12-22,CUST0134,Electronics,Mobile Phone,1,2685,0.11,544.88,North,Delhi,Credit Card
ORD00826,2025-01-29,CUST1146,Electronics,Mobile Phone,5,207685,0.13,12714.06,North,Jaipur,UPI
ORD00827,2025-12-04,CUST1278,Furniture,Bookshelf,5,248900,0.12,48825.86,West,Mumbai,UPI
ORD00828,2025-12-12,CUST1604,Beauty,Perfume,5,205405,0.03,35900.43,West,Pune,UPI
ORD00829,2025-04-10,CUST1853,Beauty,Face Wash,1,1305,0.18,67.96,South,Chennai,Net Banking
ORD00830,2025-03-12,CUST1633,Clothing,Dress,4,191952,0.19,13555.57,East,Bhubaneswar,UPI
ORD00831,2025-06-09,CUST1196,Electronics,Smart Watch,4,136512,0.29,19469.49,East,Patna,Net Banking
ORD00832,2025-09-23,CUST1202,Clothing,Jeans,5,114860,0.09,25509.18,West,Pune,Credit Card
ORD00833,2025-04-14,CUST1609,Electronics,Smart Watch,3,39918,0.29,5047.98,North,Jaipur,UPI
ORD00834,2025-10-17,CUST1973,Furniture,Chair,4,159224,0.21,27723.66,West,Ahmedabad,Debit Card
ORD00835,2025-01-22,CUST1016,Books,Textbook,2,14742,0.14,2635.0,West,Pune,Credit Card
ORD00836,2025-06-19,CUST1654,Electronics,Smart Watch,5,72340,0.07,13247.84,South,Bangalore,Cash on Delivery
ORD00837,2025-02-28,CUST0292,Clothing,Shoes,3,3444,0.02,189.02,South,Chennai,Debit Card
ORD00838,2025-05-15,CUST1473,Beauty,Face Cream,1,13549,0.06,1080.39,East,Kolkata,Credit Card
ORD00839,2025-01-11,CUST1703,Furniture,Chair,1,12039,0.25,2095.96,South,Chennai,Credit Card
ORD00840,2025-12-05,CUST0351,Beauty,Shampoo,3,91191,0.07,17970.53,East,Kolkata,Net Banking
ORD00841,2025-07-13,CUST1423,Books,Magazine,2,18142,0.24,1217.97,North,Delhi,Debit Card
ORD00842,2025-03-18,CUST0672,Furniture,Bookshelf,5,194950,0.06,28787.89,South,Chennai,Credit Card
ORD00843,2025-08-29,CUST1620,Electronics,Headphones,5,162730,0.06,10138.84,South,Hyderabad,Net Banking
ORD00844,2025-06-14,CUST1460,Electronics,Smart Watch,5,125135,0.15,15194.57,West,Ahmedabad,Debit Card
ORD00845,2025-10-26,CUST1331,Books,Magazine,3,115764,0.12,23862.27,West,Pune,UPI
ORD00846,2025-07-13,CUST1171,Clothing,Jeans,2,52890,0.07,6640.56,South,Bangalore,Credit Card
ORD00847,2025-10-26,CUST0085,Furniture,Table,1,19836,0.13,2076.31,North,Delhi,Cash on Delivery
ORD00848,2025-06-12,CUST0560,Books,Textbook,4,115376,0.12,21412.95,West,Pune,Cash on Delivery
ORD00849,2025-05-31,CUST1726,Electronics,Smart Watch,3,128379,0.02,28973.76,West,Mumbai,Net Banking
ORD00850,2025-04-13,CUST0684,Books,Novel,1,8271,0.02,467.34,East,Kolkata,Credit Card
ORD00851,2025-10-06,CUST1869,Furniture,Table,3,38979,0.21,7686.01,East,Patna,Debit Card
ORD00852,2025-01-07,CUST0967,Electronics,Headphones,4,108364,0.25,16381.48,East,Bhubaneswar,Net Banking
ORD00853,2025-10-10,CUST1552,Clothing,Shoes,2,63184,0.07,9836.65,South,Chennai,Cash on Delivery
ORD00854,2025-04-18,CUST0899,Beauty,Face Wash,2,57202,0.23,8350.52,North,Jaipur,Cash on Delivery
ORD00855,2025-09-13,CUST1660,Books,Novel,5,44555,0.09,8010.12,East,Kolkata,Debit Card
ORD00856,2025-01-12,CUST1163,Furniture,Chair,4,183012,0.16,17712.15,West,Pune,UPI
ORD00857,2025-07-15,CUST0419,Clothing,Jeans,5,201675,0.17,21455.61,East,Patna,Cash on Delivery
ORD00858,2025-06-05,CUST0191,Electronics,Mobile Phone,1,22050,0.17,2567.83,South,Bangalore,Credit Card
ORD00859,2025-07-17,CUST0582,Electronics,Smart Watch,5,162605,0.01,14455.87,North,Lucknow,Credit Card
ORD00860,2025-07-30,CUST0801,Clothing,Dress,1,24659,0.16,1747.5,North,Jaipur,Credit Card
ORD00861,2025-03-08,CUST1783,Electronics,Smart Watch,1,25993,0.29,4118.05,West,Pune,Credit Card
ORD00862,2025-09-15,CUST1468,Furniture,Bookshelf,5,190945,0.28,23027.75,West,Mumbai,Cash on Delivery
ORD00863,2025-05-07,CUST1077,Furniture,Chair,4,18768,0.25,2406.57,North,Delhi,Debit Card
ORD00864,2025-08-22,CUST0711,Books,Magazine,5,15305,0.22,1284.31,West,Pune,Debit Card
ORD00865,2025-12-04,CUST0376,Beauty,Face Cream,2,81966,0.22,9050.78,West,Mumbai,Net Banking
ORD00866,2025-12-08,CUST1877,Electronics,Mobile Phone,2,36884,0.26,4300.13,North,Delhi,UPI
ORD00867,2025-06-16,CUST0840,Clothing,Shoes,1,24665,0.02,1717.28,West,Ahmedabad,Cash on Delivery
ORD00868,2025-12-12,CUST1536,Clothing,Dress,1,30788,0.01,5418.55,South,Hyderabad,Cash on Delivery
ORD00869,2025-03-11,CUST0670,Beauty,Face Wash,4,11900,0.0,867.94,West,Mumbai,Cash on Delivery
ORD00870,2025-03-13,CUST0965,Beauty,Perfume,5,217790,0.07,48611.47,North,Delhi,Debit Card
ORD00871,2025-07-20,CUST0345,Clothing,Jeans,1,12115,0.09,1730.11,North,Lucknow,UPI
ORD00872,2025-12-12,CUST1091,Electronics,Headphones,3,36483,0.07,1930.2,South,Bangalore,Credit Card
ORD00873,2025-07-13,CUST1572,Beauty,Shampoo,3,88791,0.02,4431.96,North,Jaipur,Credit Card
ORD00874,2025-06-22,CUST1681,Clothing,Dress,1,1551,0.13,334.45,South,Chennai,Credit Card
ORD00875,2025-02-25,CUST1671,Electronics,Smart Watch,2,95896,0.05,12128.85,North,Lucknow,Debit Card
ORD00876,2025-07-02,CUST0663,Furniture,Chair,4,114164,0.04,10165.82,South,Hyderabad,Credit Card
ORD00877,2025-05-23,CUST1332,Electronics,Mobile Phone,4,57772,0.14,3140.19,East,Kolkata,Net Banking
ORD00878,2025-02-22,CUST1460,Furniture,Sofa,4,81044,0.23,9355.29,North,Delhi,Net Banking
ORD00879,2025-12-14,CUST1894,Books,Comics,5,108780,0.29,14617.51,East,Kolkata,Credit Card
ORD00880,2025-10-27,CUST0920,Furniture,Chair,4,19696,0.1,3043.74,East,Patna,Cash on Delivery
ORD00881,2025-05-02,CUST1512,Books,Comics,1,40893,0.23,2355.63,North,Delhi,Cash on Delivery
ORD00882,2025-04-15,CUST1315,Clothing,T-Shirt,3,99552,0.09,7277.65,North,Delhi,UPI
ORD00883,2025-09-24,CUST1622,Clothing,Shoes,3,63930,0.19,10465.34,East,Kolkata,Cash on Delivery
ORD00884,2025-12-07,CUST0509,Furniture,Sofa,3,68883,0.07,10112.85,South,Hyderabad,Credit Card
ORD00885,2025-02-05,CUST1954,Books,Magazine,4,167092,0.0,37424.15,East,Kolkata,Credit Card
ORD00886,2025-04-15,CUST0484,Electronics,Smart Watch,1,11882,0.18,2106.92,South,Chennai,Net Banking
ORD00887,2025-11-07,CUST0510,Electronics,Mobile Phone,2,95590,0.06,12112.7,West,Pune,Debit Card
ORD00888,2025-07-13,CUST0344,Furniture,Bookshelf,4,22972,0.29,1988.47,South,Bangalore,Cash on Delivery
ORD00889,2025-02-12,CUST1555,Beauty,Perfume,4,7192,0.23,750.26,West,Mumbai,Debit Card
ORD00890,2025-10-15,CUST1242,Books,Comics,4,123540,0.09,11989.2,South,Bangalore,Cash on Delivery
ORD00891,2025-01-07,CUST1765,Electronics,Headphones,4,53304,0.05,4452.42,South,Hyderabad,Net Banking
ORD00892,2025-11-25,CUST1205,Furniture,Bookshelf,4,196560,0.11,25875.18,West,Pune,UPI
ORD00893,2025-05-11,CUST1580,Beauty,Shampoo,5,55700,0.06,7186.64,North,Jaipur,Debit Card
ORD00894,2025-05-07,CUST0497,Books,Magazine,1,43157,0.12,5119.76,East,Patna,Cash on Delivery
ORD00895,2025-03-17,CUST0521,Electronics,Headphones,2,35252,0.18,6904.44,North,Lucknow,Credit Card
ORD00896,2025-12-28,CUST1201,Books,Comics,1,42731,0.21,4282.8,North,Delhi,UPI
ORD00897,2025-09-30,CUST1349,Books,Comics,4,68288,0.21,8099.11,West,Mumbai,Cash on Delivery
ORD00898,2025-06-26,CUST1668,Books,Textbook,1,7661,0.19,1274.21,West,Ahmedabad,Credit Card
ORD00899,2025-01-01,CUST0199,Furniture,Chair,3,2760,0.3,412.05,West,Ahmedabad,UPI
ORD00900,2025-03-10,CUST0406,Beauty,Perfume,4,46728,0.05,3874.5,East,Patna,Cash on Delivery
ORD00901,2025-04-09,CUST0532,Clothing,T-Shirt,2,25330,0.06,4761.64,West,Ahmedabad,Cash on Delivery
ORD00902,2025-06-25,CUST0061,Beauty,Shampoo,3,18348,0.11,1720.38,South,Chennai,Net Banking
ORD00903,2025-01-04,CUST1363,Clothing,Shoes,1,1123,0.02,220.5,West,Ahmedabad,Net Banking
ORD00904,2025-05-17,CUST1909,Electronics,Laptop,1,25119,0.18,5095.42,South,Hyderabad,Cash on Delivery
ORD00905,2025-05-03,CUST1928,Beauty,Face Wash,3,135558,0.27,24728.35,West,Pune,Debit Card
ORD00906,2025-07-25,CUST1486,Beauty,Perfume,3,21195,0.0,4749.98,North,Jaipur,Credit Card
ORD00907,2025-09-01,CUST1055,Electronics,Laptop,2,49290,0.14,7936.86,East,Patna,Cash on Delivery
ORD00908,2025-12-14,CUST0910,Clothing,T-Shirt,3,10494,0.29,1469.01,East,Kolkata,Credit Card
ORD00909,2025-09-01,CUST1349,Books,Magazine,5,29160,0.1,6241.27,West,Ahmedabad,UPI
ORD00910,2025-09-16,CUST0066,Beauty,Face Wash,2,69164,0.26,10593.13,South,Hyderabad,Credit Card
ORD00911,2025-03-01,CUST0988,Beauty,Shampoo,5,155460,0.05,20566.5,East,Patna,Net Banking
ORD00912,2025-03-24,CUST1903,Clothing,Jeans,1,7412,0.13,1245.54,South,Chennai,Debit Card
ORD00913,2025-03-05,CUST1363,Beauty,Face Wash,3,132426,0.14,26137.17,South,Hyderabad,Credit Card
ORD00914,2025-11-04,CUST0133,Books,Magazine,3,45501,0.28,6659.19,North,Lucknow,Debit Card
ORD00915,2025-02-15,CUST0697,Beauty,Perfume,2,34958,0.03,2290.1,West,Mumbai,Net Banking
ORD00916,2025-02-01,CUST1209,Clothing,T-Shirt,3,76248,0.17,3185.54,East,Kolkata,Net Banking
ORD00917,2025-12-06,CUST1233,Clothing,Shoes,3,135054,0.28,7318.34,West,Pune,Net Banking
ORD00918,2025-06-01,CUST1715,Clothing,T-Shirt,5,153430,0.09,29771.39,West,Mumbai,Credit Card
ORD00919,2025-12-26,CUST0071,Beauty,Perfume,3,30177,0.22,5174.27,South,Hyderabad,Net Banking
ORD00920,2025-05-30,CUST1443,Furniture,Table,5,159220,0.19,12012.23,North,Jaipur,Cash on Delivery
ORD00921,2025-01-27,CUST1891,Electronics,Headphones,2,97030,0.28,6637.85,South,Hyderabad,Credit Card
ORD00922,2025-12-14,CUST0970,Beauty,Perfume,2,3826,0.16,377.57,East,Patna,Debit Card
ORD00923,2025-10-08,CUST0807,Beauty,Perfume,3,57015,0.21,4009.56,North,Lucknow,UPI
ORD00924,2025-08-15,CUST1426,Clothing,Dress,3,91452,0.2,12103.23,North,Lucknow,Cash on Delivery
ORD00925,2025-10-22,CUST0209,Furniture,Chair,2,97378,0.2,9538.77,South,Chennai,Credit Card
ORD00926,2025-01-27,CUST0241,Beauty,Perfume,1,23803,0.29,1452.17,South,Chennai,Net Banking
ORD00927,2025-09-08,CUST0620,Furniture,Bookshelf,4,66224,0.01,6436.27,South,Hyderabad,Net Banking
ORD00928,2025-01-06,CUST0246,Clothing,Shoes,4,74144,0.19,8349.29,North,Jaipur,UPI
ORD00929,2025-10-21,CUST0983,Electronics,Laptop,5,76205,0.01,12417.64,West,Ahmedabad,Debit Card
ORD00930,2025-02-02,CUST1462,Electronics,Smart Watch,4,80212,0.17,4652.88,West,Pune,Net Banking
ORD00931,2025-02-02,CUST1063,Clothing,Shoes,5,178270,0.24,21138.07,North,Jaipur,Net Banking
ORD00932,2025-01-03,CUST1137,Books,Novel,1,12340,0.26,1726.27,South,Hyderabad,Cash on Delivery
ORD00933,2025-05-12,CUST1744,Furniture,Sofa,5,70075,0.2,3787.65,North,Delhi,UPI
ORD00934,2025-01-01,CUST0509,Electronics,Laptop,5,58730,0.13,12214.06,East,Bhubaneswar,Debit Card
ORD00935,2025-06-30,CUST1242,Electronics,Headphones,5,163205,0.21,19924.27,West,Mumbai,Net Banking
ORD00936,2025-04-21,CUST1961,Books,Comics,1,16038,0.01,1243.75,North,Lucknow,Credit Card
ORD00937,2025-05-11,CUST0534,Books,Comics,2,96564,0.19,5074.08,East,Bhubaneswar,Cash on Delivery
ORD00938,2025-10-02,CUST0418,Clothing,Shoes,3,134508,0.13,22105.81,West,Mumbai,UPI
ORD00939,2025-06-11,CUST1614,Furniture,Chair,5,200725,0.05,40867.19,East,Patna,Cash on Delivery
ORD00940,2025-07-28,CUST0136,Beauty,Shampoo,3,26001,0.16,4079.78,South,Chennai,Debit Card
ORD00941,2025-04-24,CUST0776,Electronics,Headphones,2,30590,0.08,1958.44,East,Bhubaneswar,UPI
ORD00942,2025-05-25,CUST1130,Electronics,Smart Watch,4,27044,0.16,4318.29,East,Patna,Debit Card
ORD00943,2025-12-14,CUST1983,Books,Novel,3,149322,0.12,15641.54,North,Delhi,Net Banking
ORD00944,2025-03-21,CUST1347,Books,Magazine,2,34954,0.0,5337.93,West,Ahmedabad,Credit Card
ORD00945,2025-08-03,CUST1448,Clothing,Shoes,3,140598,0.23,20097.8,East,Kolkata,Cash on Delivery
ORD00946,2025-04-28,CUST0626,Clothing,Shoes,5,96485,0.08,12032.53,East,Bhubaneswar,UPI
ORD00947,2025-03-26,CUST1179,Furniture,Bookshelf,1,5526,0.22,1030.04,East,Kolkata,UPI
ORD00948,2025-09-03,CUST1020,Electronics,Headphones,4,179480,0.15,29925.7,West,Mumbai,Net Banking
ORD00949,2025-08-06,CUST1439,Books,Novel,5,64815,0.27,9424.36,West,Mumbai,Net Banking
ORD00950,2025-09-26,CUST1851,Furniture,Chair,4,46176,0.2,8362.88,North,Lucknow,Credit Card
ORD00951,2025-07-14,CUST0350,Clothing,T-Shirt,5,118265,0.29,11297.45,East,Kolkata,Debit Card
ORD00952,2025-04-20,CUST0005,Electronics,Headphones,1,19509,0.09,1929.93,South,Hyderabad,Net Banking
ORD00953,2025-09-07,CUST0118,Beauty,Face Cream,5,14105,0.28,2320.54,East,Patna,Debit Card
ORD00954,2025-04-06,CUST0824,Electronics,Mobile Phone,3,22569,0.0,5146.62,East,Bhubaneswar,Debit Card
ORD00955,2025-07-30,CUST0254,Electronics,Laptop,2,12106,0.16,2335.85,West,Pune,Cash on Delivery
ORD00956,2025-04-04,CUST1099,Electronics,Smart Watch,4,105640,0.11,11554.93,East,Kolkata,Debit Card
ORD00957,2025-12-30,CUST0407,Electronics,Mobile Phone,2,47364,0.22,1890.13,West,Mumbai,UPI
ORD00958,2025-03-24,CUST1365,Clothing,Dress,4,112376,0.22,20177.75,North,Delhi,Credit Card
ORD00959,2025-03-07,CUST0666,Beauty,Face Wash,4,146208,0.15,23158.65,North,Jaipur,Cash on Delivery
ORD00960,2025-01-07,CUST1572,Books,Magazine,1,1886,0.04,215.14,South,Chennai,Credit Card
ORD00961,2025-02-12,CUST1559,Electronics,Headphones,1,28964,0.14,2651.43,West,Ahmedabad,Cash on Delivery
ORD00962,2025-05-07,CUST1365,Clothing,Jeans,3,24111,0.26,4440.04,South,Chennai,Cash on Delivery
ORD00963,2025-10-30,CUST1289,Clothing,Shoes,5,202745,0.05,47865.02,North,Lucknow,Credit Card
ORD00964,2025-08-07,CUST0037,Clothing,T-Shirt,1,18447,0.3,3045.12,South,Bangalore,Net Banking
ORD00965,2025-04-29,CUST0455,Clothing,T-Shirt,4,139616,0.09,22445.01,North,Jaipur,Debit Card
ORD00966,2025-07-06,CUST0575,Beauty,Perfume,4,170784,0.02,12052.36,North,Lucknow,Debit Card
ORD00967,2025-06-14,CUST0435,Beauty,Face Cream,2,6358,0.0,1157.7,East,Kolkata,Debit Card
ORD00968,2025-06-05,CUST0229,Beauty,Face Wash,2,34064,0.28,3009.75,North,Jaipur,UPI
ORD00969,2025-07-10,CUST0488,Electronics,Smart Watch,3,147564,0.23,17699.53,East,Bhubaneswar,Debit Card
ORD00970,2025-10-28,CUST1984,Clothing,Shoes,2,83516,0.22,4825.16,North,Delhi,Credit Card
ORD00971,2025-04-14,CUST1093,Clothing,Shoes,5,205335,0.1,36049.25,North,Delhi,Credit Card
ORD00972,2025-10-14,CUST1998,Electronics,Smart Watch,5,235675,0.08,48874.72,South,Bangalore,Debit Card
ORD00973,2025-09-15,CUST1620,Furniture,Bookshelf,1,32142,0.13,6606.85,North,Jaipur,UPI
ORD00974,2025-04-08,CUST1517,Clothing,Dress,1,37604,0.02,9010.1,South,Bangalore,Cash on Delivery
ORD00975,2025-11-07,CUST0557,Beauty,Shampoo,5,128375,0.17,13643.82,South,Bangalore,Credit Card
ORD00976,2025-09-20,CUST0933,Clothing,T-Shirt,2,78608,0.21,14024.18,South,Hyderabad,Net Banking
ORD00977,2025-04-25,CUST0094,Books,Textbook,3,140748,0.08,9558.9,East,Kolkata,Net Banking
ORD00978,2025-01-27,CUST1316,Clothing,Dress,2,37406,0.28,2803.3,North,Lucknow,Credit Card
ORD00979,2025-02-12,CUST1939,Clothing,T-Shirt,3,125889,0.18,12782.02,North,Lucknow,Net Banking
ORD00980,2025-01-06,CUST1688,Furniture,Chair,3,65325,0.3,8011.05,West,Ahmedabad,Debit Card
ORD00981,2025-10-26,CUST0218,Clothing,Dress,1,35718,0.2,6389.13,South,Bangalore,Cash on Delivery
ORD00982,2025-07-22,CUST0319,Furniture,Chair,3,54345,0.06,8988.8,West,Mumbai,Cash on Delivery
ORD00983,2025-04-01,CUST0387,Clothing,Shoes,4,26560,0.15,3203.04,East,Kolkata,Net Banking
ORD00984,2025-12-18,CUST1245,Beauty,Face Cream,3,33531,0.27,5225.97,East,Kolkata,Credit Card
ORD00985,2025-02-21,CUST1484,Electronics,Smart Watch,2,60640,0.27,10804.61,North,Jaipur,Net Banking
ORD00986,2025-11-26,CUST1915,Clothing,T-Shirt,4,7428,0.03,379.79,North,Jaipur,UPI
ORD00987,2025-01-05,CUST1962,Clothing,Jeans,2,83232,0.18,14228.82,North,Jaipur,UPI
ORD00988,2025-03-25,CUST0630,Books,Textbook,2,63970,0.23,11254.12,North,Delhi,Debit Card
ORD00989,2025-01-11,CUST1690,Beauty,Face Cream,5,229265,0.08,33478.37,South,Chennai,UPI
ORD00990,2025-04-27,CUST0875,Electronics,Headphones,4,39180,0.0,3716.71,North,Lucknow,Cash on Delivery
ORD00991,2025-02-27,CUST1008,Clothing,Dress,4,182028,0.27,28510.43,East,Kolkata,Credit Card
ORD00992,2025-02-13,CUST1835,Electronics,Smart Watch,3,16497,0.18,996.58,North,Jaipur,UPI
ORD00993,2025-03-18,CUST1830,Books,Comics,5,112220,0.18,17105.37,South,Bangalore,Debit Card
ORD00994,2025-12-31,CUST1636,Books,Textbook,3,99654,0.2,18860.63,East,Kolkata,UPI
ORD00995,2025-09-02,CUST1669,Electronics,Smart Watch,2,52196,0.13,9507.61,South,Bangalore,UPI
ORD00996,2025-07-17,CUST0723,Electronics,Mobile Phone,1,21671,0.3,1310.27,East,Kolkata,Debit Card
ORD00997,2025-12-01,CUST1888,Beauty,Perfume,4,159740,0.24,14166.81,West,Ahmedabad,Credit Card
ORD00998,2025-07-16,CUST0172,Beauty,Perfume,5,163915,0.16,29504.03,West,Ahmedabad,Net Banking
ORD00999,2025-07-05,CUST1144,Beauty,Face Cream,3,2061,0.06,426.45,North,Delhi,Cash on Delivery
ORD01000,2025-10-10,CUST1991,Clothing,T-Shirt,3,28896,0.09,2072.81,North,Jaipur,Cash on Delivery
ORD01001,2025-07-13,CUST1502,Clothing,Jeans,2,16366,0.29,2216.98,South,Chennai,UPI
ORD01002,2025-11-01,CUST1783,Beauty,Face Wash,1,43933,0.17,5300.66,North,Lucknow,Credit Card
ORD01003,2025-08-02,CUST0307,Electronics,Smart Watch,1,16559,0.02,2658.71,East,Kolkata,Credit Card
ORD01004,2025-12-22,CUST0028,Beauty,Face Cream,4,191412,0.1,35535.91,East,Bhubaneswar,Debit Card
ORD01005,2025-01-06,CUST0812,Electronics,Smart Watch,1,40095,0.23,4651.32,North,Lucknow,Cash on Delivery
ORD01006,2025-02-17,CUST1069,Beauty,Face Wash,2,56530,0.28,4247.84,East,Patna,Cash on Delivery
ORD01007,2025-10-14,CUST1240,Clothing,Jeans,1,14846,0.12,2802.34,West,Ahmedabad,UPI
ORD01008,2025-11-28,CUST0869,Beauty,Perfume,4,101736,0.05,20360.88,East,Patna,Credit Card
ORD01009,2025-05-03,CUST0578,Furniture,Sofa,3,120090,0.23,10827.63,North,Delhi,Credit Card
ORD01010,2025-10-10,CUST0414,Books,Novel,5,6095,0.23,524.81,North,Delhi,UPI
ORD01011,2025-01-24,CUST0099,Clothing,Dress,5,17200,0.17,2970.05,North,Lucknow,Debit Card
ORD01012,2025-07-20,CUST1487,Electronics,Headphones,3,79776,0.15,7655.33,North,Jaipur,Debit Card
ORD01013,2025-01-13,CUST1203,Clothing,T-Shirt,5,35595,0.15,6202.79,East,Bhubaneswar,Cash on Delivery
ORD01014,2025-02-17,CUST1952,Beauty,Shampoo,2,90440,0.14,17658.87,East,Kolkata,Credit Card
ORD01015,2025-06-24,CUST0917,Clothing,Jeans,5,241285,0.18,30599.54,South,Hyderabad,Credit Card
ORD01016,2025-07-18,CUST0490,Furniture,Table,4,12488,0.27,1867.33,East,Patna,Credit Card
ORD01017,2025-06-08,CUST1121,Books,Novel,4,27532,0.24,1643.07,South,Hyderabad,UPI
ORD01018,2025-07-06,CUST0724,Beauty,Shampoo,2,39744,0.05,4003.11,West,Pune,UPI
ORD01019,2025-03-13,CUST1925,Electronics,Smart Watch,4,69112,0.23,7365.61,West,Pune,UPI
ORD01020,2025-12-15,CUST0265,Books,Magazine,3,80325,0.12,12294.89,North,Jaipur,Cash on Delivery
ORD01021,2025-12-16,CUST0088,Furniture,Table,4,134628,0.14,26106.29,East,Kolkata,Net Banking
ORD01022,2025-02-07,CUST0457,Electronics,Smart Watch,1,19548,0.11,2853.69,North,Delhi,Cash on Delivery
ORD01023,2025-02-25,CUST0176,Beauty,Shampoo,4,170420,0.16,30585.73,East,Bhubaneswar,Credit Card
ORD01024,2025-11-06,CUST0996,Electronics,Mobile Phone,4,88172,0.02,10238.09,West,Mumbai,Credit Card
ORD01025,2025-11-24,CUST0438,Beauty,Shampoo,1,36222,0.05,4954.95,East,Bhubaneswar,Debit Card
ORD01026,2025-04-19,CUST1778,Books,Novel,3,86061,0.29,5663.31,West,Mumbai,UPI
ORD01027,2025-02-11,CUST0611,Beauty,Face Wash,2,11956,0.04,1202.65,East,Patna,Cash on Delivery
ORD01028,2025-06-02,CUST0337,Beauty,Face Cream,1,6558,0.27,649.67,East,Kolkata,Credit Card
ORD01029,2025-08-12,CUST0727,Furniture,Bookshelf,5,228215,0.24,42167.21,West,Pune,Net Banking
ORD01030,2025-06-12,CUST0030,Beauty,Shampoo,5,204515,0.04,35892.4,South,Chennai,Credit Card
ORD01031,2025-01-02,CUST0923,Beauty,Face Cream,1,44667,0.12,6058.71,West,Pune,Credit Card
ORD01032,2025-11-04,CUST0774,Beauty,Shampoo,2,56072,0.21,9075.41,North,Delhi,Credit Card
ORD01033,2025-06-04,CUST1837,Furniture,Chair,5,7205,0.11,787.19,South,Hyderabad,Debit Card
ORD01034,2025-10-05,CUST0873,Books,Novel,4,110540,0.12,11716.04,West,Ahmedabad,Net Banking
ORD01035,2025-10-05,CUST0893,Furniture,Sofa,4,99808,0.05,16022.12,South,Bangalore,Cash on Delivery
ORD01036,2025-02-23,CUST0184,Furniture,Bookshelf,5,35010,0.3,5175.58,East,Patna,UPI
ORD01037,2025-10-25,CUST1651,Books,Magazine,5,180995,0.03,24372.07,North,Jaipur,UPI
ORD01038,2025-08-29,CUST1947,Furniture,Bookshelf,4,146592,0.11,11626.17,South,Chennai,UPI
ORD01039,2025-09-17,CUST0581,Furniture,Bookshelf,4,3992,0.28,593.36,West,Ahmedabad,Debit Card
ORD01040,2025-01-08,CUST0054,Furniture,Table,2,1544,0.27,149.81,West,Ahmedabad,Credit Card
ORD01041,2025-04-09,CUST1263,Furniture,Table,5,143405,0.07,32634.56,East,Kolkata,Cash on Delivery
ORD01042,2025-09-22,CUST0325,Electronics,Mobile Phone,4,192868,0.05,42294.52,South,Hyderabad,Cash on Delivery
ORD01043,2025-11-18,CUST1878,Clothing,T-Shirt,1,41882,0.17,4463.53,South,Hyderabad,Debit Card
ORD01044,2025-10-31,CUST0314,Books,Comics,1,6612,0.01,342.4,East,Kolkata,UPI
ORD01045,2025-04-06,CUST0491,Books,Novel,2,60468,0.19,10066.08,West,Mumbai,Credit Card
ORD01046,2025-03-15,CUST1285,Furniture,Chair,4,70280,0.2,5903.12,South,Hyderabad,UPI
ORD01047,2025-04-03,CUST0191,Books,Novel,5,42700,0.03,4410.82,North,Jaipur,UPI
ORD01048,2025-09-07,CUST1965,Beauty,Face Wash,1,32680,0.24,3297.06,South,Bangalore,UPI
ORD01049,2025-04-02,CUST1351,Clothing,Shoes,4,44232,0.05,2186.24,West,Pune,Net Banking
ORD01050,2025-01-03,CUST0325,Books,Novel,3,96639,0.3,11499.94,North,Jaipur,Net Banking
ORD01051,2025-03-20,CUST0443,Furniture,Sofa,1,35624,0.01,5373.01,South,Hyderabad,Debit Card
ORD01052,2025-03-06,CUST0549,Electronics,Smart Watch,2,29804,0.03,5444.32,North,Jaipur,Debit Card
ORD01053,2025-09-11,CUST0894,Beauty,Face Cream,5,216120,0.09,39144.82,North,Jaipur,Net Banking
ORD01054,2025-07-21,CUST0211,Beauty,Face Cream,2,91052,0.25,13212.5,East,Kolkata,Net Banking
ORD01055,2025-05-20,CUST1671,Books,Textbook,4,115628,0.26,11529.63,South,Chennai,Debit Card
ORD01056,2025-02-02,CUST0921,Books,Novel,2,75336,0.11,15393.05,West,Pune,Credit Card
ORD01057,2025-07-23,CUST0062,Electronics,Headphones,5,213885,0.29,23705.03,West,Pune,UPI
ORD01058,2025-07-10,CUST0298,Clothing,Dress,3,49731,0.02,8840.34,West,Mumbai,Debit Card
ORD01059,2025-06-14,CUST1841,Electronics,Laptop,1,47476,0.1,6113.38,East,Patna,Credit Card
ORD01060,2025-05-23,CUST1467,Books,Novel,5,72025,0.16,4270.4,West,Pune,Net Banking
ORD01061,2025-09-13,CUST0096,Electronics,Mobile Phone,3,40455,0.06,8006.54,West,Pune,Debit Card
ORD01062,2025-10-23,CUST0044,Beauty,Shampoo,2,79830,0.1,9093.78,North,Jaipur,Debit Card
ORD01063,2025-09-28,CUST0081,Electronics,Laptop,2,53796,0.01,8345.18,West,Pune,Debit Card
ORD01064,2025-06-27,CUST0820,Electronics,Laptop,4,191596,0.09,19778.17,West,Mumbai,UPI
ORD01065,2025-09-10,CUST1739,Books,Textbook,1,26277,0.09,5901.34,West,Ahmedabad,UPI
ORD01066,2025-12-19,CUST1484,Furniture,Sofa,1,1181,0.04,281.98,North,Delhi,Cash on Delivery
ORD01067,2025-01-27,CUST0532,Clothing,Jeans,3,107187,0.3,17768.97,North,Delhi,UPI
ORD01068,2025-07-14,CUST0553,Electronics,Laptop,3,66246,0.21,10902.58,East,Kolkata,Credit Card
ORD01069,2025-07-31,CUST1305,Clothing,Shoes,3,30597,0.23,5361.24,North,Delhi,Cash on Delivery
ORD01070,2025-04-26,CUST0189,Electronics,Smart Watch,4,75540,0.1,13337.01,West,Ahmedabad,Debit Card
ORD01071,2025-12-22,CUST0160,Furniture,Sofa,2,87438,0.19,15664.51,East,Patna,UPI
ORD01072,2025-02-23,CUST0698,Beauty,Shampoo,2,62360,0.25,4096.28,South,Chennai,Credit Card
ORD01073,2025-03-08,CUST0449,Books,Textbook,4,173780,0.05,24912.61,East,Patna,Debit Card
ORD01074,2025-06-07,CUST1949,Beauty,Perfume,2,9996,0.08,761.82,South,Bangalore,Net Banking
ORD01075,2025-05-17,CUST0059,Electronics,Smart Watch,1,16265,0.0,2312.38,West,Mumbai,Cash on Delivery
ORD01076,2025-03-19,CUST0813,Books,Magazine,1,36564,0.03,4833.98,East,Bhubaneswar,Net Banking
ORD01077,2025-08-05,CUST0398,Beauty,Face Wash,3,74199,0.03,12935.31,North,Jaipur,Debit Card
ORD01078,2025-02-25,CUST1396,Clothing,Shoes,3,105615,0.18,13313.13,South,Hyderabad,UPI
ORD01079,2025-09-30,CUST0207,Clothing,T-Shirt,1,2838,0.17,230.26,South,Chennai,Debit Card
ORD01080,2025-05-18,CUST1015,Clothing,Shoes,1,14910,0.22,2627.24,West,Pune,Credit Card
ORD01081,2025-02-18,CUST0380,Clothing,Jeans,3,140274,0.18,22634.15,East,Patna,Net Banking
ORD01082,2025-04-06,CUST0681,Books,Magazine,2,23312,0.09,1355.38,East,Patna,Cash on Delivery
ORD01083,2025-02-09,CUST0350,Clothing,T-Shirt,3,5592,0.05,545.94,West,Pune,UPI
ORD01084,2025-01-24,CUST1678,Books,Textbook,1,32501,0.26,3475.66,West,Ahmedabad,UPI
ORD01085,2025-02-21,CUST0624,Books,Textbook,5,57320,0.23,9050.23,South,Hyderabad,Debit Card
ORD01086,2025-01-07,CUST1696,Beauty,Perfume,3,131931,0.15,13777.45,East,Patna,Debit Card
ORD01087,2025-03-17,CUST0841,Furniture,Table,3,136329,0.16,20379.34,West,Mumbai,Credit Card
ORD01088,2025-07-04,CUST0423,Clothing,Dress,2,76704,0.22,14637.68,West,Mumbai,UPI
ORD01089,2025-03-31,CUST0544,Clothing,Shoes,5,149715,0.3,23603.02,North,Jaipur,Debit Card
ORD01090,2025-06-25,CUST1709,Furniture,Bookshelf,3,38967,0.01,5941.51,West,Pune,Net Banking
ORD01091,2025-12-17,CUST0302,Electronics,Mobile Phone,3,58203,0.03,2916.96,West,Ahmedabad,Cash on Delivery
ORD01092,2025-08-21,CUST0084,Clothing,Dress,4,77564,0.02,8281.23,South,Bangalore,Credit Card
ORD01093,2025-01-01,CUST0103,Furniture,Sofa,3,2499,0.13,395.8,North,Jaipur,Debit Card
ORD01094,2025-03-15,CUST1502,Clothing,Dress,5,53300,0.29,7290.05,East,Patna,Credit Card
ORD01095,2025-12-14,CUST1305,Beauty,Shampoo,1,31510,0.28,2262.95,East,Kolkata,Cash on Delivery
ORD01096,2025-12-14,CUST1794,Beauty,Perfume,3,118881,0.09,17609.98,North,Jaipur,Debit Card
ORD01097,2025-02-13,CUST0609,Books,Comics,2,55566,0.17,5082.97,South,Bangalore,Net Banking
ORD01098,2025-09-15,CUST1915,Beauty,Face Cream,1,9583,0.16,1520.0,West,Pune,Debit Card
ORD01099,2025-01-14,CUST1961,Beauty,Face Wash,4,109544,0.14,21904.42,West,Pune,Cash on Delivery
ORD01100,2025-10-17,CUST1798,Electronics,Smart Watch,5,170335,0.11,26405.05,East,Kolkata,Debit Card
ORD01101,2025-08-24,CUST1719,Electronics,Mobile Phone,1,30830,0.24,5271.51,South,Bangalore,UPI
ORD01102,2025-10-17,CUST0987,Electronics,Laptop,1,22355,0.18,3929.97,East,Patna,Debit Card
ORD01103,2025-09-11,CUST0280,Electronics,Laptop,2,68666,0.04,13057.62,North,Lucknow,Credit Card
ORD01104,2025-02-04,CUST0001,Clothing,Dress,1,32282,0.19,2357.02,East,Patna,Credit Card
ORD01105,2025-08-16,CUST0801,Books,Novel,2,14578,0.14,2714.85,North,Delhi,UPI
ORD01106,2025-11-10,CUST1396,Electronics,Headphones,2,31792,0.25,3799.39,West,Pune,Cash on Delivery
ORD01107,2025-05-04,CUST0350,Books,Novel,1,12611,0.04,2408.23,West,Mumbai,Net Banking
ORD01108,2025-09-10,CUST0753,Books,Comics,3,58407,0.2,11299.1,West,Pune,Debit Card
ORD01109,2025-03-03,CUST1156,Beauty,Perfume,4,113364,0.04,11610.41,North,Jaipur,Cash on Delivery
ORD01110,2025-03-13,CUST0959,Electronics,Headphones,5,148145,0.01,33939.66,North,Lucknow,Cash on Delivery
ORD01111,2025-09-26,CUST0800,Furniture,Sofa,5,167390,0.06,36269.98,South,Bangalore,Net Banking
ORD01112,2025-03-13,CUST0571,Electronics,Smart Watch,5,113675,0.14,21676.71,South,Bangalore,Debit Card
ORD01113,2025-09-17,CUST1589,Beauty,Shampoo,4,160816,0.2,21254.44,West,Pune,Net Banking
ORD01114,2025-02-04,CUST0093,Furniture,Chair,5,116560,0.18,20642.93,East,Patna,UPI
ORD01115,2025-04-29,CUST1581,Clothing,Jeans,1,33230,0.28,3475.97,North,Lucknow,Credit Card
ORD01116,2025-02-07,CUST0905,Electronics,Smart Watch,1,4558,0.18,272.45,West,Pune,Debit Card
ORD01117,2025-11-23,CUST1176,Books,Novel,1,46291,0.13,3086.67,South,Bangalore,Net Banking
ORD01118,2025-03-24,CUST0889,Clothing,Jeans,4,179956,0.09,14777.46,East,Bhubaneswar,Net Banking
ORD01119,2025-01-03,CUST0737,Clothing,T-Shirt,1,13839,0.01,1070.19,North,Lucknow,Cash on Delivery
ORD01120,2025-08-31,CUST1026,Books,Novel,5,165085,0.06,14198.18,East,Kolkata,Debit Card
ORD01121,2025-02-10,CUST0261,Furniture,Chair,4,165960,0.11,9478.71,North,Jaipur,Net Banking
ORD01122,2025-04-25,CUST1683,Furniture,Sofa,2,7746,0.18,737.97,North,Jaipur,Debit Card
ORD01123,2025-09-23,CUST1909,Furniture,Bookshelf,2,38756,0.02,6269.55,East,Kolkata,Net Banking
ORD01124,2025-08-30,CUST1919,Books,Textbook,1,36278,0.21,2068.51,West,Ahmedabad,Debit Card
ORD01125,2025-03-13,CUST0419,Electronics,Laptop,3,40920,0.1,7474.14,East,Bhubaneswar,Net Banking
ORD01126,2025-01-19,CUST0709,Furniture,Sofa,1,37452,0.27,5211.49,South,Bangalore,UPI
ORD01127,2025-09-17,CUST0462,Beauty,Shampoo,3,143712,0.01,8126.74,West,Mumbai,Debit Card
ORD01128,2025-04-11,CUST1095,Beauty,Perfume,1,4127,0.01,843.15,East,Kolkata,Net Banking
ORD01129,2025-08-07,CUST1126,Beauty,Shampoo,4,100888,0.21,10834.92,West,Mumbai,Credit Card
ORD01130,2025-01-30,CUST0488,Electronics,Mobile Phone,3,70662,0.06,9120.11,North,Lucknow,Credit Card
ORD01131,2025-05-08,CUST1665,Electronics,Laptop,5,188635,0.01,39283.22,South,Bangalore,UPI
ORD01132,2025-12-02,CUST1824,Electronics,Laptop,2,38040,0.01,4516.65,South,Bangalore,Credit Card
ORD01133,2025-10-06,CUST0422,Furniture,Chair,1,43530,0.02,4267.64,West,Pune,Cash on Delivery
ORD01134,2025-12-01,CUST0501,Furniture,Chair,3,73641,0.23,6154.42,West,Ahmedabad,Net Banking
ORD01135,2025-05-24,CUST0161,Furniture,Table,3,82272,0.21,11333.44,North,Delhi,Credit Card
ORD01136,2025-03-14,CUST0074,Clothing,Jeans,5,71560,0.04,13394.81,East,Patna,Credit Card
ORD01137,2025-06-03,CUST1695,Beauty,Perfume,4,10848,0.08,1673.15,North,Delhi,UPI
ORD01138,2025-04-16,CUST0777,Electronics,Headphones,1,25573,0.12,1325.12,West,Pune,Credit Card
ORD01139,2025-06-22,CUST1890,Beauty,Shampoo,5,116465,0.28,19455.22,East,Kolkata,Debit Card
ORD01140,2025-01-30,CUST1654,Books,Comics,5,144735,0.26,22119.37,North,Jaipur,UPI
ORD01141,2025-09-23,CUST0533,Books,Magazine,4,113104,0.17,15363.86,East,Patna,Credit Card
ORD01142,2025-02-13,CUST0512,Beauty,Perfume,1,18895,0.24,3449.23,South,Chennai,Net Banking
ORD01143,2025-12-01,CUST1660,Furniture,Table,5,92370,0.11,14949.43,West,Mumbai,Net Banking
ORD01144,2025-01-09,CUST0901,Electronics,Laptop,3,53505,0.25,5568.34,East,Patna,UPI
ORD01145,2025-02-10,CUST0567,Beauty,Shampoo,5,73880,0.12,10786.8,East,Bhubaneswar,Net Banking
ORD01146,2025-09-11,CUST0261,Books,Textbook,2,34816,0.23,2821.01,North,Jaipur,Credit Card
ORD01147,2025-08-14,CUST1188,Clothing,Jeans,1,43399,0.01,8029.66,North,Delhi,Debit Card
ORD01148,2025-06-30,CUST1107,Electronics,Smart Watch,3,52113,0.0,11412.03,North,Lucknow,UPI
ORD01149,2025-05-02,CUST0418,Books,Comics,1,33722,0.13,4465.47,East,Kolkata,Debit Card
ORD01150,2025-07-04,CUST0687,Books,Textbook,4,76208,0.04,8435.9,West,Mumbai,Cash on Delivery
ORD01151,2025-03-18,CUST1868,Furniture,Bookshelf,1,11006,0.11,1059.61,East,Patna,Net Banking
ORD01152,2025-10-25,CUST1460,Electronics,Laptop,5,237040,0.23,27676.81,South,Bangalore,Debit Card
ORD01153,2025-02-09,CUST1964,Clothing,Shoes,2,50950,0.23,7055.49,North,Lucknow,Credit Card
ORD01154,2025-08-14,CUST0650,Books,Magazine,1,40287,0.14,5366.43,North,Lucknow,Debit Card
ORD01155,2025-03-01,CUST1420,Clothing,Dress,2,48442,0.07,5089.12,South,Bangalore,Credit Card
ORD01156,2025-12-01,CUST0992,Beauty,Perfume,3,111690,0.15,22113.28,East,Kolkata,Net Banking
ORD01157,2025-07-28,CUST1381,Clothing,Shoes,5,43550,0.28,3103.89,West,Mumbai,Net Banking
ORD01158,2025-03-17,CUST1180,Clothing,Dress,3,24690,0.02,3247.24,East,Bhubaneswar,Cash on Delivery
ORD01159,2025-12-31,CUST1905,Clothing,Jeans,2,16832,0.13,2974.19,West,Mumbai,Cash on Delivery
ORD01160,2025-09-21,CUST1776,Electronics,Smart Watch,1,45722,0.05,2806.09,North,Jaipur,Net Banking
ORD01161,2025-03-02,CUST0690,Beauty,Perfume,4,184692,0.17,29493.33,East,Kolkata,Debit Card
ORD01162,2025-08-12,CUST0593,Books,Novel,3,89754,0.27,11542.5,North,Delhi,Cash on Delivery
ORD01163,2025-08-21,CUST0777,Clothing,Jeans,1,39399,0.18,5969.77,North,Delhi,Debit Card
ORD01164,2025-09-23,CUST1838,Beauty,Face Cream,2,39974,0.15,2027.04,East,Kolkata,Net Banking
ORD01165,2025-01-22,CUST1668,Books,Magazine,4,85512,0.23,15848.89,East,Bhubaneswar,Credit Card
ORD01166,2025-09-07,CUST0899,Beauty,Face Wash,3,57492,0.05,5875.12,East,Kolkata,Credit Card
ORD01167,2025-04-16,CUST1131,Clothing,Dress,1,15683,0.2,981.14,East,Patna,Net Banking
ORD01168,2025-01-14,CUST0757,Clothing,T-Shirt,5,66440,0.0,14384.32,North,Lucknow,Credit Card
ORD01169,2025-12-28,CUST1883,Furniture,Bookshelf,2,60486,0.09,3958.8,West,Ahmedabad,UPI
ORD01170,2025-03-01,CUST1984,Beauty,Perfume,1,9466,0.3,1300.9,West,Pune,Debit Card
ORD01171,2025-09-20,CUST1377,Electronics,Smart Watch,2,67460,0.1,8542.02,North,Jaipur,UPI
ORD01172,2025-11-17,CUST0073,Furniture,Sofa,5,106545,0.06,16188.02,West,Mumbai,UPI
ORD01173,2025-04-06,CUST1503,Clothing,Jeans,2,35770,0.14,4519.01,West,Mumbai,Cash on Delivery
ORD01174,2025-01-02,CUST0890,Furniture,Chair,1,34336,0.26,5078.91,South,Hyderabad,UPI
ORD01175,2025-10-26,CUST0481,Beauty,Face Cream,4,182348,0.08,21147.52,South,Chennai,Debit Card
ORD01176,2025-07-20,CUST1225,Beauty,Face Cream,3,132828,0.15,23636.32,East,Kolkata,Debit Card
ORD01177,2025-05-28,CUST0860,Books,Magazine,2,15728,0.29,2561.28,East,Kolkata,Cash on Delivery
ORD01178,2025-06-27,CUST1428,Furniture,Chair,2,61912,0.29,8005.66,West,Mumbai,Cash on Delivery
ORD01179,2025-09-17,CUST0441,Clothing,Shoes,4,182148,0.07,18326.46,West,Ahmedabad,Cash on Delivery
ORD01180,2025-07-24,CUST0534,Electronics,Headphones,3,82350,0.12,10028.87,East,Patna,UPI
ORD01181,2025-03-27,CUST1098,Furniture,Bookshelf,1,20718,0.13,1699.04,South,Bangalore,Credit Card
ORD01182,2025-07-14,CUST0185,Electronics,Headphones,5,9025,0.29,347.45,South,Hyderabad,Debit Card
ORD01183,2025-10-02,CUST0811,Furniture,Sofa,2,48460,0.16,10056.25,North,Lucknow,Credit Card
ORD01184,2025-01-07,CUST0074,Furniture,Chair,4,58520,0.17,4844.57,East,Bhubaneswar,UPI
ORD01185,2025-11-20,CUST1582,Books,Novel,1,10785,0.08,544.22,West,Pune,Credit Card
ORD01186,2025-02-13,CUST0157,Electronics,Headphones,4,36388,0.25,6149.33,North,Jaipur,UPI
ORD01187,2025-10-29,CUST1624,Books,Magazine,5,200700,0.28,9986.86,North,Delhi,Cash on Delivery
ORD01188,2025-04-14,CUST0205,Clothing,Dress,5,246120,0.01,25537.87,East,Bhubaneswar,Debit Card
ORD01189,2025-05-23,CUST0990,Books,Magazine,4,26392,0.07,3221.87,West,Pune,Debit Card
ORD01190,2025-10-07,CUST1464,Books,Comics,4,192724,0.12,21122.9,West,Mumbai,UPI
ORD01191,2025-11-26,CUST0637,Beauty,Face Cream,2,59600,0.11,8626.58,North,Jaipur,Debit Card
ORD01192,2025-05-08,CUST0172,Clothing,T-Shirt,2,28220,0.26,3089.87,North,Lucknow,Credit Card
ORD01193,2025-03-19,CUST0075,Beauty,Perfume,4,68064,0.12,11865.59,South,Chennai,Debit Card
ORD01194,2025-09-13,CUST0642,Books,Magazine,2,99964,0.17,12258.45,North,Jaipur,Credit Card
ORD01195,2025-02-23,CUST0872,Furniture,Bookshelf,5,244875,0.3,11362.4,West,Ahmedabad,UPI
ORD01196,2025-02-28,CUST0080,Beauty,Face Cream,5,247650,0.04,21271.79,North,Delhi,Cash on Delivery
ORD01197,2025-08-11,CUST0603,Beauty,Face Cream,5,139515,0.12,13425.27,West,Mumbai,Debit Card
ORD01198,2025-11-11,CUST1950,Books,Textbook,2,19548,0.09,3326.57,East,Patna,Debit Card
ORD01199,2025-03-11,CUST0337,Books,Textbook,2,44276,0.28,6185.3,West,Pune,Net Banking
ORD01200,2025-01-03,CUST0639,Beauty,Shampoo,2,20706,0.14,4427.97,East,Bhubaneswar,Credit Card
ORD01201,2025-02-04,CUST0718,Clothing,T-Shirt,1,4504,0.19,616.15,West,Pune,Net Banking
ORD01202,2025-10-27,CUST1494,Clothing,Dress,3,57372,0.25,9622.09,North,Delhi,Debit Card
ORD01203,2025-03-20,CUST0211,Furniture,Bookshelf,5,212735,0.2,11146.5,East,Patna,Credit Card
ORD01204,2025-07-16,CUST0677,Furniture,Chair,1,8803,0.24,1120.38,East,Patna,Net Banking
ORD01205,2025-02-16,CUST1904,Books,Textbook,2,1350,0.24,254.26,West,Mumbai,Net Banking
ORD01206,2025-03-12,CUST1048,Clothing,Jeans,1,21690,0.02,5185.84,South,Bangalore,Cash on Delivery
ORD01207,2025-07-17,CUST1447,Beauty,Perfume,5,40935,0.07,4897.62,East,Bhubaneswar,Cash on Delivery
ORD01208,2025-11-21,CUST1708,Furniture,Table,1,40174,0.25,7263.62,East,Patna,Debit Card
ORD01209,2025-11-30,CUST0714,Clothing,Shoes,3,136248,0.04,30077.34,West,Pune,Credit Card
ORD01210,2025-04-08,CUST0784,Electronics,Headphones,3,144726,0.13,21832.43,West,Ahmedabad,Debit Card
ORD01211,2025-06-18,CUST0193,Clothing,T-Shirt,3,104916,0.06,16493.15,South,Bangalore,Debit Card
ORD01212,2025-12-23,CUST1443,Furniture,Sofa,3,127656,0.14,6453.49,East,Kolkata,Debit Card
ORD01213,2025-08-31,CUST1536,Furniture,Sofa,4,161264,0.19,19340.18,North,Lucknow,Net Banking
ORD01214,2025-03-09,CUST0170,Electronics,Laptop,5,236235,0.05,44265.07,East,Kolkata,Cash on Delivery
ORD01215,2025-04-10,CUST1342,Electronics,Laptop,1,21093,0.03,3249.42,West,Ahmedabad,Net Banking
ORD01216,2025-01-08,CUST1927,Electronics,Headphones,2,77918,0.22,7490.73,East,Patna,Cash on Delivery
ORD01217,2025-08-16,CUST0092,Beauty,Shampoo,5,50835,0.22,2648.46,North,Delhi,Debit Card
ORD01218,2025-06-24,CUST0955,Books,Comics,1,20892,0.08,2309.11,West,Mumbai,Net Banking
ORD01219,2025-10-30,CUST1284,Electronics,Mobile Phone,1,12460,0.22,846.82,North,Delhi,UPI
ORD01220,2025-05-07,CUST0631,Clothing,T-Shirt,3,92007,0.02,17569.5,South,Hyderabad,Credit Card
ORD01221,2025-07-31,CUST0463,Clothing,Dress,3,36495,0.08,5473.06,North,Jaipur,Credit Card
ORD01222,2025-07-01,CUST1186,Furniture,Chair,3,138645,0.13,8260.43,South,Bangalore,Debit Card
ORD01223,2025-12-26,CUST0889,Furniture,Bookshelf,5,128875,0.05,20047.17,South,Chennai,Debit Card
ORD01224,2025-02-16,CUST1052,Furniture,Chair,5,183250,0.25,28705.06,East,Patna,Credit Card
ORD01225,2025-09-01,CUST0287,Furniture,Chair,1,8056,0.16,1192.51,West,Pune,Cash on Delivery
ORD01226,2025-12-26,CUST0215,Books,Textbook,4,174568,0.18,8126.38,East,Patna,Debit Card
ORD01227,2025-07-03,CUST0628,Electronics,Smart Watch,3,67692,0.19,3840.41,West,Pune,Credit Card
ORD01228,2025-07-24,CUST0970,Beauty,Face Cream,5,152065,0.18,23554.53,North,Jaipur,Credit Card
ORD01229,2025-04-30,CUST1563,Furniture,Table,4,80688,0.01,18835.8,East,Bhubaneswar,Net Banking
ORD01230,2025-03-27,CUST1889,Electronics,Mobile Phone,5,133815,0.18,9086.07,West,Pune,Debit Card
ORD01231,2025-03-14,CUST1642,Books,Comics,3,12075,0.29,958.96,South,Chennai,Debit Card
ORD01232,2025-06-04,CUST0630,Beauty,Perfume,1,43662,0.04,9497.68,South,Bangalore,UPI
ORD01233,2025-07-11,CUST0011,Clothing,Jeans,1,47956,0.07,8337.47,South,Bangalore,Cash on Delivery
ORD01234,2025-08-30,CUST1369,Clothing,Dress,5,227545,0.12,18521.84,North,Jaipur,Cash on Delivery
ORD01235,2025-06-17,CUST1840,Beauty,Face Cream,2,42726,0.23,2523.53,North,Jaipur,Debit Card
ORD01236,2025-04-24,CUST1814,Beauty,Perfume,4,177604,0.22,23174.29,North,Jaipur,Net Banking
ORD01237,2025-07-23,CUST1874,Clothing,Jeans,3,100089,0.25,12919.99,East,Bhubaneswar,UPI
ORD01238,2025-07-16,CUST1340,Clothing,Jeans,1,14343,0.09,894.99,West,Mumbai,Credit Card
ORD01239,2025-08-04,CUST0368,Beauty,Face Cream,4,179016,0.25,7648.28,East,Bhubaneswar,Credit Card
ORD01240,2025-07-27,CUST1646,Beauty,Shampoo,3,136383,0.22,19273.03,West,Mumbai,UPI
ORD01241,2025-12-01,CUST1966,Clothing,Dress,5,128325,0.21,5303.8,South,Hyderabad,Cash on Delivery
ORD01242,2025-08-19,CUST1029,Beauty,Shampoo,3,147393,0.19,20382.84,East,Bhubaneswar,Debit Card
ORD01243,2025-12-12,CUST0164,Beauty,Face Wash,2,56582,0.16,6021.64,East,Kolkata,Credit Card
ORD01244,2025-01-25,CUST0952,Electronics,Headphones,5,203865,0.22,22420.73,East,Kolkata,Debit Card
ORD01245,2025-05-10,CUST0872,Electronics,Laptop,3,11343,0.27,1550.73,West,Pune,Debit Card
ORD01246,2025-06-02,CUST1303,Furniture,Sofa,3,71664,0.13,8688.4,East,Kolkata,UPI
ORD01247,2025-02-13,CUST1096,Books,Novel,1,35317,0.22,2747.16,East,Patna,UPI
ORD01248,2025-05-05,CUST1882,Clothing,Jeans,3,69405,0.29,9254.24,West,Pune,Net Banking
ORD01249,2025-11-23,CUST1664,Books,Magazine,3,74793,0.01,12726.18,North,Delhi,UPI
ORD01250,2025-05-12,CUST1478,Beauty,Shampoo,3,84570,0.12,6458.76,East,Patna,UPI
ORD01251,2025-05-05,CUST1422,Beauty,Shampoo,3,61110,0.18,7908.97,South,Hyderabad,UPI
ORD01252,2025-09-14,CUST1376,Furniture,Bookshelf,3,148338,0.21,10211.99,South,Bangalore,UPI
ORD01253,2025-08-01,CUST1346,Books,Magazine,3,55110,0.0,5038.56,South,Hyderabad,Credit Card
ORD01254,2025-06-16,CUST0453,Furniture,Table,3,20598,0.07,1027.05,West,Ahmedabad,UPI
ORD01255,2025-09-01,CUST1905,Books,Textbook,4,168400,0.18,21858.17,West,Ahmedabad,Net Banking
ORD01256,2025-09-13,CUST0432,Electronics,Headphones,3,88869,0.05,18647.17,East,Bhubaneswar,Net Banking
ORD01257,2025-11-20,CUST0997,Clothing,Shoes,1,43799,0.26,7893.59,East,Bhubaneswar,Net Banking
ORD01258,2025-08-20,CUST1382,Furniture,Sofa,5,123475,0.09,22491.72,South,Hyderabad,Cash on Delivery
ORD01259,2025-01-12,CUST1539,Electronics,Smart Watch,3,112560,0.13,24400.05,South,Hyderabad,Debit Card
ORD01260,2025-03-05,CUST0199,Books,Magazine,5,45650,0.11,9741.24,South,Bangalore,Cash on Delivery
ORD01261,2025-07-25,CUST1127,Clothing,Jeans,3,36618,0.26,5510.92,North,Lucknow,Cash on Delivery
ORD01262,2025-12-07,CUST1812,Furniture,Chair,3,64296,0.23,8716.12,West,Ahmedabad,Debit Card
ORD01263,2025-03-22,CUST1893,Books,Magazine,4,123612,0.09,26424.31,South,Bangalore,Credit Card
ORD01264,2025-02-20,CUST0786,Beauty,Face Wash,3,92730,0.2,13847.95,North,Lucknow,Net Banking
ORD01265,2025-09-15,CUST0165,Beauty,Perfume,1,41058,0.07,6565.39,West,Mumbai,Net Banking
ORD01266,2025-12-17,CUST0187,Books,Magazine,5,84400,0.05,14039.44,North,Jaipur,Debit Card
ORD01267,2025-08-30,CUST1920,Electronics,Mobile Phone,4,98744,0.22,7537.44,South,Chennai,Credit Card
ORD01268,2025-12-17,CUST1236,Furniture,Chair,1,14066,0.17,1655.93,East,Kolkata,Cash on Delivery
ORD01269,2025-03-23,CUST0502,Clothing,Jeans,1,40084,0.25,6746.65,West,Ahmedabad,Cash on Delivery
ORD01270,2025-02-06,CUST1604,Electronics,Laptop,4,138252,0.3,21526.34,North,Lucknow,Cash on Delivery
ORD01271,2025-01-21,CUST0745,Furniture,Sofa,4,192324,0.02,40019.9,North,Jaipur,Cash on Delivery
ORD01272,2025-10-24,CUST1544,Books,Magazine,1,10067,0.25,1522.04,West,Mumbai,UPI
ORD01273,2025-04-18,CUST0542,Clothing,Dress,3,29406,0.27,4488.85,West,Ahmedabad,UPI
ORD01274,2025-06-01,CUST1412,Furniture,Sofa,4,199264,0.07,18902.17,West,Ahmedabad,Cash on Delivery
ORD01275,2025-09-25,CUST0591,Furniture,Bookshelf,3,118368,0.01,9140.87,East,Patna,UPI
ORD01276,2025-11-21,CUST0625,Clothing,Dress,3,61791,0.28,3633.04,East,Patna,Cash on Delivery
ORD01277,2025-05-12,CUST1305,Beauty,Face Wash,2,20204,0.18,3675.11,South,Hyderabad,Credit Card
ORD01278,2025-09-22,CUST0832,Electronics,Smart Watch,5,6450,0.08,1152.55,East,Kolkata,Cash on Delivery
ORD01279,2025-07-11,CUST0775,Books,Comics,2,77956,0.26,6510.56,East,Patna,Cash on Delivery
ORD01280,2025-04-26,CUST0634,Clothing,Shoes,4,5728,0.2,288.46,South,Bangalore,Credit Card
ORD01281,2025-10-19,CUST1870,Clothing,Jeans,1,43098,0.06,6067.02,East,Patna,UPI
ORD01282,2025-09-17,CUST0138,Books,Comics,1,26615,0.19,5182.7,South,Bangalore,Debit Card
ORD01283,2025-04-04,CUST1413,Books,Novel,5,173855,0.07,16364.87,North,Jaipur,Credit Card
ORD01284,2025-04-08,CUST1502,Clothing,Shoes,5,89585,0.17,5076.39,South,Chennai,UPI
ORD01285,2025-08-26,CUST0202,Clothing,Dress,2,32972,0.18,4495.02,North,Delhi,Net Banking
ORD01286,2025-02-21,CUST1111,Electronics,Headphones,4,32512,0.13,4107.25,North,Delhi,Net Banking
ORD01287,2025-08-15,CUST1593,Clothing,Shoes,1,38623,0.13,7761.99,East,Patna,Credit Card
ORD01288,2025-06-18,CUST1039,Books,Magazine,4,159640,0.08,25882.05,North,Jaipur,Cash on Delivery
ORD01289,2025-09-15,CUST0633,Books,Textbook,5,84095,0.1,14044.85,East,Bhubaneswar,Cash on Delivery
ORD01290,2025-02-03,CUST1558,Electronics,Smart Watch,3,101679,0.14,7225.16,West,Mumbai,Cash on Delivery
ORD01291,2025-04-29,CUST0437,Furniture,Sofa,5,62350,0.06,4204.75,West,Pune,Debit Card
ORD01292,2025-04-18,CUST1170,Books,Textbook,4,28976,0.21,5391.08,East,Patna,Credit Card
ORD01293,2025-09-22,CUST0971,Furniture,Chair,2,21700,0.18,1448.9,South,Bangalore,Net Banking
ORD01294,2025-07-01,CUST1699,Beauty,Face Wash,4,81588,0.11,8077.98,South,Bangalore,Debit Card
ORD01295,2025-01-29,CUST1984,Beauty,Face Wash,4,111344,0.0,26499.59,West,Ahmedabad,Cash on Delivery
ORD01296,2025-05-12,CUST0604,Furniture,Chair,1,46659,0.06,8000.44,West,Pune,Debit Card
ORD01297,2025-04-21,CUST1265,Electronics,Headphones,3,111219,0.17,8297.94,West,Pune,Net Banking
ORD01298,2025-10-31,CUST0963,Beauty,Face Wash,2,22026,0.1,2892.96,North,Delhi,UPI
ORD01299,2025-11-24,CUST0702,Beauty,Perfume,5,194555,0.11,12170.64,South,Bangalore,Debit Card
ORD01300,2025-06-16,CUST1588,Books,Textbook,1,31422,0.04,6031.98,West,Pune,Cash on Delivery
ORD01301,2025-10-21,CUST1120,Clothing,Jeans,2,74640,0.03,7170.96,East,Patna,Debit Card
ORD01302,2025-07-04,CUST1854,Books,Textbook,1,46326,0.21,4127.92,North,Delhi,Cash on Delivery
ORD01303,2025-12-27,CUST0531,Clothing,Jeans,2,61398,0.11,4906.89,East,Bhubaneswar,Debit Card
ORD01304,2025-01-25,CUST1704,Books,Novel,4,114020,0.12,14776.87,South,Chennai,Net Banking
ORD01305,2025-06-17,CUST1619,Electronics,Headphones,4,10408,0.29,1659.84,North,Lucknow,Net Banking
ORD01306,2025-10-13,CUST1599,Beauty,Face Wash,1,48631,0.02,3261.2,East,Patna,UPI
ORD01307,2025-02-07,CUST1572,Books,Comics,4,161916,0.2,11421.88,North,Lucknow,Cash on Delivery
ORD01308,2025-10-22,CUST0696,Furniture,Bookshelf,2,86254,0.1,6702.05,West,Ahmedabad,Cash on Delivery
ORD01309,2025-01-10,CUST0018,Books,Magazine,5,98775,0.0,21300.29,North,Jaipur,Credit Card
ORD01310,2025-08-23,CUST1339,Furniture,Bookshelf,2,77594,0.2,7158.75,South,Bangalore,Credit Card
ORD01311,2025-10-01,CUST1233,Books,Textbook,2,28018,0.09,1789.32,South,Chennai,UPI
ORD01312,2025-03-25,CUST0869,Clothing,Dress,3,46740,0.2,3378.0,North,Jaipur,Debit Card
ORD01313,2025-01-14,CUST0910,Clothing,Jeans,2,58624,0.04,13484.61,East,Kolkata,Credit Card
ORD01314,2025-03-05,CUST0191,Beauty,Shampoo,4,54068,0.06,6408.95,West,Pune,Credit Card
ORD01315,2025-06-12,CUST0851,Books,Novel,1,32554,0.22,3089.66,South,Chennai,Credit Card
ORD01316,2025-01-04,CUST0779,Clothing,T-Shirt,3,101520,0.03,13923.37,East,Bhubaneswar,Cash on Delivery
ORD01317,2025-06-03,CUST0470,Beauty,Shampoo,3,14337,0.13,2738.63,East,Bhubaneswar,UPI
ORD01318,2025-10-17,CUST0019,Beauty,Perfume,3,10419,0.04,998.22,North,Jaipur,Credit Card
ORD01319,2025-12-05,CUST0601,Books,Comics,4,12220,0.02,2520.58,South,Hyderabad,Debit Card
ORD01320,2025-12-09,CUST0372,Books,Magazine,2,23890,0.28,4180.83,South,Bangalore,Debit Card
ORD01321,2025-05-16,CUST1274,Electronics,Smart Watch,2,41116,0.12,4509.62,North,Jaipur,Debit Card
ORD01322,2025-07-28,CUST0096,Electronics,Laptop,4,10968,0.22,674.72,East,Kolkata,Net Banking
ORD01323,2025-02-03,CUST0231,Beauty,Face Cream,1,23350,0.27,1166.33,South,Chennai,Cash on Delivery
ORD01324,2025-05-12,CUST0263,Beauty,Perfume,5,211180,0.0,30673.62,West,Mumbai,Debit Card
ORD01325,2025-03-06,CUST0450,Books,Textbook,4,198272,0.25,24424.32,North,Jaipur,Net Banking
ORD01326,2025-11-11,CUST0216,Clothing,Jeans,1,49205,0.03,6241.39,South,Hyderabad,Credit Card
ORD01327,2025-10-30,CUST1065,Clothing,Dress,3,66108,0.21,7438.44,South,Hyderabad,Net Banking
ORD01328,2025-01-18,CUST1532,Books,Textbook,4,100240,0.2,13301.74,South,Bangalore,Cash on Delivery
ORD01329,2025-03-24,CUST0813,Electronics,Smart Watch,2,84182,0.01,17414.3,South,Chennai,Debit Card
ORD01330,2025-07-27,CUST0926,Electronics,Mobile Phone,2,83406,0.26,15069.41,West,Pune,Credit Card
ORD01331,2025-06-22,CUST1828,Beauty,Face Wash,3,130368,0.23,23567.72,West,Mumbai,Credit Card
ORD01332,2025-09-23,CUST0539,Furniture,Table,4,175864,0.03,37741.4,West,Ahmedabad,UPI
ORD01333,2025-02-26,CUST0247,Furniture,Bookshelf,2,13396,0.07,1762.68,North,Lucknow,Net Banking
ORD01334,2025-09-16,CUST0374,Furniture,Chair,4,116336,0.17,22972.3,East,Bhubaneswar,Cash on Delivery
ORD01335,2025-09-27,CUST1231,Books,Comics,2,3190,0.06,596.48,South,Hyderabad,Credit Card
ORD01336,2025-07-11,CUST0326,Books,Novel,2,91922,0.28,10336.2,East,Patna,UPI
ORD01337,2025-07-25,CUST0608,Clothing,Jeans,5,141440,0.26,11061.51,South,Hyderabad,Cash on Delivery
ORD01338,2025-02-08,CUST0515,Books,Magazine,3,28260,0.22,2424.68,West,Pune,Net Banking
ORD01339,2025-05-05,CUST0802,Furniture,Chair,4,38776,0.04,7984.32,North,Delhi,Credit Card
ORD01340,2025-03-13,CUST1829,Beauty,Perfume,3,15366,0.07,3426.98,South,Chennai,Cash on Delivery
ORD01341,2025-11-23,CUST0241,Electronics,Smart Watch,2,89110,0.08,9468.33,South,Bangalore,Net Banking
ORD01342,2025-11-09,CUST0931,Furniture,Sofa,4,80332,0.25,9534.52,West,Mumbai,Credit Card
ORD01343,2025-10-27,CUST0345,Electronics,Headphones,4,68964,0.03,9586.41,East,Kolkata,Cash on Delivery
ORD01344,2025-12-07,CUST1013,Furniture,Chair,5,198795,0.26,14454.64,North,Delhi,Cash on Delivery
ORD01345,2025-12-08,CUST1713,Beauty,Shampoo,3,50979,0.19,4780.32,North,Jaipur,Debit Card
ORD01346,2025-08-11,CUST1364,Furniture,Sofa,4,65632,0.18,5073.86,North,Delhi,Debit Card
ORD01347,2025-10-30,CUST1717,Electronics,Mobile Phone,5,221245,0.11,33539.83,West,Ahmedabad,UPI
ORD01348,2025-08-04,CUST1670,Books,Novel,3,115554,0.2,21332.0,North,Delhi,Cash on Delivery
ORD01349,2025-11-18,CUST1525,Electronics,Headphones,5,173795,0.01,22322.43,West,Pune,Cash on Delivery
ORD01350,2025-01-15,CUST1494,Electronics,Smart Watch,3,20925,0.09,2521.68,South,Chennai,Cash on Delivery
ORD01351,2025-08-23,CUST1432,Furniture,Table,2,37258,0.13,1930.6,East,Bhubaneswar,Debit Card
ORD01352,2025-09-13,CUST1755,Clothing,Jeans,4,199476,0.1,38256.41,East,Patna,UPI
ORD01353,2025-07-27,CUST0641,Furniture,Table,3,21414,0.27,1064.34,South,Bangalore,Net Banking
ORD01354,2025-08-13,CUST1835,Beauty,Face Cream,3,140577,0.15,14028.21,West,Mumbai,Debit Card
ORD01355,2025-12-25,CUST1316,Clothing,Jeans,1,12938,0.17,2488.83,East,Kolkata,Net Banking
ORD01356,2025-12-06,CUST0829,Furniture,Chair,1,13516,0.03,2521.59,West,Ahmedabad,Debit Card
ORD01357,2025-05-31,CUST1257,Clothing,Dress,2,51494,0.03,12048.49,East,Bhubaneswar,Net Banking
ORD01358,2025-05-21,CUST0054,Electronics,Headphones,1,16615,0.16,2561.1,South,Bangalore,Cash on Delivery
ORD01359,2025-06-01,CUST0500,Clothing,Jeans,4,171840,0.24,10327.11,South,Chennai,UPI
ORD01360,2025-04-06,CUST1737,Books,Magazine,5,183125,0.3,11337.91,West,Pune,Net Banking
ORD01361,2025-05-15,CUST0884,Books,Magazine,3,140451,0.24,13107.35,West,Ahmedabad,Debit Card
ORD01362,2025-12-26,CUST0506,Furniture,Chair,3,16644,0.29,908.73,East,Patna,Net Banking
ORD01363,2025-11-06,CUST0467,Books,Comics,4,142340,0.09,27389.08,North,Lucknow,Debit Card
ORD01364,2025-10-30,CUST0894,Books,Comics,5,19930,0.14,2357.99,West,Pune,UPI
ORD01365,2025-02-02,CUST1397,Clothing,T-Shirt,1,23280,0.14,3829.21,West,Ahmedabad,Debit Card
ORD01366,2025-03-10,CUST0812,Electronics,Headphones,1,47267,0.18,5277.65,East,Patna,Credit Card
ORD01367,2025-07-28,CUST0296,Beauty,Face Wash,2,75692,0.24,8720.41,East,Bhubaneswar,Net Banking
ORD01368,2025-02-06,CUST1258,Books,Textbook,1,47169,0.23,6083.24,North,Lucknow,UPI
ORD01369,2025-04-02,CUST1712,Books,Magazine,2,33610,0.29,4885.89,South,Hyderabad,Credit Card
ORD01370,2025-12-17,CUST0794,Electronics,Mobile Phone,1,6670,0.28,791.44,North,Jaipur,Cash on Delivery
ORD01371,2025-08-09,CUST1801,Beauty,Perfume,2,13564,0.09,1055.13,South,Bangalore,Debit Card
ORD01372,2025-11-21,CUST0168,Beauty,Shampoo,4,54584,0.07,12544.95,South,Bangalore,Debit Card
ORD01373,2025-07-11,CUST0196,Beauty,Shampoo,5,22455,0.29,985.75,East,Kolkata,Credit Card
ORD01374,2025-10-16,CUST0768,Electronics,Laptop,4,82284,0.01,18819.89,North,Jaipur,UPI
ORD01375,2025-12-16,CUST1870,Clothing,Jeans,5,74055,0.29,3648.63,West,Mumbai,Credit Card
ORD01376,2025-01-16,CUST1275,Books,Textbook,2,67496,0.04,13853.36,South,Bangalore,UPI
ORD01377,2025-03-27,CUST1844,Books,Novel,1,23375,0.2,3142.0,East,Bhubaneswar,UPI
ORD01378,2025-07-19,CUST1606,Beauty,Face Cream,3,90891,0.28,10444.21,South,Hyderabad,Cash on Delivery
ORD01379,2025-04-07,CUST1627,Electronics,Laptop,3,29295,0.07,5817.13,East,Kolkata,Cash on Delivery
ORD01380,2025-12-02,CUST0657,Electronics,Headphones,5,34865,0.25,1783.1,North,Jaipur,Net Banking
ORD01381,2025-11-17,CUST0874,Books,Magazine,3,28134,0.13,2193.3,South,Bangalore,Cash on Delivery
ORD01382,2025-11-09,CUST0797,Beauty,Perfume,1,32693,0.03,5145.33,North,Jaipur,Debit Card
ORD01383,2025-10-28,CUST1532,Beauty,Face Wash,1,12825,0.28,1028.89,North,Lucknow,Net Banking
ORD01384,2025-07-17,CUST0386,Books,Comics,1,35515,0.01,8556.28,East,Patna,Debit Card
ORD01385,2025-12-15,CUST1432,Books,Novel,5,174195,0.25,19825.45,West,Ahmedabad,UPI
ORD01386,2025-09-11,CUST0424,Clothing,T-Shirt,2,94376,0.1,16376.71,West,Mumbai,Net Banking
ORD01387,2025-05-04,CUST1351,Books,Novel,2,91358,0.03,9578.49,North,Jaipur,Debit Card
ORD01388,2025-11-15,CUST1370,Clothing,Shoes,4,13732,0.05,2214.46,South,Bangalore,Debit Card
ORD01389,2025-07-31,CUST0773,Beauty,Face Wash,3,81951,0.21,8622.08,South,Hyderabad,Debit Card
ORD01390,2025-08-18,CUST0264,Clothing,Shoes,1,41560,0.21,1916.09,East,Patna,Credit Card
ORD01391,2025-05-12,CUST1957,Electronics,Laptop,4,19432,0.06,2109.29,North,Delhi,Cash on Delivery
ORD01392,2025-04-14,CUST1947,Furniture,Table,3,22830,0.23,2267.37,East,Patna,UPI
ORD01393,2025-04-28,CUST0078,Books,Magazine,5,14195,0.14,877.35,South,Chennai,Cash on Delivery
ORD01394,2025-08-15,CUST1223,Clothing,T-Shirt,4,163300,0.11,28728.66,North,Delhi,UPI
ORD01395,2025-06-24,CUST1761,Books,Comics,3,10101,0.17,2009.75,South,Hyderabad,Debit Card
ORD01396,2025-09-16,CUST0131,Clothing,Dress,1,26145,0.11,5569.78,West,Mumbai,Credit Card
ORD01397,2025-05-06,CUST1233,Clothing,Jeans,4,8632,0.26,408.02,East,Patna,Net Banking
ORD01398,2025-09-23,CUST1095,Furniture,Chair,3,12648,0.03,773.24,South,Hyderabad,UPI
ORD01399,2025-01-04,CUST0781,Books,Comics,1,9903,0.27,1350.87,East,Bhubaneswar,UPI
ORD01400,2025-10-07,CUST0152,Books,Novel,1,15214,0.23,668.2,West,Ahmedabad,UPI
ORD01401,2025-12-16,CUST1005,Beauty,Perfume,5,129235,0.13,22443.48,East,Patna,Net Banking
ORD01402,2025-03-15,CUST0588,Furniture,Table,2,60534,0.16,6204.9,West,Pune,Credit Card
ORD01403,2025-08-24,CUST0841,Beauty,Face Wash,1,28794,0.24,1724.34,South,Bangalore,Net Banking
ORD01404,2025-08-02,CUST0944,Clothing,Shoes,3,42414,0.28,4099.07,South,Hyderabad,Cash on Delivery
ORD01405,2025-09-29,CUST0422,Beauty,Perfume,3,65595,0.2,4020.87,West,Pune,Credit Card
ORD01406,2025-07-29,CUST0768,Clothing,Jeans,5,121580,0.27,14168.69,South,Hyderabad,Debit Card
ORD01407,2025-11-16,CUST0845,Clothing,Shoes,1,36074,0.2,3176.36,South,Bangalore,UPI
ORD01408,2025-04-03,CUST1932,Clothing,Jeans,2,87460,0.12,11814.11,East,Patna,Cash on Delivery
ORD01409,2025-03-21,CUST1314,Electronics,Smart Watch,2,36824,0.3,4797.73,West,Ahmedabad,Cash on Delivery
ORD01410,2025-09-07,CUST0648,Books,Comics,3,93624,0.07,17213.2,South,Bangalore,Net Banking
ORD01411,2025-01-28,CUST0679,Books,Novel,1,1906,0.0,423.99,North,Delhi,UPI
ORD01412,2025-11-16,CUST1863,Furniture,Table,2,28918,0.09,1663.25,South,Hyderabad,Debit Card
ORD01413,2025-03-23,CUST1845,Books,Magazine,2,38976,0.09,7464.88,West,Pune,Credit Card
ORD01414,2025-08-29,CUST1434,Clothing,Shoes,5,136740,0.05,20844.79,North,Lucknow,Debit Card
ORD01415,2025-07-14,CUST0977,Clothing,T-Shirt,1,3080,0.04,373.12,South,Bangalore,Credit Card
ORD01416,2025-09-09,CUST1939,Electronics,Headphones,5,62080,0.13,2914.97,West,Ahmedabad,Net Banking
ORD01417,2025-07-21,CUST1878,Furniture,Table,1,12115,0.04,1279.59,North,Jaipur,Credit Card
ORD01418,2025-01-09,CUST1274,Electronics,Smart Watch,1,23746,0.18,4086.4,East,Bhubaneswar,Net Banking
ORD01419,2025-01-13,CUST1003,Beauty,Face Cream,2,68294,0.08,9681.32,East,Bhubaneswar,Debit Card
ORD01420,2025-01-21,CUST0559,Clothing,T-Shirt,3,53229,0.13,6325.37,South,Hyderabad,Cash on Delivery
ORD01421,2025-07-14,CUST0409,Electronics,Headphones,5,5995,0.22,251.77,North,Delhi,Cash on Delivery
ORD01422,2025-09-20,CUST1749,Beauty,Perfume,3,138507,0.11,15206.59,North,Lucknow,Cash on Delivery
ORD01423,2025-02-12,CUST1871,Beauty,Face Wash,3,110100,0.06,11004.33,South,Bangalore,Cash on Delivery
ORD01424,2025-02-03,CUST0316,Electronics,Headphones,2,15030,0.07,1194.01,North,Delhi,Net Banking
ORD01425,2025-11-13,CUST0145,Clothing,T-Shirt,1,48767,0.24,8303.28,North,Delhi,Credit Card
ORD01426,2025-04-13,CUST1881,Books,Magazine,1,40645,0.04,7446.02,East,Patna,UPI
ORD01427,2025-02-10,CUST0793,Clothing,T-Shirt,4,181724,0.07,10140.15,North,Delhi,Debit Card
ORD01428,2025-12-13,CUST1213,Books,Comics,4,160716,0.21,18263.0,West,Mumbai,UPI
ORD01429,2025-10-22,CUST1993,Beauty,Face Cream,2,26914,0.08,5586.93,North,Delhi,Credit Card
ORD01430,2025-10-31,CUST0608,Electronics,Laptop,3,46269,0.05,7782.74,South,Chennai,Net Banking
ORD01431,2025-12-02,CUST1824,Beauty,Face Wash,3,69282,0.22,8436.19,South,Bangalore,Debit Card
ORD01432,2025-11-14,CUST1548,Furniture,Chair,1,32869,0.1,5815.33,North,Delhi,Cash on Delivery
ORD01433,2025-07-05,CUST1430,Electronics,Mobile Phone,1,21366,0.18,4086.86,North,Lucknow,Net Banking
ORD01434,2025-06-03,CUST1564,Electronics,Headphones,3,147420,0.24,13902.8,East,Bhubaneswar,Cash on Delivery
ORD01435,2025-08-25,CUST0665,Furniture,Chair,2,6596,0.21,687.55,South,Hyderabad,Cash on Delivery
ORD01436,2025-01-13,CUST1789,Beauty,Perfume,2,97712,0.23,10075.86,West,Mumbai,Credit Card
ORD01437,2025-03-30,CUST0310,Furniture,Bookshelf,3,4242,0.13,787.86,South,Bangalore,Net Banking
ORD01438,2025-01-12,CUST1019,Clothing,Jeans,4,125804,0.04,14186.23,North,Delhi,Cash on Delivery
ORD01439,2025-08-11,CUST1941,Clothing,Dress,2,64770,0.18,7957.54,East,Kolkata,Credit Card
ORD01440,2025-03-14,CUST0482,Beauty,Shampoo,1,21686,0.21,2939.22,East,Kolkata,Net Banking
ORD01441,2025-06-09,CUST1401,Beauty,Face Cream,1,20685,0.19,1972.32,West,Pune,Net Banking
ORD01442,2025-03-07,CUST0757,Beauty,Shampoo,3,68562,0.22,11306.65,South,Hyderabad,Net Banking
ORD01443,2025-12-19,CUST0479,Beauty,Shampoo,3,83484,0.07,18549.42,North,Jaipur,Debit Card
ORD01444,2025-06-14,CUST1601,Beauty,Face Wash,3,138795,0.06,9840.7,East,Patna,Net Banking
ORD01445,2025-02-18,CUST0787,Clothing,Jeans,5,156425,0.27,12868.33,South,Bangalore,Credit Card
ORD01446,2025-05-17,CUST0138,Books,Textbook,4,123288,0.18,23068.34,North,Lucknow,Cash on Delivery
ORD01447,2025-05-07,CUST0458,Beauty,Face Cream,2,48680,0.25,2256.47,East,Patna,UPI
ORD01448,2025-06-10,CUST1239,Furniture,Table,2,36750,0.29,3834.02,West,Ahmedabad,Net Banking
ORD01449,2025-09-16,CUST0579,Clothing,Jeans,1,48701,0.27,5499.87,North,Jaipur,Credit Card
ORD01450,2025-11-30,CUST1319,Beauty,Perfume,3,41655,0.04,2201.65,North,Jaipur,Cash on Delivery
ORD01451,2025-08-16,CUST1554,Electronics,Headphones,4,166072,0.11,12030.61,West,Mumbai,Debit Card
ORD01452,2025-10-28,CUST0264,Electronics,Headphones,2,93574,0.18,8206.54,West,Pune,Debit Card
ORD01453,2025-07-12,CUST1127,Electronics,Laptop,5,158835,0.11,15981.63,North,Jaipur,UPI
ORD01454,2025-05-25,CUST0664,Beauty,Face Wash,3,122034,0.25,5208.42,West,Mumbai,Net Banking
ORD01455,2025-03-19,CUST0210,Books,Novel,2,66100,0.02,4118.52,North,Lucknow,Net Banking
ORD01456,2025-02-05,CUST1009,Clothing,Jeans,3,67983,0.02,7909.16,North,Jaipur,Cash on Delivery
ORD01457,2025-04-17,CUST0919,Books,Novel,4,184080,0.05,37523.0,West,Ahmedabad,Credit Card
ORD01458,2025-11-26,CUST1727,Electronics,Headphones,1,42754,0.21,1852.43,South,Chennai,Credit Card
ORD01459,2025-06-13,CUST0662,Beauty,Shampoo,2,21004,0.29,1156.26,North,Delhi,Cash on Delivery
ORD01460,2025-02-04,CUST0083,Beauty,Shampoo,1,44385,0.21,4663.1,East,Bhubaneswar,Credit Card
ORD01461,2025-10-25,CUST1806,Books,Novel,5,163540,0.0,31132.27,South,Chennai,Debit Card
ORD01462,2025-11-15,CUST0577,Books,Comics,2,71284,0.0,12512.91,West,Mumbai,Debit Card
ORD01463,2025-06-17,CUST1839,Books,Textbook,2,99850,0.18,9571.19,West,Mumbai,Debit Card
ORD01464,2025-09-20,CUST1577,Beauty,Shampoo,1,29699,0.18,4390.43,East,Bhubaneswar,Cash on Delivery
ORD01465,2025-04-13,CUST1556,Clothing,Jeans,4,29976,0.22,5257.21,North,Delhi,Net Banking
ORD01466,2025-05-10,CUST0445,Furniture,Chair,4,16252,0.19,1263.26,East,Bhubaneswar,Net Banking
ORD01467,2025-07-18,CUST1475,Electronics,Headphones,2,44768,0.06,10072.69,North,Delhi,Debit Card
ORD01468,2025-12-08,CUST1756,Beauty,Perfume,4,149016,0.18,25538.44,South,Bangalore,Credit Card
ORD01469,2025-01-01,CUST0622,Electronics,Laptop,5,18890,0.26,3345.88,North,Delhi,Cash on Delivery
ORD01470,2025-07-10,CUST0156,Beauty,Face Cream,3,43830,0.19,8669.24,North,Delhi,Debit Card
ORD01471,2025-04-15,CUST0247,Beauty,Shampoo,1,20295,0.04,2754.64,East,Kolkata,UPI
ORD01472,2025-10-24,CUST1424,Beauty,Face Cream,1,48001,0.07,9997.71,North,Delhi,Net Banking
ORD01473,2025-04-21,CUST0134,Furniture,Table,5,159695,0.02,29478.59,North,Lucknow,Cash on Delivery
ORD01474,2025-10-23,CUST1838,Beauty,Shampoo,4,124080,0.12,26705.94,North,Jaipur,UPI
ORD01475,2025-05-20,CUST1973,Electronics,Headphones,4,55136,0.24,2299.76,East,Patna,Credit Card
ORD01476,2025-12-26,CUST1001,Clothing,Shoes,1,37410,0.25,3845.81,North,Lucknow,Credit Card
ORD01477,2025-03-25,CUST0765,Electronics,Headphones,5,122855,0.14,15266.67,East,Kolkata,Debit Card
ORD01478,2025-08-28,CUST0712,Books,Comics,3,81519,0.05,10095.15,East,Patna,Debit Card
ORD01479,2025-06-20,CUST1894,Clothing,Shoes,4,24660,0.18,4589.29,West,Pune,Debit Card
ORD01480,2025-03-16,CUST1227,Beauty,Perfume,3,101052,0.28,17937.82,South,Chennai,Debit Card
ORD01481,2025-09-14,CUST1115,Books,Comics,4,23428,0.25,3973.59,South,Chennai,UPI
ORD01482,2025-12-17,CUST1454,Books,Novel,5,220285,0.28,31394.67,North,Jaipur,Debit Card
ORD01483,2025-07-21,CUST0449,Beauty,Shampoo,3,109329,0.28,12171.54,East,Patna,Net Banking
ORD01484,2025-04-07,CUST1467,Furniture,Bookshelf,4,42816,0.25,7355.15,North,Delhi,UPI
ORD01485,2025-07-27,CUST0621,Books,Novel,1,46043,0.29,3215.66,West,Mumbai,Credit Card
ORD01486,2025-12-15,CUST0147,Books,Novel,1,2538,0.09,211.14,South,Chennai,UPI
ORD01487,2025-06-03,CUST0703,Furniture,Bookshelf,3,131571,0.12,21948.16,North,Jaipur,Cash on Delivery
ORD01488,2025-10-31,CUST0086,Furniture,Chair,5,195725,0.28,24949.38,East,Bhubaneswar,Cash on Delivery
ORD01489,2025-07-16,CUST1542,Electronics,Mobile Phone,1,17262,0.21,3030.61,East,Bhubaneswar,Net Banking
ORD01490,2025-02-14,CUST0973,Electronics,Mobile Phone,4,9160,0.11,1977.39,East,Patna,Debit Card
ORD01491,2025-11-06,CUST0962,Books,Novel,1,30298,0.11,3167.78,North,Delhi,UPI
ORD01492,2025-10-31,CUST1767,Furniture,Table,5,137045,0.03,24827.32,West,Mumbai,UPI
ORD01493,2025-10-02,CUST1339,Books,Magazine,2,61708,0.08,9254.3,North,Lucknow,UPI
ORD01494,2025-11-04,CUST0679,Furniture,Sofa,4,78908,0.26,3384.59,West,Mumbai,Cash on Delivery
ORD01495,2025-12-01,CUST1855,Electronics,Smart Watch,4,129464,0.07,15346.47,North,Delhi,Credit Card
ORD01496,2025-09-10,CUST0469,Beauty,Shampoo,2,45572,0.26,5622.14,East,Kolkata,Cash on Delivery
ORD01497,2025-01-13,CUST0898,Electronics,Laptop,2,98038,0.29,11905.66,South,Chennai,Cash on Delivery
ORD01498,2025-08-03,CUST0971,Furniture,Bookshelf,5,229845,0.11,32463.37,North,Lucknow,UPI
ORD01499,2025-07-03,CUST0973,Furniture,Bookshelf,1,6217,0.08,1371.18,West,Mumbai,Cash on Delivery
ORD01500,2025-04-11,CUST0914,Books,Comics,1,11116,0.03,941.94,South,Chennai,Net Banking
ORD01501,2025-04-29,CUST0415,Furniture,Table,2,77298,0.12,11015.07,West,Mumbai,Credit Card
ORD01502,2025-09-26,CUST1364,Furniture,Chair,3,13293,0.15,592.44,West,Mumbai,Debit Card
ORD01503,2025-04-07,CUST1360,Books,Novel,3,49407,0.26,7686.81,East,Kolkata,Cash on Delivery
ORD01504,2025-02-06,CUST0300,Beauty,Perfume,2,51836,0.17,7546.64,South,Chennai,Credit Card
ORD01505,2025-07-31,CUST1720,Books,Comics,5,26285,0.17,2168.86,North,Jaipur,Debit Card
ORD01506,2025-01-15,CUST0395,Clothing,Dress,4,13248,0.26,2020.76,West,Mumbai,Debit Card
ORD01507,2025-07-28,CUST1324,Beauty,Perfume,2,63830,0.18,10891.74,South,Hyderabad,Credit Card
ORD01508,2025-02-13,CUST1443,Clothing,Dress,4,159236,0.01,9973.61,West,Mumbai,Credit Card
ORD01509,2025-06-24,CUST0622,Electronics,Headphones,3,92823,0.2,18366.76,East,Bhubaneswar,Net Banking
ORD01510,2025-12-19,CUST1208,Books,Textbook,5,162335,0.12,32032.59,East,Bhubaneswar,Net Banking
ORD01511,2025-09-22,CUST1263,Books,Comics,1,45813,0.15,4613.81,West,Pune,UPI
ORD01512,2025-06-15,CUST1858,Furniture,Table,5,170765,0.07,37378.49,East,Bhubaneswar,Credit Card
ORD01513,2025-05-16,CUST1225,Books,Comics,2,44908,0.16,4991.01,East,Bhubaneswar,Cash on Delivery
ORD01514,2025-08-25,CUST1192,Clothing,Jeans,3,141606,0.16,13587.37,East,Kolkata,Net Banking
ORD01515,2025-06-22,CUST0375,Clothing,T-Shirt,2,27964,0.18,4051.56,East,Patna,Cash on Delivery
ORD01516,2025-05-11,CUST1242,Furniture,Chair,3,113208,0.14,11515.6,West,Pune,UPI
ORD01517,2025-05-11,CUST1901,Furniture,Sofa,4,2856,0.02,594.48,West,Ahmedabad,Cash on Delivery
ORD01518,2025-09-08,CUST1220,Beauty,Face Wash,3,11523,0.29,1436.83,West,Mumbai,UPI
ORD01519,2025-01-28,CUST0085,Beauty,Perfume,1,9657,0.05,1121.7,West,Pune,UPI
ORD01520,2025-12-05,CUST1161,Furniture,Sofa,1,49194,0.21,3535.72,East,Kolkata,UPI
ORD01521,2025-11-13,CUST1237,Electronics,Laptop,3,57372,0.13,4796.58,East,Patna,Net Banking
ORD01522,2025-03-29,CUST1651,Furniture,Table,1,36787,0.18,6107.58,South,Chennai,Cash on Delivery
ORD01523,2025-09-06,CUST0256,Clothing,T-Shirt,5,245130,0.18,49209.87,South,Chennai,UPI
ORD01524,2025-04-23,CUST0573,Clothing,Shoes,4,161804,0.05,13020.88,South,Chennai,UPI
ORD01525,2025-04-29,CUST0206,Electronics,Smart Watch,5,199015,0.25,20782.1,East,Bhubaneswar,UPI
ORD01526,2025-05-20,CUST0421,Beauty,Perfume,4,163232,0.23,6863.27,West,Mumbai,Cash on Delivery
ORD01527,2025-11-07,CUST0421,Beauty,Face Wash,4,135052,0.18,24102.45,East,Kolkata,Debit Card
ORD01528,2025-05-21,CUST0510,Clothing,T-Shirt,4,56296,0.07,6316.83,West,Mumbai,Debit Card
ORD01529,2025-01-12,CUST0797,Clothing,Shoes,5,82475,0.19,4204.62,West,Mumbai,Net Banking
ORD01530,2025-02-15,CUST0896,Furniture,Table,4,116368,0.22,21043.21,West,Mumbai,Debit Card
ORD01531,2025-10-27,CUST1321,Furniture,Chair,3,95580,0.05,8519.62,East,Bhubaneswar,Net Banking
ORD01532,2025-03-23,CUST0190,Books,Comics,3,10932,0.23,572.35,North,Jaipur,Net Banking
ORD01533,2025-08-12,CUST0571,Books,Novel,5,86105,0.14,8044.13,East,Kolkata,Credit Card
ORD01534,2025-01-27,CUST1173,Clothing,Shoes,5,24380,0.07,1552.09,East,Kolkata,Credit Card
ORD01535,2025-12-31,CUST0158,Furniture,Bookshelf,2,3252,0.24,220.16,West,Mumbai,UPI
ORD01536,2025-04-02,CUST0313,Electronics,Headphones,1,30812,0.17,3165.7,South,Hyderabad,Net Banking
ORD01537,2025-09-16,CUST1833,Clothing,Jeans,2,36694,0.15,1688.73,North,Jaipur,UPI
ORD01538,2025-11-08,CUST1709,Beauty,Face Cream,4,42868,0.25,3163.18,South,Chennai,Debit Card
ORD01539,2025-03-24,CUST1311,Books,Textbook,4,47912,0.21,7293.26,West,Mumbai,Net Banking
ORD01540,2025-12-13,CUST1545,Electronics,Laptop,1,19322,0.14,3485.69,West,Mumbai,Cash on Delivery
ORD01541,2025-07-27,CUST1540,Books,Magazine,5,118475,0.24,14901.28,West,Ahmedabad,Debit Card
ORD01542,2025-11-04,CUST0753,Books,Magazine,4,35092,0.24,2437.06,South,Hyderabad,Debit Card
ORD01543,2025-01-09,CUST0442,Electronics,Mobile Phone,3,74955,0.01,10941.17,West,Pune,Cash on Delivery
ORD01544,2025-04-27,CUST1851,Clothing,Shoes,3,79425,0.07,3935.22,South,Hyderabad,Cash on Delivery
ORD01545,2025-08-01,CUST1966,Furniture,Bookshelf,4,99404,0.26,10493.91,West,Pune,UPI
ORD01546,2025-12-01,CUST1787,Clothing,Jeans,3,11943,0.11,2464.7,North,Jaipur,Cash on Delivery
ORD01547,2025-09-03,CUST0139,Electronics,Headphones,5,158835,0.01,38725.37,East,Patna,Debit Card
ORD01548,2025-12-31,CUST1151,Furniture,Chair,2,2448,0.3,135.7,East,Patna,Debit Card
ORD01549,2025-11-10,CUST0943,Electronics,Laptop,5,124155,0.01,16062.63,South,Hyderabad,Debit Card
ORD01550,2025-09-07,CUST0888,Books,Textbook,1,34381,0.18,6391.41,East,Bhubaneswar,Net Banking
ORD01551,2025-11-22,CUST0548,Electronics,Laptop,3,131382,0.21,20373.29,South,Bangalore,Credit Card
ORD01552,2025-06-05,CUST0025,Clothing,Jeans,4,74288,0.12,3816.39,North,Lucknow,Credit Card
ORD01553,2025-04-18,CUST0002,Clothing,Shoes,2,56956,0.16,4833.56,South,Bangalore,UPI
ORD01554,2025-03-26,CUST1895,Clothing,T-Shirt,4,19324,0.07,4187.8,East,Patna,Cash on Delivery
ORD01555,2025-05-13,CUST1182,Electronics,Laptop,5,241025,0.29,37668.43,West,Pune,Net Banking
ORD01556,2025-09-24,CUST1398,Books,Textbook,2,88522,0.2,13689.95,East,Patna,Debit Card
ORD01557,2025-06-03,CUST1022,Books,Comics,4,128716,0.08,28182.24,South,Chennai,Cash on Delivery
ORD01558,2025-05-08,CUST0951,Electronics,Headphones,2,73746,0.07,14175.94,East,Kolkata,Credit Card
ORD01559,2025-05-05,CUST0333,Electronics,Headphones,4,111912,0.17,10200.56,West,Ahmedabad,Net Banking
ORD01560,2025-08-31,CUST0063,Beauty,Shampoo,4,108408,0.24,6657.88,East,Kolkata,Debit Card
ORD01561,2025-04-20,CUST0831,Furniture,Sofa,4,130936,0.28,12186.69,East,Kolkata,Cash on Delivery
ORD01562,2025-07-12,CUST1748,Clothing,Dress,2,45054,0.05,4940.49,South,Hyderabad,UPI
ORD01563,2025-02-17,CUST1914,Electronics,Laptop,1,10333,0.16,1289.2,North,Lucknow,Credit Card
ORD01564,2025-12-14,CUST1405,Electronics,Laptop,1,9247,0.09,1840.44,West,Mumbai,Debit Card
ORD01565,2025-02-12,CUST0081,Books,Novel,3,66408,0.03,16056.47,North,Delhi,Net Banking
ORD01566,2025-09-27,CUST0147,Electronics,Smart Watch,4,30188,0.08,3007.41,South,Bangalore,Net Banking
ORD01567,2025-09-21,CUST0197,Furniture,Chair,5,87690,0.05,17095.54,North,Jaipur,Cash on Delivery
ORD01568,2025-08-20,CUST0735,Books,Comics,4,90776,0.2,13724.01,East,Kolkata,Net Banking
ORD01569,2025-08-25,CUST0305,Furniture,Table,2,41542,0.2,3061.13,West,Pune,Credit Card
ORD01570,2025-03-18,CUST1481,Electronics,Laptop,1,10178,0.03,1380.04,North,Lucknow,UPI
ORD01571,2025-11-26,CUST1369,Furniture,Table,2,95192,0.14,10804.24,East,Patna,Net Banking
ORD01572,2025-02-03,CUST0101,Books,Textbook,1,24368,0.05,2044.06,South,Bangalore,UPI
ORD01573,2025-06-15,CUST0921,Furniture,Bookshelf,4,174576,0.29,25625.82,South,Bangalore,Credit Card
ORD01574,2025-05-09,CUST0852,Furniture,Bookshelf,2,1974,0.26,121.0,East,Patna,UPI
ORD01575,2025-05-23,CUST1859,Beauty,Face Wash,2,32460,0.15,4113.03,South,Chennai,Credit Card
ORD01576,2025-06-22,CUST0006,Clothing,Shoes,3,141360,0.1,22006.62,North,Delhi,UPI
ORD01577,2025-09-16,CUST0561,Beauty,Face Cream,3,135261,0.2,21350.58,South,Chennai,Net Banking
ORD01578,2025-05-29,CUST1104,Beauty,Face Cream,1,30315,0.29,3620.17,West,Ahmedabad,Cash on Delivery
ORD01579,2025-08-31,CUST1699,Electronics,Headphones,4,156484,0.19,26411.03,East,Kolkata,Cash on Delivery
ORD01580,2025-01-20,CUST1673,Beauty,Face Cream,2,59886,0.08,12578.36,East,Patna,Credit Card
ORD01581,2025-08-19,CUST0490,Books,Textbook,1,35282,0.07,3096.17,West,Pune,Cash on Delivery
ORD01582,2025-08-02,CUST0034,Electronics,Mobile Phone,3,106734,0.24,12922.82,North,Delhi,Net Banking
ORD01583,2025-03-01,CUST1752,Furniture,Sofa,2,71004,0.2,6106.99,West,Ahmedabad,Credit Card
ORD01584,2025-11-28,CUST0503,Beauty,Face Wash,2,2862,0.21,149.08,South,Hyderabad,Cash on Delivery
ORD01585,2025-08-01,CUST0332,Electronics,Laptop,3,34731,0.2,5122.47,South,Hyderabad,Cash on Delivery
ORD01586,2025-11-24,CUST0141,Clothing,Jeans,3,62346,0.3,8218.33,East,Kolkata,UPI
ORD01587,2025-08-20,CUST0692,Clothing,T-Shirt,1,18198,0.29,938.99,North,Delhi,UPI
ORD01588,2025-02-17,CUST0724,Books,Magazine,5,93690,0.24,8633.66,North,Jaipur,Credit Card
ORD01589,2025-02-14,CUST0130,Beauty,Face Cream,1,41154,0.24,6526.33,East,Patna,Credit Card
ORD01590,2025-11-20,CUST0720,Clothing,Dress,5,66125,0.14,13360.61,South,Hyderabad,UPI
ORD01591,2025-11-23,CUST0991,Furniture,Bookshelf,5,134375,0.06,11119.13,West,Mumbai,Net Banking
ORD01592,2025-01-22,CUST0075,Electronics,Smart Watch,4,103520,0.1,11531.79,West,Ahmedabad,Cash on Delivery
ORD01593,2025-01-04,CUST1986,Clothing,T-Shirt,3,129042,0.1,23221.35,East,Kolkata,Debit Card
ORD01594,2025-03-11,CUST0970,Beauty,Shampoo,5,173060,0.17,10528.62,South,Chennai,Cash on Delivery
ORD01595,2025-08-06,CUST0601,Books,Textbook,1,42317,0.1,4281.23,North,Lucknow,UPI
ORD01596,2025-03-20,CUST0575,Electronics,Laptop,2,92212,0.08,10682.11,East,Patna,Debit Card
ORD01597,2025-01-14,CUST0584,Beauty,Shampoo,4,82840,0.22,8488.77,East,Kolkata,Debit Card
ORD01598,2025-02-18,CUST1997,Clothing,T-Shirt,5,198955,0.26,18036.22,South,Hyderabad,Debit Card
ORD01599,2025-01-26,CUST0567,Furniture,Table,5,72065,0.17,3933.83,North,Delhi,Debit Card
ORD01600,2025-01-21,CUST0639,Books,Novel,3,21246,0.27,3109.06,East,Patna,Cash on Delivery
ORD01601,2025-10-29,CUST0009,Electronics,Headphones,1,9471,0.02,2225.69,East,Patna,UPI
ORD01602,2025-10-15,CUST1834,Beauty,Shampoo,4,144072,0.03,11426.14,West,Pune,Credit Card
ORD01603,2025-01-09,CUST0964,Electronics,Headphones,5,232100,0.26,30257.52,South,Chennai,Credit Card
ORD01604,2025-04-07,CUST1009,Clothing,Jeans,1,45156,0.16,3969.97,South,Bangalore,Net Banking
ORD01605,2025-05-30,CUST0706,Clothing,T-Shirt,5,221020,0.12,41817.97,West,Mumbai,Credit Card
ORD01606,2025-08-04,CUST0523,Beauty,Perfume,2,81790,0.26,4535.09,East,Bhubaneswar,Net Banking
ORD01607,2025-10-23,CUST0378,Beauty,Shampoo,5,65140,0.22,9565.34,North,Jaipur,Net Banking
ORD01608,2025-02-06,CUST1401,Electronics,Smart Watch,1,15629,0.3,2176.86,South,Hyderabad,Cash on Delivery
ORD01609,2025-12-23,CUST0029,Clothing,Jeans,5,3420,0.2,529.27,East,Kolkata,Cash on Delivery
ORD01610,2025-07-08,CUST0666,Electronics,Headphones,2,20264,0.22,3273.71,South,Bangalore,Cash on Delivery
ORD01611,2025-04-07,CUST1782,Beauty,Face Wash,2,84236,0.04,10338.16,West,Ahmedabad,Credit Card
ORD01612,2025-02-01,CUST1601,Beauty,Perfume,1,17022,0.0,2429.32,East,Bhubaneswar,UPI
ORD01613,2025-08-07,CUST1576,Beauty,Face Wash,1,19322,0.04,1963.71,South,Bangalore,UPI
ORD01614,2025-05-22,CUST1720,Beauty,Shampoo,3,128163,0.07,10749.27,West,Pune,Cash on Delivery
ORD01615,2025-05-01,CUST1322,Beauty,Face Wash,2,58426,0.27,2278.81,South,Bangalore,Cash on Delivery
ORD01616,2025-02-20,CUST0557,Beauty,Face Cream,3,143301,0.11,12876.51,South,Chennai,Net Banking
ORD01617,2025-05-06,CUST1552,Furniture,Bookshelf,5,37600,0.07,3726.28,North,Delhi,Net Banking
ORD01618,2025-12-20,CUST1577,Books,Comics,1,10271,0.29,842.09,West,Ahmedabad,Net Banking
ORD01619,2025-08-06,CUST0515,Beauty,Face Wash,2,25558,0.03,2758.46,North,Jaipur,Debit Card
ORD01620,2025-08-30,CUST1280,Books,Comics,5,187705,0.17,10783.83,West,Ahmedabad,Credit Card
ORD01621,2025-09-10,CUST0467,Clothing,Dress,3,94176,0.23,11348.48,North,Jaipur,Cash on Delivery
ORD01622,2025-04-15,CUST0957,Books,Novel,5,47390,0.07,9841.89,North,Delhi,Cash on Delivery
ORD01623,2025-04-20,CUST0448,Books,Novel,5,147095,0.22,10801.81,North,Lucknow,Debit Card
ORD01624,2025-10-29,CUST1823,Electronics,Laptop,5,136565,0.04,13907.63,East,Kolkata,Cash on Delivery
ORD01625,2025-11-03,CUST1100,Clothing,T-Shirt,5,41420,0.03,4020.28,East,Kolkata,Credit Card
ORD01626,2025-09-08,CUST1674,Electronics,Mobile Phone,2,87152,0.23,13135.06,East,Patna,Credit Card
ORD01627,2025-01-01,CUST0875,Beauty,Face Wash,5,193495,0.07,29716.09,North,Delhi,Debit Card
ORD01628,2025-04-09,CUST0353,Furniture,Bookshelf,1,41604,0.17,6335.11,South,Chennai,Credit Card
ORD01629,2025-12-05,CUST0921,Clothing,T-Shirt,2,26904,0.04,3671.97,South,Chennai,Credit Card
ORD01630,2025-06-03,CUST1710,Books,Comics,2,49056,0.19,8981.51,North,Delhi,Cash on Delivery
ORD01631,2025-03-31,CUST1402,Clothing,T-Shirt,4,3996,0.05,216.48,South,Bangalore,Cash on Delivery
ORD01632,2025-12-25,CUST1665,Electronics,Laptop,1,10575,0.12,1274.21,South,Chennai,Credit Card
ORD01633,2025-08-18,CUST0871,Furniture,Table,5,177100,0.2,13192.89,West,Mumbai,Credit Card
ORD01634,2025-01-11,CUST0402,Books,Magazine,3,120699,0.06,22315.06,East,Bhubaneswar,Cash on Delivery
ORD01635,2025-01-28,CUST0471,Furniture,Bookshelf,5,40295,0.24,2307.71,West,Mumbai,Net Banking
ORD01636,2025-09-23,CUST0369,Electronics,Mobile Phone,5,235955,0.22,14179.49,West,Ahmedabad,Net Banking
ORD01637,2025-10-03,CUST1132,Clothing,Jeans,5,201365,0.16,10966.55,South,Chennai,UPI
ORD01638,2025-08-07,CUST1005,Furniture,Sofa,3,109419,0.04,8998.13,East,Bhubaneswar,Credit Card
ORD01639,2025-11-21,CUST1120,Clothing,Jeans,2,82898,0.13,9694.86,North,Lucknow,UPI
ORD01640,2025-01-14,CUST1588,Furniture,Bookshelf,3,67890,0.01,13650.3,South,Hyderabad,UPI
ORD01641,2025-02-20,CUST0900,Electronics,Laptop,5,29060,0.02,2508.54,East,Kolkata,Net Banking
ORD01642,2025-09-16,CUST1323,Furniture,Sofa,2,47312,0.09,7940.68,North,Lucknow,Debit Card
ORD01643,2025-09-02,CUST0589,Furniture,Table,5,50975,0.18,6908.5,South,Chennai,Cash on Delivery
ORD01644,2025-07-14,CUST0961,Books,Novel,3,100080,0.19,4741.64,South,Chennai,UPI
ORD01645,2025-05-06,CUST0774,Books,Magazine,1,39769,0.01,7181.62,West,Mumbai,Debit Card
ORD01646,2025-10-16,CUST0252,Furniture,Sofa,5,92635,0.16,10196.41,East,Patna,Credit Card
ORD01647,2025-06-08,CUST1683,Beauty,Face Cream,2,43158,0.11,2296.94,East,Patna,Credit Card
ORD01648,2025-05-04,CUST0841,Books,Magazine,1,41461,0.14,4683.35,North,Lucknow,Net Banking
ORD01649,2025-09-27,CUST0379,Books,Magazine,5,210980,0.29,33139.52,East,Kolkata,Credit Card
ORD01650,2025-10-12,CUST1875,Electronics,Laptop,1,26168,0.08,3748.77,East,Kolkata,Net Banking
ORD01651,2025-05-08,CUST1057,Electronics,Headphones,2,72758,0.28,7841.6,East,Patna,Credit Card
ORD01652,2025-12-23,CUST0820,Beauty,Face Cream,3,49122,0.05,2944.9,North,Jaipur,Net Banking
ORD01653,2025-03-08,CUST0755,Furniture,Chair,3,32679,0.01,7308.02,East,Bhubaneswar,Net Banking
ORD01654,2025-07-19,CUST0598,Beauty,Face Cream,3,17652,0.14,882.85,North,Jaipur,Cash on Delivery
ORD01655,2025-12-12,CUST0756,Clothing,Dress,1,12728,0.12,1073.2,East,Bhubaneswar,Debit Card
ORD01656,2025-07-30,CUST1623,Books,Comics,1,44321,0.03,5393.45,East,Kolkata,Debit Card
ORD01657,2025-09-23,CUST0366,Furniture,Sofa,1,24641,0.07,4342.18,South,Hyderabad,Debit Card
ORD01658,2025-12-18,CUST1309,Furniture,Chair,1,44650,0.21,2028.52,West,Ahmedabad,UPI
ORD01659,2025-10-28,CUST0646,Furniture,Chair,2,47538,0.06,6937.12,South,Chennai,UPI
ORD01660,2025-08-27,CUST1478,Beauty,Face Cream,1,6698,0.21,745.82,South,Chennai,UPI
ORD01661,2025-04-21,CUST0276,Books,Novel,5,32455,0.19,2355.4,South,Chennai,Cash on Delivery
ORD01662,2025-11-10,CUST1560,Furniture,Chair,1,47906,0.02,3134.85,North,Jaipur,Net Banking
ORD01663,2025-09-26,CUST1827,Beauty,Face Wash,4,133248,0.26,20290.9,West,Mumbai,UPI
ORD01664,2025-02-27,CUST1126,Electronics,Smart Watch,1,38910,0.03,7764.68,South,Chennai,Credit Card
ORD01665,2025-05-16,CUST1494,Books,Novel,4,89516,0.14,14670.62,South,Hyderabad,Debit Card
ORD01666,2025-06-27,CUST0275,Books,Novel,5,225360,0.06,26179.19,West,Mumbai,UPI
ORD01667,2025-10-04,CUST0599,Electronics,Headphones,5,211980,0.23,17524.97,North,Delhi,Credit Card
ORD01668,2025-04-10,CUST0350,Clothing,Shoes,1,38940,0.04,9322.67,West,Pune,Credit Card
ORD01669,2025-02-17,CUST0523,Clothing,Jeans,4,74092,0.1,8912.41,North,Delhi,UPI
ORD01670,2025-06-22,CUST0487,Furniture,Chair,1,24540,0.19,4086.87,West,Ahmedabad,Cash on Delivery
ORD01671,2025-03-07,CUST0874,Beauty,Perfume,1,34535,0.21,1999.89,West,Ahmedabad,UPI
ORD01672,2025-02-15,CUST1676,Electronics,Smart Watch,2,48358,0.12,9656.08,North,Lucknow,UPI
ORD01673,2025-04-22,CUST0521,Beauty,Face Cream,3,148002,0.06,33466.79,West,Mumbai,Debit Card
ORD01674,2025-11-17,CUST1736,Furniture,Sofa,5,62595,0.13,3907.59,West,Ahmedabad,Cash on Delivery
ORD01675,2025-05-04,CUST0623,Beauty,Face Cream,3,58593,0.22,2653.87,South,Hyderabad,Net Banking
ORD01676,2025-10-09,CUST1509,Electronics,Mobile Phone,3,48177,0.14,7599.55,South,Bangalore,Net Banking
ORD01677,2025-01-28,CUST0210,Clothing,Shoes,2,85558,0.11,14831.19,North,Delhi,Debit Card
ORD01678,2025-05-29,CUST0586,Beauty,Shampoo,3,112476,0.17,5878.38,North,Lucknow,Net Banking
ORD01679,2025-10-21,CUST1278,Clothing,T-Shirt,5,56760,0.12,8469.82,West,Pune,Cash on Delivery
ORD01680,2025-08-22,CUST0184,Books,Magazine,5,199205,0.22,28773.52,East,Patna,Net Banking
ORD01681,2025-06-19,CUST1158,Furniture,Chair,4,168924,0.29,11950.45,East,Patna,UPI
ORD01682,2025-02-25,CUST0379,Furniture,Sofa,5,66215,0.29,10723.96,East,Patna,Credit Card
ORD01683,2025-11-15,CUST1433,Furniture,Chair,5,185950,0.29,8047.49,West,Pune,UPI
ORD01684,2025-01-16,CUST1315,Books,Magazine,1,30461,0.23,5734.0,South,Bangalore,Cash on Delivery
ORD01685,2025-12-06,CUST1234,Clothing,Jeans,2,69156,0.18,6530.24,East,Patna,Debit Card
ORD01686,2025-03-02,CUST0292,Clothing,Jeans,1,23089,0.29,3728.74,North,Jaipur,Net Banking
ORD01687,2025-10-06,CUST1386,Books,Magazine,5,50745,0.12,9048.16,East,Kolkata,Credit Card
ORD01688,2025-02-07,CUST1892,Beauty,Face Wash,4,152184,0.11,17795.28,North,Lucknow,Credit Card
ORD01689,2025-06-22,CUST1892,Electronics,Mobile Phone,2,25940,0.24,2222.58,West,Mumbai,UPI
ORD01690,2025-06-09,CUST1741,Furniture,Chair,5,51305,0.07,9984.4,East,Bhubaneswar,Net Banking
ORD01691,2025-09-21,CUST0890,Furniture,Sofa,4,199216,0.07,9504.89,North,Delhi,Net Banking
ORD01692,2025-12-09,CUST0396,Beauty,Perfume,1,25874,0.15,1429.79,North,Delhi,Net Banking
ORD01693,2025-02-11,CUST0601,Furniture,Sofa,4,140360,0.02,24712.33,North,Delhi,Net Banking
ORD01694,2025-10-26,CUST1945,Electronics,Headphones,4,48448,0.26,5534.1,North,Jaipur,Cash on Delivery
ORD01695,2025-09-11,CUST0903,Beauty,Face Cream,3,44853,0.19,3779.3,North,Lucknow,Cash on Delivery
ORD01696,2025-07-26,CUST1563,Books,Textbook,1,47313,0.28,7735.8,West,Mumbai,Cash on Delivery
ORD01697,2025-11-17,CUST1692,Clothing,Jeans,5,32665,0.22,3781.52,East,Kolkata,Cash on Delivery
ORD01698,2025-07-23,CUST1919,Beauty,Shampoo,5,24385,0.23,1928.51,South,Hyderabad,Net Banking
ORD01699,2025-03-09,CUST1955,Books,Textbook,2,27562,0.14,1607.97,North,Delhi,Debit Card
ORD01700,2025-08-26,CUST0022,Furniture,Chair,4,30496,0.14,6174.61,South,Bangalore,Credit Card
ORD01701,2025-08-05,CUST0488,Clothing,T-Shirt,2,1060,0.11,88.47,North,Lucknow,Net Banking
ORD01702,2025-04-08,CUST0447,Furniture,Chair,5,190400,0.29,16924.53,West,Pune,Cash on Delivery
ORD01703,2025-10-24,CUST0662,Electronics,Headphones,5,18615,0.22,1215.86,East,Bhubaneswar,UPI
ORD01704,2025-01-28,CUST0485,Clothing,Shoes,1,6694,0.13,622.87,East,Patna,Cash on Delivery
ORD01705,2025-08-26,CUST1518,Clothing,Dress,4,142032,0.03,10795.0,North,Jaipur,Cash on Delivery
ORD01706,2025-10-29,CUST1099,Books,Comics,1,11082,0.19,2025.41,South,Chennai,Credit Card
ORD01707,2025-09-09,CUST1607,Electronics,Smart Watch,4,46988,0.17,4603.08,East,Patna,Net Banking
ORD01708,2025-04-01,CUST1114,Beauty,Face Cream,5,82135,0.26,13348.19,West,Mumbai,Debit Card
ORD01709,2025-09-10,CUST1609,Beauty,Shampoo,5,248345,0.13,42727.43,East,Kolkata,Net Banking
ORD01710,2025-09-12,CUST0484,Books,Magazine,1,30225,0.14,1617.26,West,Ahmedabad,Cash on Delivery
ORD01711,2025-03-29,CUST0370,Books,Comics,1,25149,0.16,1412.65,North,Jaipur,Credit Card
ORD01712,2025-06-21,CUST1105,Furniture,Table,4,179928,0.26,16404.75,South,Chennai,Cash on Delivery
ORD01713,2025-03-31,CUST0149,Electronics,Headphones,2,97008,0.02,17136.96,West,Ahmedabad,Net Banking
ORD01714,2025-12-16,CUST0550,Clothing,Dress,5,15420,0.17,2007.48,West,Pune,Credit Card
ORD01715,2025-11-06,CUST1417,Beauty,Face Wash,2,5952,0.26,923.52,North,Delhi,Credit Card
ORD01716,2025-06-22,CUST1733,Books,Magazine,3,128973,0.04,28043.67,East,Patna,Net Banking
ORD01717,2025-01-19,CUST1424,Books,Novel,3,90339,0.19,11086.46,North,Jaipur,Cash on Delivery
ORD01718,2025-10-04,CUST1576,Electronics,Headphones,5,134110,0.13,16978.68,South,Chennai,Credit Card
ORD01719,2025-08-25,CUST1014,Electronics,Mobile Phone,1,40740,0.02,7009.42,East,Bhubaneswar,Net Banking
ORD01720,2025-09-12,CUST1472,Books,Magazine,2,82740,0.17,9428.48,West,Ahmedabad,Credit Card
ORD01721,2025-01-01,CUST0817,Clothing,Dress,1,42659,0.16,6676.24,South,Bangalore,Credit Card
ORD01722,2025-07-19,CUST0781,Clothing,Dress,3,7377,0.2,1319.35,North,Lucknow,Net Banking
ORD01723,2025-06-25,CUST1746,Furniture,Bookshelf,1,11504,0.08,1675.97,North,Delhi,Debit Card
ORD01724,2025-06-30,CUST1693,Furniture,Table,4,122764,0.18,8981.61,South,Hyderabad,Net Banking
ORD01725,2025-05-18,CUST1617,Furniture,Chair,2,90590,0.16,12571.8,South,Hyderabad,Cash on Delivery
ORD01726,2025-06-17,CUST0383,Clothing,Jeans,4,45100,0.08,7754.6,North,Jaipur,Net Banking
ORD01727,2025-10-29,CUST0454,Furniture,Bookshelf,4,45956,0.29,2752.94,South,Bangalore,Credit Card
ORD01728,2025-07-07,CUST0053,Furniture,Table,5,37300,0.17,3970.3,North,Delhi,Cash on Delivery
ORD01729,2025-12-15,CUST0589,Books,Textbook,3,4572,0.18,754.3,West,Ahmedabad,Debit Card
ORD01730,2025-10-23,CUST0153,Clothing,T-Shirt,5,41810,0.26,7078.11,South,Bangalore,UPI
ORD01731,2025-05-01,CUST0552,Beauty,Perfume,2,69358,0.25,6071.76,South,Chennai,UPI
ORD01732,2025-06-17,CUST1695,Electronics,Headphones,3,18840,0.1,2386.31,South,Bangalore,Debit Card
ORD01733,2025-08-03,CUST0975,Clothing,T-Shirt,2,48986,0.19,3685.89,South,Hyderabad,Net Banking
ORD01734,2025-03-18,CUST1428,Electronics,Smart Watch,3,10503,0.0,1829.14,West,Pune,UPI
ORD01735,2025-03-04,CUST1426,Furniture,Sofa,2,60850,0.11,8439.88,North,Jaipur,Net Banking
ORD01736,2025-05-01,CUST1730,Books,Magazine,2,63654,0.0,7778.35,North,Lucknow,Net Banking
ORD01737,2025-08-08,CUST0853,Books,Textbook,2,44370,0.17,8565.19,West,Mumbai,UPI
ORD01738,2025-09-10,CUST1447,Furniture,Bookshelf,4,75276,0.09,5721.08,West,Ahmedabad,Debit Card
ORD01739,2025-06-12,CUST1614,Books,Textbook,3,145590,0.18,28999.17,East,Patna,Net Banking
ORD01740,2025-08-08,CUST0681,Furniture,Chair,5,41380,0.29,6242.72,South,Bangalore,UPI
ORD01741,2025-11-28,CUST1799,Clothing,T-Shirt,2,41218,0.11,3518.54,North,Delhi,Credit Card
ORD01742,2025-01-03,CUST0664,Electronics,Smart Watch,1,21863,0.26,1032.98,South,Hyderabad,Debit Card
ORD01743,2025-05-26,CUST0622,Beauty,Shampoo,4,147632,0.22,21464.4,South,Hyderabad,Debit Card
ORD01744,2025-12-20,CUST1919,Books,Magazine,5,237360,0.15,30246.63,West,Ahmedabad,Credit Card
ORD01745,2025-03-08,CUST0751,Beauty,Perfume,3,127947,0.12,22448.87,West,Ahmedabad,Net Banking
ORD01746,2025-12-29,CUST1113,Clothing,Dress,1,34960,0.07,6915.91,East,Kolkata,UPI
ORD01747,2025-01-04,CUST1284,Clothing,Jeans,2,80504,0.04,16865.92,North,Delhi,Debit Card
ORD01748,2025-09-08,CUST0328,Books,Novel,1,6388,0.16,714.06,North,Jaipur,Credit Card
ORD01749,2025-12-28,CUST0179,Books,Magazine,5,56585,0.23,5699.24,East,Kolkata,Cash on Delivery
ORD01750,2025-10-15,CUST1286,Clothing,Jeans,4,86108,0.08,19381.75,East,Bhubaneswar,Debit Card
ORD01751,2025-09-19,CUST1673,Beauty,Face Cream,5,13210,0.1,2065.38,West,Mumbai,Cash on Delivery
ORD01752,2025-03-03,CUST1322,Beauty,Face Cream,1,36503,0.26,5231.13,North,Jaipur,Cash on Delivery
ORD01753,2025-04-22,CUST1897,Clothing,T-Shirt,2,26994,0.13,4542.87,West,Ahmedabad,Net Banking
ORD01754,2025-11-11,CUST0439,Books,Comics,2,23614,0.05,5407.29,North,Jaipur,Cash on Delivery
ORD01755,2025-10-09,CUST0295,Clothing,T-Shirt,5,27190,0.19,2141.92,West,Pune,Credit Card
ORD01756,2025-06-13,CUST1139,Clothing,Dress,2,76706,0.26,8970.32,East,Patna,Debit Card
ORD01757,2025-03-24,CUST1656,Furniture,Bookshelf,4,195228,0.22,22631.59,North,Jaipur,Cash on Delivery
ORD01758,2025-09-13,CUST1252,Furniture,Chair,3,52821,0.26,6469.84,North,Lucknow,UPI
ORD01759,2025-01-29,CUST0679,Clothing,Shoes,2,75846,0.05,4609.74,West,Mumbai,Credit Card
ORD01760,2025-06-17,CUST0284,Books,Magazine,1,14540,0.15,2831.16,West,Ahmedabad,Net Banking
ORD01761,2025-07-06,CUST0814,Books,Comics,1,44751,0.23,2402.13,South,Chennai,UPI
ORD01762,2025-12-18,CUST1813,Books,Comics,1,17887,0.23,2035.5,South,Chennai,Cash on Delivery
ORD01763,2025-07-10,CUST1367,Books,Magazine,2,91874,0.22,13686.71,East,Patna,Net Banking
ORD01764,2025-01-21,CUST0414,Furniture,Chair,5,131715,0.28,19890.5,South,Hyderabad,UPI
ORD01765,2025-02-26,CUST0943,Furniture,Table,1,38030,0.26,4637.0,South,Bangalore,UPI
ORD01766,2025-10-23,CUST0343,Furniture,Chair,5,33160,0.01,2621.12,South,Hyderabad,Net Banking
ORD01767,2025-09-19,CUST0395,Furniture,Sofa,2,63648,0.08,13091.48,North,Jaipur,UPI
ORD01768,2025-09-13,CUST0191,Books,Comics,4,125232,0.02,22993.55,North,Lucknow,Net Banking
ORD01769,2025-03-02,CUST1776,Electronics,Smart Watch,2,96912,0.05,8419.39,West,Mumbai,Cash on Delivery
ORD01770,2025-03-01,CUST0231,Beauty,Perfume,1,40204,0.23,5717.39,South,Chennai,Cash on Delivery
ORD01771,2025-03-11,CUST1481,Beauty,Shampoo,1,8427,0.19,384.87,South,Chennai,Debit Card
ORD01772,2025-10-20,CUST0395,Books,Magazine,5,247200,0.22,11068.53,South,Chennai,Cash on Delivery
ORD01773,2025-12-07,CUST1662,Beauty,Face Wash,1,43775,0.05,7490.74,South,Hyderabad,Debit Card
ORD01774,2025-10-13,CUST1399,Books,Novel,2,14166,0.03,749.46,South,Bangalore,Cash on Delivery
ORD01775,2025-11-02,CUST0588,Books,Comics,5,220380,0.1,15257.83,East,Kolkata,Cash on Delivery
ORD01776,2025-02-03,CUST1660,Clothing,T-Shirt,3,70305,0.22,11950.78,South,Hyderabad,UPI
ORD01777,2025-04-28,CUST1985,Clothing,Dress,5,165210,0.25,25434.81,South,Hyderabad,Cash on Delivery
ORD01778,2025-07-18,CUST0629,Electronics,Smart Watch,4,96112,0.16,12750.16,East,Kolkata,Credit Card
ORD01779,2025-01-28,CUST0866,Clothing,T-Shirt,2,4360,0.04,612.65,East,Kolkata,UPI
ORD01780,2025-11-14,CUST0126,Furniture,Chair,5,164650,0.08,12613.63,West,Mumbai,Cash on Delivery
ORD01781,2025-05-25,CUST1088,Electronics,Mobile Phone,1,27523,0.07,1927.32,West,Ahmedabad,UPI
ORD01782,2025-01-17,CUST0512,Furniture,Table,1,15038,0.21,2652.7,East,Kolkata,UPI
ORD01783,2025-07-08,CUST0867,Electronics,Laptop,4,149960,0.27,19482.27,East,Bhubaneswar,Debit Card
ORD01784,2025-05-26,CUST0871,Books,Novel,5,224360,0.23,20662.87,East,Bhubaneswar,Credit Card
ORD01785,2025-01-23,CUST1137,Clothing,Dress,2,33912,0.14,1474.15,West,Mumbai,UPI
ORD01786,2025-02-21,CUST0921,Electronics,Laptop,1,48779,0.24,5960.02,North,Delhi,Cash on Delivery
ORD01787,2025-02-19,CUST1664,Furniture,Sofa,4,137336,0.01,7155.14,West,Mumbai,Debit Card
ORD01788,2025-02-01,CUST0950,Beauty,Shampoo,1,47672,0.03,5481.68,South,Hyderabad,UPI
ORD01789,2025-06-20,CUST0164,Clothing,T-Shirt,1,16654,0.02,3142.17,West,Pune,UPI
ORD01790,2025-12-27,CUST0403,Furniture,Table,3,40722,0.24,2630.52,East,Bhubaneswar,UPI
ORD01791,2025-12-27,CUST0880,Electronics,Mobile Phone,5,175555,0.2,19572.83,South,Bangalore,Net Banking
ORD01792,2025-12-10,CUST1646,Furniture,Bookshelf,1,37282,0.0,3347.66,North,Delhi,Credit Card
ORD01793,2025-03-18,CUST0162,Books,Magazine,3,87510,0.27,8774.99,South,Bangalore,Debit Card
ORD01794,2025-07-26,CUST0850,Books,Novel,4,6972,0.01,1697.72,South,Chennai,Cash on Delivery
ORD01795,2025-01-26,CUST0916,Electronics,Headphones,5,10670,0.23,1717.29,East,Patna,Net Banking
ORD01796,2025-05-01,CUST1114,Beauty,Perfume,1,1787,0.22,142.92,North,Jaipur,Net Banking
ORD01797,2025-03-30,CUST0087,Electronics,Headphones,2,88518,0.3,3913.3,North,Jaipur,Debit Card
ORD01798,2025-11-07,CUST1084,Books,Novel,5,165325,0.28,15355.39,East,Patna,Cash on Delivery
ORD01799,2025-07-15,CUST1235,Clothing,T-Shirt,5,146355,0.21,24596.29,South,Bangalore,Net Banking
ORD01800,2025-01-26,CUST0994,Furniture,Sofa,1,10228,0.06,1031.91,West,Pune,Cash on Delivery
ORD01801,2025-12-19,CUST1981,Books,Textbook,2,43246,0.13,3468.45,South,Chennai,Net Banking
ORD01802,2025-05-16,CUST0339,Books,Textbook,4,5840,0.02,1227.68,North,Lucknow,Cash on Delivery
ORD01803,2025-03-29,CUST0217,Clothing,T-Shirt,1,34288,0.14,6806.21,South,Bangalore,UPI
ORD01804,2025-02-18,CUST1741,Beauty,Shampoo,1,41841,0.24,5582.47,South,Hyderabad,Net Banking
ORD01805,2025-10-27,CUST0919,Electronics,Smart Watch,5,189785,0.15,24341.38,East,Patna,Credit Card
ORD01806,2025-12-05,CUST1041,Electronics,Laptop,5,167535,0.19,32964.57,West,Mumbai,UPI
ORD01807,2025-07-02,CUST1069,Electronics,Mobile Phone,5,47795,0.05,3362.19,East,Bhubaneswar,Net Banking
ORD01808,2025-05-13,CUST1107,Clothing,Shoes,1,35830,0.05,7228.89,East,Bhubaneswar,UPI
ORD01809,2025-02-13,CUST0614,Beauty,Perfume,1,12285,0.25,1161.39,East,Bhubaneswar,Net Banking
ORD01810,2025-03-26,CUST1229,Beauty,Shampoo,5,166235,0.2,22353.42,North,Delhi,Cash on Delivery
ORD01811,2025-09-02,CUST1362,Books,Comics,4,153672,0.28,20364.58,West,Ahmedabad,UPI
ORD01812,2025-10-25,CUST0868,Furniture,Sofa,1,17450,0.27,862.24,East,Kolkata,UPI
ORD01813,2025-12-12,CUST1831,Furniture,Bookshelf,5,212975,0.07,29215.11,North,Jaipur,Net Banking
ORD01814,2025-10-25,CUST1635,Books,Comics,4,94808,0.03,21722.03,East,Patna,Cash on Delivery
ORD01815,2025-07-12,CUST0786,Clothing,Dress,4,186024,0.19,32700.05,North,Lucknow,Net Banking
ORD01816,2025-08-16,CUST0024,Clothing,Dress,3,90573,0.15,6184.98,West,Mumbai,Credit Card
ORD01817,2025-05-05,CUST1691,Books,Textbook,2,21946,0.29,1887.16,North,Jaipur,Cash on Delivery
ORD01818,2025-12-23,CUST1028,Furniture,Chair,5,75245,0.08,9001.11,North,Lucknow,Credit Card
ORD01819,2025-09-27,CUST0912,Books,Novel,3,79197,0.14,16899.24,West,Mumbai,Net Banking
ORD01820,2025-02-27,CUST1202,Books,Novel,5,23275,0.03,1462.31,West,Mumbai,Credit Card
ORD01821,2025-07-28,CUST1832,Furniture,Chair,4,30300,0.07,4086.58,South,Hyderabad,UPI
ORD01822,2025-06-20,CUST1597,Furniture,Chair,3,64653,0.17,3696.19,South,Chennai,UPI
ORD01823,2025-08-08,CUST0652,Clothing,Dress,4,39916,0.08,6362.43,East,Bhubaneswar,UPI
ORD01824,2025-09-05,CUST1837,Clothing,Dress,5,138940,0.12,7658.32,East,Kolkata,UPI
ORD01825,2025-10-07,CUST1109,Books,Comics,5,190335,0.23,25808.47,East,Patna,UPI
ORD01826,2025-02-23,CUST1613,Beauty,Perfume,3,17151,0.13,1980.66,South,Chennai,Credit Card
ORD01827,2025-10-03,CUST1265,Furniture,Chair,4,71472,0.16,10403.94,West,Ahmedabad,Credit Card
ORD01828,2025-02-16,CUST0671,Books,Magazine,5,127395,0.17,19850.99,West,Pune,Debit Card
ORD01829,2025-11-03,CUST1392,Books,Textbook,1,7751,0.04,572.61,East,Patna,Credit Card
ORD01830,2025-08-31,CUST0161,Electronics,Mobile Phone,4,184128,0.01,13248.18,East,Kolkata,Cash on Delivery
ORD01831,2025-11-28,CUST0258,Electronics,Smart Watch,4,84412,0.07,19246.84,West,Mumbai,UPI
ORD01832,2025-01-13,CUST1217,Books,Textbook,5,20785,0.11,953.34,East,Bhubaneswar,Net Banking
ORD01833,2025-07-12,CUST0769,Furniture,Chair,5,84490,0.05,8721.93,East,Patna,Debit Card
ORD01834,2025-03-24,CUST0030,Books,Magazine,4,15104,0.1,1864.51,West,Pune,Debit Card
ORD01835,2025-08-19,CUST1603,Furniture,Bookshelf,4,91104,0.16,4273.05,East,Bhubaneswar,Debit Card
ORD01836,2025-07-09,CUST0529,Furniture,Chair,5,11965,0.13,1025.38,South,Hyderabad,Cash on Delivery
ORD01837,2025-11-20,CUST0685,Beauty,Face Cream,3,139242,0.09,9082.56,South,Bangalore,Net Banking
ORD01838,2025-04-06,CUST0243,Books,Textbook,1,46033,0.28,4477.69,South,Chennai,Credit Card
ORD01839,2025-07-25,CUST0276,Clothing,Dress,4,127400,0.21,14572.5,South,Bangalore,Debit Card
ORD01840,2025-02-21,CUST0190,Books,Novel,1,5681,0.05,1035.29,West,Mumbai,Debit Card
ORD01841,2025-09-22,CUST0812,Books,Textbook,1,35683,0.0,5171.08,West,Mumbai,Cash on Delivery
ORD01842,2025-08-16,CUST1907,Beauty,Face Cream,2,76738,0.18,14998.45,South,Chennai,UPI
ORD01843,2025-08-06,CUST0156,Furniture,Bookshelf,4,70972,0.26,9333.66,South,Hyderabad,Credit Card
ORD01844,2025-09-03,CUST0701,Electronics,Smart Watch,5,84820,0.07,15929.9,North,Delhi,Credit Card
ORD01845,2025-11-22,CUST0346,Beauty,Face Wash,1,30725,0.17,6241.31,West,Ahmedabad,Debit Card
ORD01846,2025-09-15,CUST0665,Furniture,Chair,1,44523,0.17,7399.53,East,Kolkata,Debit Card
ORD01847,2025-11-30,CUST0957,Furniture,Table,4,68704,0.09,7720.39,North,Delhi,Debit Card
ORD01848,2025-08-18,CUST0585,Clothing,Jeans,2,26368,0.05,4824.18,North,Delhi,Net Banking
ORD01849,2025-05-31,CUST1322,Books,Magazine,4,106368,0.23,8073.97,North,Jaipur,Credit Card
ORD01850,2025-02-07,CUST1839,Beauty,Face Cream,5,179085,0.11,13379.34,North,Delhi,Cash on Delivery
ORD01851,2025-05-11,CUST0674,Furniture,Sofa,5,129320,0.29,19771.94,North,Delhi,Credit Card
ORD01852,2025-04-28,CUST0678,Electronics,Mobile Phone,5,167335,0.25,12970.94,South,Bangalore,Credit Card
ORD01853,2025-08-14,CUST0972,Furniture,Sofa,1,34231,0.02,7531.75,North,Lucknow,Net Banking
ORD01854,2025-07-04,CUST0536,Furniture,Sofa,2,37548,0.08,8061.15,West,Pune,Debit Card
ORD01855,2025-04-22,CUST0923,Beauty,Shampoo,3,136851,0.02,22873.61,South,Hyderabad,Net Banking
ORD01856,2025-09-15,CUST1050,Electronics,Laptop,5,42910,0.04,5820.6,East,Kolkata,Debit Card
ORD01857,2025-12-20,CUST1227,Books,Magazine,5,171085,0.23,29898.66,West,Ahmedabad,UPI
ORD01858,2025-12-15,CUST0282,Furniture,Table,2,63828,0.03,13493.92,West,Ahmedabad,Debit Card
ORD01859,2025-05-10,CUST0359,Beauty,Face Cream,5,179590,0.22,17687.61,North,Delhi,Debit Card
ORD01860,2025-02-22,CUST0310,Clothing,Jeans,4,44656,0.16,3663.08,South,Hyderabad,UPI
ORD01861,2025-09-21,CUST1893,Books,Magazine,2,75262,0.06,5976.68,North,Jaipur,UPI
ORD01862,2025-04-28,CUST0360,Books,Comics,1,3434,0.24,138.27,South,Chennai,UPI
ORD01863,2025-09-18,CUST1723,Electronics,Laptop,4,101456,0.03,22832.46,West,Pune,Net Banking
ORD01864,2025-07-10,CUST0786,Books,Magazine,1,36396,0.03,3851.48,West,Mumbai,UPI
ORD01865,2025-02-13,CUST1208,Furniture,Sofa,3,64281,0.19,9280.04,South,Hyderabad,Net Banking
ORD01866,2025-07-29,CUST1775,Electronics,Mobile Phone,5,212710,0.04,23069.14,East,Bhubaneswar,Net Banking
ORD01867,2025-07-26,CUST1876,Furniture,Sofa,2,97118,0.23,3991.83,North,Delhi,Credit Card
ORD01868,2025-01-11,CUST1850,Electronics,Headphones,5,126750,0.13,7157.41,East,Bhubaneswar,UPI
ORD01869,2025-07-21,CUST1877,Beauty,Perfume,3,19593,0.02,4435.41,West,Pune,Debit Card
ORD01870,2025-06-15,CUST0206,Furniture,Sofa,2,37986,0.0,5295.41,North,Lucknow,Cash on Delivery
ORD01871,2025-04-10,CUST0881,Books,Textbook,5,204080,0.0,41755.0,West,Mumbai,Cash on Delivery
ORD01872,2025-11-15,CUST0830,Books,Comics,2,50534,0.16,6940.07,East,Patna,Credit Card
ORD01873,2025-11-22,CUST1159,Beauty,Perfume,2,71770,0.13,10058.08,North,Lucknow,UPI
ORD01874,2025-07-05,CUST0929,Beauty,Perfume,1,24813,0.24,2559.97,North,Jaipur,UPI
ORD01875,2025-03-09,CUST0884,Books,Magazine,5,80075,0.04,18345.78,West,Mumbai,Debit Card
ORD01876,2025-10-20,CUST0755,Beauty,Face Cream,3,16965,0.17,720.51,West,Mumbai,Credit Card
ORD01877,2025-09-07,CUST0936,Electronics,Mobile Phone,5,105505,0.29,5509.95,East,Bhubaneswar,Debit Card
ORD01878,2025-10-05,CUST1379,Electronics,Smart Watch,4,159840,0.06,9755.05,West,Pune,Net Banking
ORD01879,2025-04-01,CUST0334,Clothing,Dress,5,134490,0.28,13280.47,North,Lucknow,Credit Card
ORD01880,2025-05-16,CUST1477,Books,Magazine,5,26895,0.13,4965.96,East,Patna,Debit Card
ORD01881,2025-01-24,CUST0654,Furniture,Chair,3,135393,0.09,18138.79,North,Lucknow,Cash on Delivery
ORD01882,2025-01-01,CUST1455,Books,Comics,2,17558,0.25,1625.44,North,Lucknow,Net Banking
ORD01883,2025-07-29,CUST0564,Electronics,Laptop,4,59552,0.28,9848.75,North,Lucknow,UPI
ORD01884,2025-10-14,CUST1252,Beauty,Face Cream,3,93906,0.3,9900.87,South,Chennai,Debit Card
ORD01885,2025-09-22,CUST0375,Furniture,Sofa,4,138356,0.2,25732.31,North,Delhi,Credit Card
ORD01886,2025-10-05,CUST1893,Furniture,Bookshelf,2,56008,0.02,13080.84,South,Chennai,Debit Card
ORD01887,2025-01-31,CUST0188,Electronics,Mobile Phone,3,112083,0.19,18212.97,North,Delhi,UPI
ORD01888,2025-12-03,CUST0177,Books,Textbook,2,61794,0.27,3240.74,North,Lucknow,Debit Card
ORD01889,2025-08-14,CUST0110,Clothing,Shoes,1,49250,0.11,10493.54,North,Lucknow,Net Banking
ORD01890,2025-12-15,CUST0031,Clothing,Jeans,4,20580,0.24,2639.07,North,Delhi,UPI
ORD01891,2025-05-31,CUST0465,Beauty,Face Wash,5,104820,0.17,10043.85,North,Lucknow,Credit Card
ORD01892,2025-06-26,CUST0270,Books,Magazine,5,190285,0.06,39617.93,West,Ahmedabad,Net Banking
ORD01893,2025-09-21,CUST1896,Furniture,Table,4,194072,0.03,32921.33,West,Mumbai,Credit Card
ORD01894,2025-02-06,CUST0073,Beauty,Face Cream,1,14473,0.27,2060.98,East,Patna,Debit Card
ORD01895,2025-04-04,CUST0141,Furniture,Sofa,5,220075,0.18,17027.59,South,Bangalore,Cash on Delivery
ORD01896,2025-06-22,CUST1785,Furniture,Chair,3,104526,0.23,17285.87,East,Bhubaneswar,Credit Card
ORD01897,2025-04-10,CUST1205,Beauty,Shampoo,5,145175,0.01,19525.29,West,Pune,Net Banking
ORD01898,2025-06-12,CUST1639,Clothing,Dress,5,66470,0.16,13597.71,East,Patna,Credit Card
ORD01899,2025-08-16,CUST1899,Beauty,Face Wash,5,18040,0.1,984.14,West,Mumbai,Debit Card
ORD01900,2025-07-23,CUST0327,Electronics,Mobile Phone,5,112455,0.11,12294.88,East,Bhubaneswar,Credit Card
ORD01901,2025-06-16,CUST0220,Books,Comics,1,35944,0.28,5964.3,North,Lucknow,UPI
ORD01902,2025-02-12,CUST0206,Beauty,Face Wash,5,35830,0.27,1829.5,North,Lucknow,Cash on Delivery
ORD01903,2025-08-16,CUST1397,Books,Magazine,1,9827,0.1,963.91,North,Lucknow,Cash on Delivery
ORD01904,2025-04-30,CUST0646,Electronics,Smart Watch,1,27115,0.22,2626.58,South,Hyderabad,Debit Card
ORD01905,2025-10-17,CUST0732,Electronics,Smart Watch,2,24886,0.13,2441.12,North,Delhi,UPI
ORD01906,2025-04-04,CUST1857,Electronics,Smart Watch,1,5673,0.1,599.68,West,Ahmedabad,Debit Card
ORD01907,2025-09-10,CUST0205,Books,Textbook,5,113840,0.01,12003.16,West,Ahmedabad,Cash on Delivery
ORD01908,2025-10-30,CUST1381,Clothing,Jeans,5,18725,0.28,2583.95,West,Ahmedabad,Debit Card
ORD01909,2025-04-21,CUST1987,Electronics,Smart Watch,1,26234,0.09,4428.61,North,Delhi,Debit Card
ORD01910,2025-04-20,CUST0878,Electronics,Smart Watch,3,69960,0.04,3780.29,North,Delhi,UPI
ORD01911,2025-04-24,CUST1340,Books,Textbook,5,100765,0.19,18933.43,North,Delhi,Debit Card
ORD01912,2025-01-24,CUST0741,Books,Comics,2,49994,0.21,4664.13,East,Bhubaneswar,Cash on Delivery
ORD01913,2025-01-10,CUST0815,Electronics,Laptop,4,151260,0.28,5729.57,North,Jaipur,Net Banking
ORD01914,2025-12-23,CUST1834,Beauty,Shampoo,4,189988,0.13,16951.04,North,Lucknow,Credit Card
ORD01915,2025-06-07,CUST1190,Beauty,Face Wash,2,87796,0.06,18127.79,South,Hyderabad,Debit Card
ORD01916,2025-03-22,CUST0685,Clothing,T-Shirt,4,122184,0.11,23881.57,North,Jaipur,Debit Card
ORD01917,2025-07-14,CUST0642,Electronics,Smart Watch,3,3672,0.02,332.88,South,Hyderabad,Debit Card
ORD01918,2025-02-01,CUST1286,Clothing,Shoes,1,30605,0.16,2230.29,South,Bangalore,Credit Card
ORD01919,2025-01-17,CUST1171,Books,Comics,3,66582,0.26,3150.8,South,Chennai,UPI
ORD01920,2025-07-31,CUST1046,Beauty,Shampoo,1,42259,0.23,5147.83,East,Kolkata,Debit Card
ORD01921,2025-03-11,CUST1263,Clothing,T-Shirt,1,25667,0.12,2122.92,South,Chennai,UPI
ORD01922,2025-06-15,CUST1756,Furniture,Table,5,184845,0.24,22281.33,West,Pune,Net Banking
ORD01923,2025-04-29,CUST1953,Clothing,T-Shirt,5,141270,0.09,16589.89,South,Hyderabad,Credit Card
ORD01924,2025-02-09,CUST0524,Beauty,Face Cream,2,60974,0.11,8364.27,North,Lucknow,Cash on Delivery
ORD01925,2025-03-24,CUST0463,Beauty,Shampoo,4,32024,0.03,3691.88,South,Chennai,Net Banking
ORD01926,2025-12-05,CUST0351,Electronics,Smart Watch,2,13972,0.19,1942.04,South,Bangalore,UPI
ORD01927,2025-02-24,CUST1583,Furniture,Sofa,1,45483,0.11,2788.77,West,Ahmedabad,UPI
ORD01928,2025-10-29,CUST1804,Books,Magazine,3,66834,0.17,3678.4,South,Hyderabad,Debit Card
ORD01929,2025-01-26,CUST1537,Books,Magazine,1,25516,0.17,1247.22,West,Mumbai,Debit Card
ORD01930,2025-10-25,CUST0983,Clothing,Shoes,5,125520,0.18,8328.25,South,Chennai,Credit Card
ORD01931,2025-03-28,CUST1480,Books,Textbook,1,43580,0.03,6458.52,East,Bhubaneswar,Cash on Delivery
ORD01932,2025-11-17,CUST1898,Clothing,T-Shirt,5,72540,0.18,9358.48,North,Delhi,Credit Card
ORD01933,2025-12-02,CUST0433,Clothing,Jeans,1,18681,0.08,4253.33,North,Jaipur,Credit Card
ORD01934,2025-01-06,CUST1379,Books,Novel,3,114996,0.18,8416.61,North,Jaipur,Credit Card
ORD01935,2025-03-18,CUST0449,Electronics,Smart Watch,2,7646,0.08,1356.77,North,Lucknow,Credit Card
ORD01936,2025-04-10,CUST0085,Clothing,Shoes,2,92154,0.26,6733.46,West,Pune,Credit Card
ORD01937,2025-12-16,CUST1690,Books,Novel,1,27183,0.08,2235.95,West,Pune,UPI
ORD01938,2025-11-09,CUST1101,Furniture,Chair,4,95284,0.12,13995.59,West,Pune,Credit Card
ORD01939,2025-12-18,CUST1521,Clothing,T-Shirt,2,79408,0.03,14367.4,North,Lucknow,UPI
ORD01940,2025-04-22,CUST0245,Beauty,Face Wash,1,10928,0.17,2187.35,West,Ahmedabad,UPI
ORD01941,2025-02-11,CUST1642,Furniture,Chair,5,129340,0.12,9124.56,East,Kolkata,Credit Card
ORD01942,2025-07-08,CUST1985,Electronics,Mobile Phone,5,20805,0.11,2989.22,West,Mumbai,Cash on Delivery
ORD01943,2025-10-20,CUST1049,Beauty,Perfume,2,92806,0.12,6582.08,North,Jaipur,Cash on Delivery
ORD01944,2025-06-03,CUST1344,Furniture,Table,5,96520,0.23,15357.9,North,Jaipur,UPI
ORD01945,2025-10-18,CUST0854,Beauty,Perfume,3,120378,0.23,17931.64,West,Mumbai,Debit Card
ORD01946,2025-03-10,CUST0889,Electronics,Headphones,4,51744,0.04,4162.14,West,Mumbai,UPI
ORD01947,2025-06-25,CUST1927,Electronics,Headphones,2,54862,0.2,10266.96,South,Bangalore,Net Banking
ORD01948,2025-10-01,CUST1506,Furniture,Table,5,170675,0.19,33316.35,South,Chennai,Cash on Delivery
ORD01949,2025-02-13,CUST1348,Books,Novel,2,95942,0.09,18695.28,West,Mumbai,Net Banking
ORD01950,2025-03-10,CUST1475,Books,Magazine,2,74360,0.1,6550.81,East,Kolkata,Debit Card
ORD01951,2025-05-14,CUST1945,Beauty,Face Cream,1,24399,0.16,1946.68,East,Patna,Credit Card
ORD01952,2025-07-11,CUST1473,Electronics,Smart Watch,3,132924,0.16,14641.87,North,Delhi,Debit Card
ORD01953,2025-08-21,CUST0823,Furniture,Bookshelf,5,223725,0.08,23909.9,West,Ahmedabad,Net Banking
ORD01954,2025-05-19,CUST0805,Furniture,Table,2,58224,0.11,7484.67,South,Bangalore,Cash on Delivery
ORD01955,2025-05-27,CUST0758,Books,Magazine,2,37746,0.04,3095.17,North,Jaipur,UPI
ORD01956,2025-07-24,CUST1221,Books,Novel,3,101385,0.03,11637.78,East,Patna,Credit Card
ORD01957,2025-05-03,CUST0028,Furniture,Table,3,89319,0.05,18726.2,West,Pune,Cash on Delivery
ORD01958,2025-05-27,CUST0108,Furniture,Chair,5,41380,0.08,4833.36,South,Bangalore,Debit Card
ORD01959,2025-06-08,CUST0438,Books,Comics,4,32496,0.09,3351.82,South,Chennai,UPI
ORD01960,2025-01-10,CUST0062,Beauty,Perfume,4,61244,0.03,13752.18,South,Hyderabad,Net Banking
ORD01961,2025-08-17,CUST0190,Electronics,Mobile Phone,2,16760,0.02,3218.9,East,Kolkata,Net Banking
ORD01962,2025-08-10,CUST1822,Furniture,Table,3,130854,0.08,27598.69,South,Chennai,Net Banking
ORD01963,2025-03-25,CUST1782,Beauty,Face Wash,4,14740,0.03,1269.63,East,Patna,UPI
ORD01964,2025-03-09,CUST1183,Books,Magazine,2,30170,0.27,3139.75,East,Patna,Cash on Delivery
ORD01965,2025-02-01,CUST1323,Beauty,Face Wash,2,62344,0.0,6591.72,West,Mumbai,UPI
ORD01966,2025-11-29,CUST1064,Furniture,Chair,1,2111,0.28,187.71,West,Ahmedabad,UPI
ORD01967,2025-06-13,CUST0949,Electronics,Laptop,2,96614,0.04,10372.89,South,Bangalore,Credit Card
ORD01968,2025-03-05,CUST1576,Electronics,Mobile Phone,3,46071,0.29,6164.6,North,Lucknow,Credit Card
ORD01969,2025-06-27,CUST0719,Beauty,Shampoo,1,13506,0.04,1628.72,West,Mumbai,Credit Card
ORD01970,2025-11-20,CUST1753,Books,Magazine,1,39882,0.19,5334.19,South,Hyderabad,Cash on Delivery
ORD01971,2025-12-04,CUST1399,Clothing,Dress,3,122484,0.11,24925.34,South,Hyderabad,Credit Card
ORD01972,2025-09-25,CUST1236,Clothing,Jeans,4,61464,0.21,4273.99,South,Chennai,Net Banking
ORD01973,2025-04-24,CUST1602,Clothing,T-Shirt,4,183188,0.21,33123.23,East,Bhubaneswar,Debit Card
ORD01974,2025-08-29,CUST0814,Clothing,Jeans,4,24832,0.15,5158.57,South,Bangalore,UPI
ORD01975,2025-03-03,CUST1566,Electronics,Mobile Phone,2,51998,0.18,8850.97,North,Lucknow,Net Banking
ORD01976,2025-02-21,CUST0726,Clothing,Jeans,1,1427,0.15,98.48,West,Mumbai,Net Banking
ORD01977,2025-05-13,CUST1597,Clothing,Jeans,4,187452,0.23,22636.03,North,Jaipur,Cash on Delivery
ORD01978,2025-04-21,CUST1415,Beauty,Face Cream,3,27258,0.04,6435.56,East,Bhubaneswar,Credit Card
ORD01979,2025-03-20,CUST0709,Clothing,Jeans,1,49939,0.18,4125.76,North,Lucknow,Net Banking
ORD01980,2025-11-13,CUST0692,Books,Comics,3,81129,0.02,6885.9,South,Chennai,Credit Card
ORD01981,2025-09-30,CUST0114,Furniture,Sofa,4,66128,0.02,11635.87,West,Mumbai,Debit Card
ORD01982,2025-10-14,CUST1946,Beauty,Perfume,2,1826,0.15,175.47,East,Kolkata,Debit Card
ORD01983,2025-12-05,CUST0118,Electronics,Headphones,1,14901,0.23,974.16,South,Chennai,Net Banking
ORD01984,2025-05-22,CUST1620,Furniture,Bookshelf,4,174188,0.11,9712.7,South,Hyderabad,Cash on Delivery
ORD01985,2025-12-04,CUST0138,Electronics,Headphones,5,26325,0.24,4748.8,East,Bhubaneswar,Debit Card
ORD01986,2025-06-18,CUST0878,Electronics,Mobile Phone,1,37608,0.23,5347.01,East,Kolkata,Debit Card
ORD01987,2025-07-03,CUST1649,Electronics,Laptop,2,78454,0.1,11256.73,West,Ahmedabad,Credit Card
ORD01988,2025-12-08,CUST0031,Electronics,Mobile Phone,1,17121,0.05,3989.45,North,Delhi,UPI
ORD01989,2025-10-20,CUST0499,Books,Magazine,1,10308,0.09,2234.01,North,Delhi,Cash on Delivery
ORD01990,2025-09-25,CUST0972,Books,Magazine,5,214595,0.14,10568.75,West,Ahmedabad,Credit Card
ORD01991,2025-04-05,CUST0271,Electronics,Smart Watch,4,62640,0.02,10459.67,West,Pune,Cash on Delivery
ORD01992,2025-10-06,CUST0861,Beauty,Shampoo,5,176305,0.16,21478.52,West,Pune,Debit Card
ORD01993,2025-06-18,CUST0633,Clothing,Jeans,1,39993,0.03,7913.53,East,Kolkata,Credit Card
ORD01994,2025-02-05,CUST0721,Electronics,Headphones,1,9985,0.01,733.58,South,Chennai,UPI
ORD01995,2025-05-26,CUST0983,Furniture,Bookshelf,3,112197,0.19,19076.37,West,Pune,UPI
ORD01996,2025-12-07,CUST1562,Electronics,Laptop,5,154630,0.12,15218.2,South,Bangalore,Cash on Delivery
ORD01997,2025-02-15,CUST0860,Beauty,Perfume,4,157472,0.14,15154.42,East,Patna,Credit Card
ORD01998,2025-07-28,CUST0501,Beauty,Face Wash,1,17338,0.26,726.25,West,Ahmedabad,Debit Card
ORD01999,2025-10-17,CUST0874,Furniture,Chair,1,39091,0.22,7470.6,West,Mumbai,Net Banking
ORD02000,2025-10-19,CUST1426,Clothing,Shoes,1,42114,0.17,4251.13,West,Mumbai,Cash on Delivery
ORD02001,2025-07-08,CUST0717,Clothing,Dress,3,118197,0.14,5244.24,South,Chennai,UPI
ORD02002,2025-06-10,CUST1258,Clothing,Jeans,2,56910,0.09,12817.02,West,Pune,Debit Card
ORD02003,2025-06-19,CUST1544,Books,Textbook,3,82884,0.2,6604.38,West,Pune,Debit Card
ORD02004,2025-03-04,CUST0811,Furniture,Chair,3,15849,0.24,1337.87,East,Patna,Net Banking
ORD02005,2025-10-22,CUST1805,Books,Comics,3,55722,0.17,4949.49,South,Hyderabad,Debit Card
ORD02006,2025-06-18,CUST1026,Beauty,Face Wash,5,58640,0.04,3352.27,North,Lucknow,Cash on Delivery
ORD02007,2025-05-19,CUST0205,Clothing,Shoes,5,213045,0.23,25341.12,South,Hyderabad,Credit Card
ORD02008,2025-09-03,CUST1560,Clothing,T-Shirt,4,35836,0.02,2973.46,North,Lucknow,UPI
ORD02009,2025-07-31,CUST0759,Beauty,Face Wash,3,39387,0.09,6879.94,East,Patna,Debit Card
ORD02010,2025-08-10,CUST1738,Beauty,Face Cream,2,2330,0.01,243.65,South,Chennai,Debit Card
ORD02011,2025-03-14,CUST1838,Beauty,Shampoo,5,75715,0.17,13485.71,South,Hyderabad,Debit Card
ORD02012,2025-09-28,CUST1448,Electronics,Smart Watch,4,89376,0.26,14739.82,North,Delhi,Net Banking
ORD02013,2025-01-02,CUST1138,Beauty,Face Cream,3,124968,0.2,14423.37,East,Patna,Cash on Delivery
ORD02014,2025-06-17,CUST0813,Electronics,Smart Watch,3,110133,0.09,10210.02,North,Jaipur,Cash on Delivery
ORD02015,2025-06-01,CUST1824,Clothing,T-Shirt,5,182960,0.11,36964.0,North,Delhi,Credit Card
ORD02016,2025-08-23,CUST0600,Clothing,Shoes,2,5388,0.26,354.78,South,Hyderabad,Credit Card
ORD02017,2025-10-24,CUST0852,Furniture,Bookshelf,1,1726,0.09,286.89,South,Hyderabad,Net Banking
ORD02018,2025-05-24,CUST0782,Beauty,Shampoo,3,141240,0.21,8722.59,North,Lucknow,Net Banking
ORD02019,2025-05-15,CUST0386,Electronics,Smart Watch,4,116856,0.27,5364.16,North,Lucknow,UPI
ORD02020,2025-07-07,CUST1940,Furniture,Chair,2,30934,0.16,5411.93,East,Kolkata,UPI
ORD02021,2025-03-23,CUST0408,Clothing,Jeans,4,90692,0.05,17259.16,East,Bhubaneswar,Credit Card
ORD02022,2025-02-25,CUST0442,Clothing,Jeans,2,3128,0.04,391.14,South,Chennai,Credit Card
ORD02023,2025-12-21,CUST0252,Electronics,Smart Watch,2,34244,0.12,4164.46,North,Delhi,Cash on Delivery
ORD02024,2025-06-27,CUST1538,Beauty,Face Wash,4,39220,0.23,5192.32,North,Jaipur,Debit Card
ORD02025,2025-03-30,CUST1865,Clothing,T-Shirt,3,42906,0.02,10020.53,South,Bangalore,Credit Card
ORD02026,2025-03-09,CUST0096,Books,Textbook,2,4806,0.07,864.18,West,Mumbai,Credit Card
ORD02027,2025-01-09,CUST0187,Books,Textbook,5,245440,0.24,43547.25,West,Mumbai,Cash on Delivery
ORD02028,2025-07-31,CUST1877,Clothing,Jeans,1,24964,0.02,5207.68,South,Bangalore,Debit Card
ORD02029,2025-11-15,CUST1612,Books,Magazine,4,86176,0.25,8582.1,North,Jaipur,Net Banking
ORD02030,2025-08-14,CUST0316,Clothing,Dress,3,127293,0.16,16826.38,North,Jaipur,Cash on Delivery
ORD02031,2025-10-27,CUST1602,Clothing,Dress,2,42504,0.18,7337.76,North,Delhi,Debit Card
ORD02032,2025-05-07,CUST0995,Beauty,Perfume,3,101205,0.22,6274.66,East,Patna,Credit Card
ORD02033,2025-03-03,CUST1088,Clothing,Shoes,1,9019,0.03,2150.94,North,Delhi,Cash on Delivery
ORD02034,2025-11-11,CUST0103,Books,Novel,3,136836,0.17,24017.3,South,Hyderabad,UPI
ORD02035,2025-06-30,CUST0213,Beauty,Shampoo,1,41740,0.28,5098.54,West,Pune,Net Banking
ORD02036,2025-02-26,CUST1012,Books,Textbook,5,106810,0.22,19118.39,East,Kolkata,UPI
ORD02037,2025-08-21,CUST0373,Clothing,Jeans,4,198196,0.08,17151.37,South,Bangalore,Credit Card
ORD02038,2025-06-14,CUST1404,Electronics,Headphones,2,15808,0.11,1763.94,East,Kolkata,Debit Card
ORD02039,2025-05-29,CUST0603,Books,Magazine,1,45874,0.16,3433.41,South,Chennai,Debit Card
ORD02040,2025-06-19,CUST0025,Beauty,Shampoo,5,166040,0.15,23431.37,East,Patna,Debit Card
ORD02041,2025-12-17,CUST0716,Beauty,Shampoo,3,122187,0.2,19861.84,South,Chennai,UPI
ORD02042,2025-04-04,CUST0814,Books,Textbook,4,132240,0.08,23163.99,South,Hyderabad,Cash on Delivery
ORD02043,2025-08-31,CUST0654,Clothing,Jeans,2,36128,0.06,7955.42,East,Bhubaneswar,Credit Card
ORD02044,2025-02-12,CUST0291,Clothing,Dress,4,23116,0.27,2022.56,South,Chennai,Net Banking
ORD02045,2025-06-15,CUST1893,Clothing,T-Shirt,2,20778,0.18,1250.67,East,Patna,Cash on Delivery
ORD02046,2025-07-25,CUST0477,Clothing,T-Shirt,3,63588,0.23,9314.0,South,Hyderabad,Cash on Delivery
ORD02047,2025-12-07,CUST1565,Clothing,Shoes,4,47180,0.25,6883.94,South,Hyderabad,Credit Card
ORD02048,2025-11-27,CUST1370,Electronics,Mobile Phone,3,131898,0.08,18550.72,West,Mumbai,Net Banking
ORD02049,2025-01-21,CUST0090,Furniture,Sofa,1,15116,0.2,2443.43,South,Chennai,Debit Card
ORD02050,2025-03-30,CUST1602,Books,Comics,1,12085,0.26,615.92,South,Chennai,UPI
ORD02051,2025-08-02,CUST1098,Furniture,Table,3,107337,0.05,13978.89,North,Lucknow,Cash on Delivery
ORD02052,2025-10-03,CUST0120,Beauty,Face Wash,5,38455,0.16,3308.67,North,Delhi,Cash on Delivery
ORD02053,2025-09-15,CUST1876,Furniture,Table,1,3290,0.24,213.86,South,Hyderabad,Cash on Delivery
ORD02054,2025-11-23,CUST0823,Beauty,Perfume,5,109745,0.23,20445.87,South,Bangalore,Debit Card
ORD02055,2025-04-03,CUST0229,Beauty,Face Wash,4,191848,0.04,20118.97,North,Lucknow,Net Banking
ORD02056,2025-02-02,CUST0094,Clothing,Shoes,1,13168,0.05,1390.16,South,Chennai,Debit Card
ORD02057,2025-10-18,CUST1583,Clothing,Dress,3,145560,0.15,18833.07,South,Chennai,UPI
ORD02058,2025-05-23,CUST1179,Electronics,Mobile Phone,4,156172,0.18,31420.14,West,Mumbai,Net Banking
ORD02059,2025-08-05,CUST0840,Electronics,Smart Watch,5,9020,0.02,1989.23,South,Chennai,UPI
ORD02060,2025-04-10,CUST1115,Clothing,T-Shirt,3,40173,0.22,4946.17,North,Delhi,Cash on Delivery
ORD02061,2025-09-29,CUST1842,Clothing,T-Shirt,1,21906,0.24,1731.96,North,Jaipur,Credit Card
ORD02062,2025-12-04,CUST1595,Books,Novel,2,55778,0.25,7245.1,East,Patna,Net Banking
ORD02063,2025-08-23,CUST1549,Books,Novel,4,141980,0.21,9287.51,North,Jaipur,Cash on Delivery
ORD02064,2025-04-15,CUST0440,Clothing,Jeans,2,66744,0.18,6954.71,South,Hyderabad,Cash on Delivery
ORD02065,2025-07-26,CUST0363,Beauty,Shampoo,1,41860,0.29,6913.31,East,Patna,Cash on Delivery
ORD02066,2025-02-08,CUST0389,Beauty,Shampoo,5,102345,0.29,5212.4,South,Bangalore,Credit Card
ORD02067,2025-09-18,CUST1498,Books,Comics,5,52420,0.03,8039.63,South,Chennai,Credit Card
ORD02068,2025-06-16,CUST1451,Furniture,Chair,5,241155,0.26,27780.22,West,Ahmedabad,UPI
ORD02069,2025-07-09,CUST1691,Beauty,Perfume,1,43140,0.01,8588.85,West,Pune,Net Banking
ORD02070,2025-08-28,CUST1243,Clothing,T-Shirt,3,50133,0.23,6725.85,North,Lucknow,Cash on Delivery
ORD02071,2025-10-01,CUST1318,Beauty,Shampoo,1,23591,0.29,2241.1,West,Ahmedabad,Credit Card
ORD02072,2025-03-19,CUST1437,Books,Textbook,4,48712,0.22,2026.19,East,Patna,Cash on Delivery
ORD02073,2025-02-18,CUST0284,Beauty,Face Wash,4,46776,0.18,4632.69,West,Ahmedabad,Debit Card
ORD02074,2025-06-25,CUST0668,Beauty,Face Cream,5,196870,0.17,39295.72,East,Patna,Credit Card
ORD02075,2025-10-24,CUST1765,Books,Textbook,1,29620,0.22,5251.88,West,Ahmedabad,Net Banking
ORD02076,2025-10-30,CUST0624,Electronics,Mobile Phone,4,39412,0.23,4018.01,East,Patna,UPI
ORD02077,2025-06-07,CUST1405,Beauty,Perfume,5,3760,0.17,527.6,West,Mumbai,Cash on Delivery
ORD02078,2025-11-08,CUST1643,Furniture,Table,3,16296,0.29,1026.37,East,Bhubaneswar,Net Banking
ORD02079,2025-11-19,CUST0704,Furniture,Sofa,2,38876,0.25,4484.27,West,Pune,Credit Card
ORD02080,2025-01-06,CUST1623,Beauty,Shampoo,5,177380,0.01,18966.02,West,Pune,Net Banking
ORD02081,2025-03-25,CUST0817,Clothing,Shoes,2,16500,0.25,3060.55,North,Jaipur,Credit Card
ORD02082,2025-10-06,CUST0367,Beauty,Shampoo,3,110199,0.18,5624.32,West,Pune,Debit Card
ORD02083,2025-10-21,CUST1138,Books,Textbook,1,15012,0.0,3384.48,East,Patna,Credit Card
ORD02084,2025-08-31,CUST0537,Electronics,Headphones,5,183070,0.07,28773.26,West,Pune,UPI
ORD02085,2025-07-09,CUST1875,Books,Textbook,1,10289,0.28,1032.8,West,Mumbai,UPI
ORD02086,2025-02-22,CUST1213,Electronics,Laptop,3,143097,0.12,23392.53,South,Chennai,Net Banking
ORD02087,2025-10-17,CUST0393,Furniture,Chair,4,78748,0.03,7807.51,North,Jaipur,Cash on Delivery
ORD02088,2025-01-10,CUST1339,Books,Textbook,5,19465,0.15,2415.12,West,Pune,UPI
ORD02089,2025-08-07,CUST0763,Books,Magazine,1,2546,0.03,493.98,South,Bangalore,UPI
ORD02090,2025-01-23,CUST0806,Electronics,Smart Watch,3,51057,0.04,8286.49,East,Bhubaneswar,Cash on Delivery
ORD02091,2025-07-13,CUST0291,Furniture,Table,4,100100,0.05,22632.58,West,Ahmedabad,Credit Card
ORD02092,2025-08-06,CUST1574,Electronics,Headphones,5,145430,0.26,8328.08,East,Patna,Credit Card
ORD02093,2025-11-28,CUST1352,Clothing,Jeans,1,22243,0.07,4889.63,North,Lucknow,Debit Card
ORD02094,2025-05-28,CUST1403,Beauty,Shampoo,3,95949,0.27,7754.77,East,Bhubaneswar,Debit Card
ORD02095,2025-10-01,CUST0462,Furniture,Chair,2,13632,0.25,2183.4,West,Pune,Debit Card
ORD02096,2025-03-27,CUST1437,Electronics,Mobile Phone,3,66972,0.22,4891.18,North,Delhi,Net Banking
ORD02097,2025-02-04,CUST1904,Electronics,Laptop,2,87298,0.06,5603.14,South,Bangalore,Cash on Delivery
ORD02098,2025-10-07,CUST1499,Clothing,Jeans,2,56784,0.23,6873.99,West,Pune,Credit Card
ORD02099,2025-12-09,CUST0626,Books,Textbook,3,110448,0.1,8567.46,East,Patna,Credit Card
ORD02100,2025-07-08,CUST1260,Furniture,Chair,4,32316,0.29,2650.95,East,Kolkata,UPI
ORD02101,2025-06-07,CUST1228,Beauty,Shampoo,1,35174,0.26,1546.96,North,Jaipur,UPI
ORD02102,2025-04-20,CUST0731,Furniture,Bookshelf,3,94221,0.07,10797.59,West,Pune,Credit Card
ORD02103,2025-10-20,CUST0941,Furniture,Bookshelf,4,33216,0.11,3253.5,East,Kolkata,Credit Card
ORD02104,2025-04-24,CUST0400,Furniture,Table,3,46986,0.15,6264.81,South,Chennai,UPI
ORD02105,2025-09-24,CUST1881,Books,Comics,1,45613,0.06,9222.66,West,Mumbai,Net Banking
ORD02106,2025-10-13,CUST0140,Clothing,Shoes,4,134652,0.16,9616.02,North,Lucknow,Debit Card
ORD02107,2025-06-11,CUST1402,Clothing,Shoes,1,19193,0.25,1971.49,West,Mumbai,UPI
ORD02108,2025-06-17,CUST1493,Furniture,Chair,3,81831,0.1,13417.08,North,Jaipur,Credit Card
ORD02109,2025-04-07,CUST0600,Beauty,Shampoo,5,37685,0.11,6275.66,North,Lucknow,Debit Card
ORD02110,2025-10-31,CUST1657,Beauty,Perfume,4,118048,0.22,21795.01,North,Lucknow,Cash on Delivery
ORD02111,2025-05-12,CUST1820,Books,Novel,2,52910,0.04,8681.65,East,Kolkata,Cash on Delivery
ORD02112,2025-12-20,CUST0076,Beauty,Face Wash,5,195025,0.17,33678.72,East,Kolkata,UPI
ORD02113,2025-12-17,CUST1452,Electronics,Headphones,5,8055,0.16,654.9,West,Mumbai,Debit Card
ORD02114,2025-05-28,CUST0349,Clothing,T-Shirt,5,136715,0.2,11823.32,North,Lucknow,Debit Card
ORD02115,2025-03-29,CUST1150,Beauty,Face Wash,5,239800,0.14,25601.65,East,Patna,Debit Card
ORD02116,2025-01-27,CUST0367,Beauty,Face Wash,2,68936,0.22,11749.7,East,Patna,Credit Card
ORD02117,2025-11-20,CUST1718,Electronics,Mobile Phone,5,202120,0.2,29511.93,West,Ahmedabad,UPI
ORD02118,2025-06-18,CUST1538,Clothing,Dress,5,150560,0.27,15653.7,South,Hyderabad,Net Banking
ORD02119,2025-09-12,CUST1558,Books,Textbook,1,17924,0.24,1242.65,East,Bhubaneswar,Credit Card
ORD02120,2025-09-28,CUST1030,Books,Magazine,2,96172,0.07,5003.0,North,Delhi,Debit Card
ORD02121,2025-10-03,CUST0164,Beauty,Shampoo,2,80920,0.3,8402.39,North,Lucknow,Debit Card
ORD02122,2025-10-21,CUST1291,Furniture,Sofa,5,217680,0.28,38118.86,North,Lucknow,Credit Card
ORD02123,2025-08-06,CUST1894,Electronics,Mobile Phone,1,24774,0.09,3653.42,West,Ahmedabad,Cash on Delivery
ORD02124,2025-09-16,CUST1103,Books,Comics,1,41656,0.25,3518.36,South,Bangalore,UPI
ORD02125,2025-03-04,CUST0250,Beauty,Shampoo,2,89254,0.12,15647.89,East,Kolkata,Net Banking
ORD02126,2025-06-07,CUST0276,Clothing,T-Shirt,5,43670,0.26,7980.44,North,Delhi,Debit Card
ORD02127,2025-06-17,CUST1693,Furniture,Sofa,4,13076,0.17,2040.56,South,Hyderabad,Net Banking
ORD02128,2025-08-25,CUST0424,Electronics,Laptop,3,13491,0.26,1096.84,North,Jaipur,Cash on Delivery
ORD02129,2025-04-22,CUST1414,Electronics,Headphones,4,107396,0.04,14225.16,West,Mumbai,Debit Card
ORD02130,2025-01-04,CUST1284,Books,Magazine,3,49077,0.24,2315.15,South,Chennai,Debit Card
ORD02131,2025-05-07,CUST0177,Books,Textbook,3,125925,0.29,12523.43,West,Mumbai,Debit Card
ORD02132,2025-03-01,CUST0208,Beauty,Perfume,4,150920,0.06,16930.64,South,Hyderabad,Cash on Delivery
ORD02133,2025-05-03,CUST0966,Furniture,Chair,5,16455,0.2,2865.33,West,Ahmedabad,Cash on Delivery
ORD02134,2025-07-13,CUST0840,Clothing,Shoes,5,197305,0.13,34870.39,North,Delhi,UPI
ORD02135,2025-02-05,CUST1674,Furniture,Chair,5,29435,0.11,2645.32,East,Kolkata,Cash on Delivery
ORD02136,2025-10-02,CUST1787,Electronics,Laptop,4,86756,0.19,6391.1,North,Lucknow,Debit Card
ORD02137,2025-01-01,CUST0278,Beauty,Face Wash,1,2955,0.06,450.11,North,Jaipur,Cash on Delivery
ORD02138,2025-09-18,CUST1787,Clothing,T-Shirt,4,112020,0.06,8093.71,East,Kolkata,UPI
ORD02139,2025-06-12,CUST1627,Furniture,Table,1,35159,0.23,2598.5,East,Bhubaneswar,Credit Card
ORD02140,2025-12-04,CUST1762,Electronics,Mobile Phone,4,107416,0.08,19886.52,North,Jaipur,Net Banking
ORD02141,2025-05-19,CUST1785,Electronics,Smart Watch,5,93665,0.28,10239.2,South,Hyderabad,Debit Card
ORD02142,2025-09-09,CUST0253,Furniture,Sofa,5,247805,0.27,13957.51,South,Bangalore,Cash on Delivery
ORD02143,2025-02-24,CUST1552,Furniture,Chair,4,146912,0.29,25766.45,North,Lucknow,Cash on Delivery
ORD02144,2025-02-03,CUST1039,Furniture,Sofa,2,78416,0.15,10300.88,South,Bangalore,Cash on Delivery
ORD02145,2025-07-27,CUST0582,Clothing,Shoes,3,102156,0.07,9197.18,West,Ahmedabad,Cash on Delivery
ORD02146,2025-02-27,CUST1930,Beauty,Shampoo,2,95038,0.0,4988.67,East,Kolkata,Debit Card
ORD02147,2025-03-27,CUST1987,Clothing,Shoes,5,44350,0.12,4673.06,North,Delhi,UPI
ORD02148,2025-08-19,CUST0946,Furniture,Sofa,1,40556,0.01,7246.13,South,Chennai,Credit Card
ORD02149,2025-10-30,CUST1718,Electronics,Headphones,1,4209,0.21,495.27,East,Kolkata,Debit Card
ORD02150,2025-01-31,CUST1273,Electronics,Smart Watch,3,48723,0.25,6528.25,South,Bangalore,Cash on Delivery
ORD02151,2025-08-27,CUST0058,Books,Textbook,2,19900,0.23,2433.25,North,Lucknow,Net Banking
ORD02152,2025-04-15,CUST0376,Books,Magazine,4,69044,0.26,8423.49,South,Hyderabad,Credit Card
ORD02153,2025-12-22,CUST1323,Furniture,Sofa,2,25316,0.09,2372.94,West,Pune,Credit Card
ORD02154,2025-07-15,CUST1077,Clothing,Shoes,5,206270,0.02,17886.52,North,Delhi,Cash on Delivery
ORD02155,2025-12-22,CUST1337,Electronics,Mobile Phone,4,5144,0.04,641.34,South,Chennai,Credit Card
ORD02156,2025-08-01,CUST1478,Electronics,Smart Watch,5,112345,0.23,8416.06,North,Delhi,Credit Card
ORD02157,2025-09-01,CUST1239,Electronics,Headphones,5,193665,0.01,22584.23,South,Bangalore,Debit Card
ORD02158,2025-01-07,CUST0054,Electronics,Laptop,2,18898,0.1,3564.72,North,Jaipur,Cash on Delivery
ORD02159,2025-02-25,CUST0419,Clothing,Shoes,1,43383,0.14,3061.22,North,Delhi,Net Banking
ORD02160,2025-05-10,CUST0648,Beauty,Shampoo,4,131920,0.04,9370.34,West,Mumbai,Debit Card
ORD02161,2025-02-05,CUST0971,Beauty,Shampoo,5,57280,0.16,11959.61,West,Mumbai,UPI
ORD02162,2025-04-26,CUST1556,Beauty,Face Wash,4,16100,0.29,902.36,East,Kolkata,Debit Card
ORD02163,2025-06-25,CUST0371,Furniture,Chair,2,13168,0.19,566.15,South,Bangalore,Credit Card
ORD02164,2025-08-17,CUST1634,Books,Textbook,1,38729,0.08,7068.47,North,Delhi,Cash on Delivery
ORD02165,2025-02-18,CUST0461,Clothing,Shoes,2,56136,0.19,5484.81,North,Delhi,Credit Card
ORD02166,2025-01-13,CUST1988,Beauty,Perfume,4,159988,0.25,23283.06,North,Lucknow,Credit Card
ORD02167,2025-02-24,CUST0218,Furniture,Table,5,117435,0.03,6539.81,East,Patna,Net Banking
ORD02168,2025-12-26,CUST0585,Electronics,Headphones,4,143684,0.26,26440.5,North,Delhi,Net Banking
ORD02169,2025-09-21,CUST1382,Books,Magazine,5,142730,0.24,25129.29,East,Bhubaneswar,Cash on Delivery
ORD02170,2025-08-22,CUST0531,Clothing,Jeans,1,1133,0.15,100.01,West,Pune,UPI
ORD02171,2025-01-17,CUST1005,Books,Comics,5,31520,0.29,1609.22,West,Ahmedabad,Debit Card
ORD02172,2025-09-28,CUST1912,Books,Comics,3,10074,0.02,1621.62,North,Jaipur,Credit Card
ORD02173,2025-05-19,CUST0920,Beauty,Face Cream,2,37516,0.16,4789.17,South,Bangalore,UPI
ORD02174,2025-04-06,CUST0304,Books,Comics,5,175440,0.12,16189.69,North,Delhi,UPI
ORD02175,2025-01-08,CUST0736,Clothing,T-Shirt,4,181912,0.28,10435.81,South,Chennai,Debit Card
ORD02176,2025-05-08,CUST1625,Electronics,Smart Watch,1,1851,0.01,281.84,South,Chennai,Debit Card
ORD02177,2025-10-20,CUST1574,Beauty,Perfume,1,40620,0.0,6224.27,South,Hyderabad,Net Banking
ORD02178,2025-02-17,CUST0788,Electronics,Laptop,4,2692,0.01,642.25,East,Kolkata,Net Banking
ORD02179,2025-10-25,CUST1379,Clothing,Jeans,4,54832,0.28,7833.94,South,Hyderabad,Net Banking
ORD02180,2025-10-06,CUST1726,Books,Magazine,1,36005,0.24,3211.63,North,Jaipur,UPI
ORD02181,2025-11-02,CUST1672,Books,Magazine,4,66208,0.01,3579.56,West,Pune,Net Banking
ORD02182,2025-05-06,CUST1952,Books,Textbook,4,33124,0.27,4705.59,South,Chennai,Cash on Delivery
ORD02183,2025-12-22,CUST0531,Electronics,Laptop,1,43894,0.18,6448.25,North,Jaipur,Debit Card
ORD02184,2025-12-07,CUST0025,Books,Comics,1,12893,0.19,2203.38,East,Kolkata,UPI
ORD02185,2025-07-12,CUST1933,Furniture,Chair,3,82674,0.12,10134.19,East,Kolkata,Net Banking
ORD02186,2025-01-28,CUST0196,Books,Textbook,3,81012,0.13,5614.05,East,Patna,UPI
ORD02187,2025-02-16,CUST1411,Books,Comics,1,9627,0.21,1200.23,East,Patna,Net Banking
ORD02188,2025-01-01,CUST0306,Clothing,Jeans,4,158356,0.28,12290.64,South,Hyderabad,Cash on Delivery
ORD02189,2025-03-11,CUST0958,Clothing,T-Shirt,1,33063,0.08,3496.62,East,Patna,Credit Card
ORD02190,2025-01-05,CUST0604,Furniture,Chair,2,30132,0.1,3820.68,West,Pune,UPI
ORD02191,2025-02-05,CUST1287,Clothing,T-Shirt,3,22572,0.16,3551.75,South,Hyderabad,Credit Card
ORD02192,2025-11-05,CUST0355,Furniture,Table,4,31992,0.27,1451.85,North,Jaipur,Credit Card
ORD02193,2025-09-25,CUST0294,Electronics,Headphones,1,4024,0.03,633.55,West,Pune,Cash on Delivery
ORD02194,2025-11-18,CUST0875,Electronics,Laptop,2,27280,0.3,1440.42,North,Lucknow,UPI
ORD02195,2025-08-08,CUST0892,Furniture,Sofa,3,106164,0.21,4386.85,South,Chennai,Debit Card
ORD02196,2025-08-14,CUST0859,Clothing,Dress,1,20518,0.2,3755.07,East,Bhubaneswar,Credit Card
ORD02197,2025-09-13,CUST1473,Furniture,Bookshelf,5,31370,0.1,1450.29,North,Delhi,Credit Card
ORD02198,2025-09-09,CUST0840,Furniture,Bookshelf,2,46838,0.17,5223.75,South,Bangalore,Net Banking
ORD02199,2025-08-20,CUST0008,Clothing,Jeans,2,61142,0.2,4238.59,East,Kolkata,Net Banking
ORD02200,2025-02-09,CUST1959,Beauty,Perfume,4,42012,0.26,3270.94,West,Pune,Net Banking
ORD02201,2025-02-11,CUST1357,Beauty,Perfume,3,124092,0.09,16195.1,West,Ahmedabad,Credit Card
ORD02202,2025-09-19,CUST0622,Books,Novel,1,2892,0.12,601.96,South,Bangalore,Net Banking
ORD02203,2025-04-18,CUST0630,Books,Magazine,2,31840,0.09,3024.2,East,Kolkata,UPI
ORD02204,2025-11-23,CUST0887,Furniture,Bookshelf,2,15478,0.05,1724.14,West,Ahmedabad,Debit Card
ORD02205,2025-07-24,CUST1352,Books,Textbook,3,114516,0.24,4650.86,South,Bangalore,Debit Card
ORD02206,2025-02-11,CUST1088,Furniture,Sofa,5,164065,0.23,20129.48,North,Delhi,Credit Card
ORD02207,2025-10-28,CUST1616,Beauty,Face Cream,4,63208,0.09,6756.94,North,Lucknow,Debit Card
ORD02208,2025-01-12,CUST0830,Books,Comics,5,93340,0.18,10252.76,North,Lucknow,Cash on Delivery
ORD02209,2025-07-09,CUST0637,Furniture,Sofa,1,3366,0.05,262.85,East,Kolkata,Credit Card
ORD02210,2025-11-09,CUST1524,Furniture,Sofa,1,8263,0.21,392.92,South,Chennai,Net Banking
ORD02211,2025-09-16,CUST0789,Beauty,Shampoo,2,14170,0.21,1996.75,South,Bangalore,UPI
ORD02212,2025-10-31,CUST1276,Electronics,Smart Watch,2,14766,0.18,1939.14,South,Chennai,Net Banking
ORD02213,2025-09-01,CUST1666,Electronics,Laptop,1,1365,0.06,299.98,North,Jaipur,UPI
ORD02214,2025-10-12,CUST0850,Clothing,T-Shirt,1,39146,0.25,5941.94,West,Ahmedabad,UPI
ORD02215,2025-05-13,CUST0202,Electronics,Mobile Phone,5,248670,0.3,33830.61,South,Bangalore,Net Banking
ORD02216,2025-08-13,CUST0698,Furniture,Bookshelf,1,41701,0.04,3651.27,East,Bhubaneswar,Credit Card
ORD02217,2025-08-16,CUST1071,Furniture,Chair,4,45636,0.17,7014.95,North,Delhi,UPI
ORD02218,2025-08-01,CUST0217,Beauty,Face Cream,1,47362,0.07,3188.55,West,Ahmedabad,Cash on Delivery
ORD02219,2025-10-29,CUST1298,Electronics,Laptop,2,27580,0.2,4982.56,West,Mumbai,Cash on Delivery
ORD02220,2025-01-21,CUST0917,Furniture,Bookshelf,5,67365,0.15,12454.12,West,Mumbai,Cash on Delivery
ORD02221,2025-10-09,CUST0751,Books,Novel,3,109050,0.0,21216.66,North,Delhi,Debit Card
ORD02222,2025-03-11,CUST0437,Beauty,Shampoo,3,133056,0.26,8746.42,North,Delhi,Cash on Delivery
ORD02223,2025-12-09,CUST1564,Clothing,Jeans,5,14965,0.24,1443.17,North,Jaipur,Cash on Delivery
ORD02224,2025-08-15,CUST1398,Books,Textbook,4,176684,0.14,19416.97,West,Pune,Debit Card
ORD02225,2025-03-14,CUST0184,Electronics,Mobile Phone,5,121995,0.21,22929.85,North,Delhi,Debit Card
ORD02226,2025-01-05,CUST0446,Electronics,Laptop,2,51906,0.02,7430.2,West,Pune,Credit Card
ORD02227,2025-11-14,CUST1103,Furniture,Sofa,3,43155,0.21,6442.37,East,Kolkata,Credit Card
ORD02228,2025-06-04,CUST1870,Books,Comics,3,100470,0.02,5387.47,East,Patna,UPI
ORD02229,2025-02-06,CUST0773,Beauty,Shampoo,2,7140,0.04,847.62,North,Jaipur,Cash on Delivery
ORD02230,2025-06-18,CUST0477,Furniture,Bookshelf,2,31288,0.2,5935.8,East,Bhubaneswar,Debit Card
ORD02231,2025-05-22,CUST1868,Books,Novel,3,4857,0.25,823.6,North,Delhi,Cash on Delivery
ORD02232,2025-03-04,CUST0656,Beauty,Face Wash,5,194260,0.24,32643.34,South,Bangalore,Cash on Delivery
ORD02233,2025-08-18,CUST1859,Clothing,Dress,1,9466,0.16,519.01,East,Patna,Cash on Delivery
ORD02234,2025-02-20,CUST0700,Furniture,Sofa,5,124430,0.23,14328.56,South,Chennai,Debit Card
ORD02235,2025-04-27,CUST1504,Furniture,Chair,1,44503,0.24,4815.34,West,Ahmedabad,Cash on Delivery
ORD02236,2025-05-24,CUST0866,Electronics,Smart Watch,4,195500,0.25,18175.98,East,Bhubaneswar,Cash on Delivery
ORD02237,2025-02-01,CUST1694,Beauty,Face Cream,1,29436,0.03,4058.47,North,Jaipur,Net Banking
ORD02238,2025-11-25,CUST1542,Beauty,Shampoo,3,149877,0.2,18742.03,East,Bhubaneswar,Credit Card
ORD02239,2025-01-09,CUST1590,Beauty,Shampoo,4,85372,0.09,7431.23,South,Chennai,Credit Card
ORD02240,2025-07-16,CUST0103,Beauty,Face Wash,5,108770,0.21,15840.35,North,Jaipur,Credit Card
ORD02241,2025-08-19,CUST0381,Books,Comics,4,181632,0.16,37571.04,East,Bhubaneswar,Net Banking
ORD02242,2025-12-01,CUST1828,Books,Textbook,4,114356,0.08,5476.8,North,Jaipur,Cash on Delivery
ORD02243,2025-07-25,CUST0975,Clothing,Jeans,2,45336,0.06,6805.66,West,Mumbai,Cash on Delivery
ORD02244,2025-11-07,CUST0107,Clothing,Dress,5,143805,0.22,24360.53,South,Chennai,Cash on Delivery
ORD02245,2025-07-09,CUST1593,Electronics,Headphones,2,24116,0.02,2763.29,West,Ahmedabad,Credit Card
ORD02246,2025-10-23,CUST0857,Furniture,Sofa,5,200410,0.23,22353.1,East,Kolkata,UPI
ORD02247,2025-06-14,CUST0843,Furniture,Bookshelf,1,21096,0.06,3594.18,West,Pune,Cash on Delivery
ORD02248,2025-02-09,CUST1202,Electronics,Mobile Phone,3,69183,0.08,8736.81,West,Pune,UPI
ORD02249,2025-03-08,CUST0933,Clothing,Dress,4,57064,0.26,8441.92,South,Chennai,Credit Card
ORD02250,2025-08-26,CUST1701,Clothing,T-Shirt,2,64194,0.03,12597.81,South,Chennai,Debit Card
ORD02251,2025-03-22,CUST1264,Beauty,Perfume,1,28217,0.05,5519.05,North,Jaipur,Net Banking
ORD02252,2025-07-11,CUST0360,Furniture,Sofa,5,134930,0.17,10811.45,East,Bhubaneswar,UPI
ORD02253,2025-07-31,CUST1969,Beauty,Shampoo,2,25534,0.01,2174.89,South,Hyderabad,Net Banking
ORD02254,2025-02-09,CUST0125,Books,Novel,2,89946,0.12,11800.93,North,Jaipur,Cash on Delivery
ORD02255,2025-02-11,CUST0820,Books,Novel,4,7064,0.28,1074.41,North,Jaipur,Credit Card
ORD02256,2025-04-05,CUST0847,Beauty,Shampoo,1,2656,0.09,216.7,East,Patna,Cash on Delivery
ORD02257,2025-08-14,CUST0328,Clothing,Dress,5,75855,0.26,12495.43,East,Bhubaneswar,Net Banking
ORD02258,2025-01-17,CUST1519,Furniture,Bookshelf,5,4245,0.16,861.43,West,Mumbai,Cash on Delivery
ORD02259,2025-10-09,CUST0666,Furniture,Table,3,122565,0.22,20413.11,North,Delhi,UPI
ORD02260,2025-04-03,CUST1108,Books,Comics,4,185688,0.05,35566.87,South,Chennai,UPI
ORD02261,2025-10-16,CUST1674,Clothing,T-Shirt,3,129729,0.01,31464.23,West,Mumbai,Cash on Delivery
ORD02262,2025-03-29,CUST0930,Electronics,Smart Watch,4,120636,0.12,12338.47,West,Ahmedabad,Credit Card
ORD02263,2025-10-28,CUST0766,Books,Textbook,5,162815,0.08,29925.56,East,Kolkata,UPI
ORD02264,2025-07-31,CUST1734,Beauty,Shampoo,1,27939,0.22,5420.72,West,Pune,UPI
ORD02265,2025-11-01,CUST0096,Clothing,T-Shirt,1,37530,0.29,5832.57,North,Lucknow,Credit Card
ORD02266,2025-10-21,CUST1872,Clothing,T-Shirt,2,82224,0.01,8287.48,East,Bhubaneswar,UPI
ORD02267,2025-03-27,CUST0502,Books,Comics,3,39330,0.07,3096.7,South,Chennai,Debit Card
ORD02268,2025-11-13,CUST1812,Electronics,Laptop,3,69141,0.26,3165.84,South,Bangalore,Credit Card
ORD02269,2025-10-11,CUST1656,Furniture,Table,1,15313,0.26,1883.08,East,Patna,Net Banking
ORD02270,2025-03-25,CUST1213,Furniture,Chair,2,22260,0.09,2010.63,South,Chennai,Cash on Delivery
ORD02271,2025-04-29,CUST0251,Clothing,T-Shirt,5,247150,0.22,48187.36,North,Jaipur,Credit Card
ORD02272,2025-11-03,CUST0805,Furniture,Table,5,21350,0.13,2167.05,North,Delhi,Debit Card
ORD02273,2025-02-08,CUST0986,Books,Comics,2,32814,0.29,3035.67,North,Delhi,Cash on Delivery
ORD02274,2025-05-18,CUST1313,Furniture,Table,1,1475,0.12,219.44,East,Kolkata,UPI
ORD02275,2025-08-17,CUST0156,Books,Comics,5,34540,0.18,2440.36,West,Pune,Credit Card
ORD02276,2025-05-21,CUST0970,Electronics,Mobile Phone,4,35580,0.28,5661.34,East,Kolkata,Debit Card
ORD02277,2025-08-06,CUST0247,Clothing,Shoes,1,9797,0.21,1765.19,East,Bhubaneswar,Cash on Delivery
ORD02278,2025-05-18,CUST0646,Clothing,T-Shirt,5,54380,0.2,9826.33,North,Lucknow,Credit Card
ORD02279,2025-06-19,CUST0727,Furniture,Sofa,1,4615,0.11,394.53,South,Chennai,UPI
ORD02280,2025-05-02,CUST1365,Furniture,Sofa,2,14154,0.17,834.25,East,Kolkata,UPI
ORD02281,2025-03-06,CUST0767,Books,Magazine,4,169172,0.04,23260.89,West,Ahmedabad,Debit Card
ORD02282,2025-12-12,CUST0659,Clothing,Jeans,5,79915,0.21,6368.49,North,Lucknow,Net Banking
ORD02283,2025-11-21,CUST0783,Electronics,Smart Watch,5,160800,0.15,18627.35,North,Jaipur,Net Banking
ORD02284,2025-02-18,CUST0734,Clothing,Jeans,5,195685,0.3,18629.17,South,Chennai,Net Banking
ORD02285,2025-01-30,CUST1810,Electronics,Smart Watch,5,220575,0.09,27430.48,East,Bhubaneswar,Net Banking
ORD02286,2025-08-12,CUST1456,Furniture,Table,5,58790,0.29,4763.8,South,Hyderabad,Cash on Delivery
ORD02287,2025-10-27,CUST1596,Clothing,Shoes,5,89700,0.12,5925.4,South,Chennai,Credit Card
ORD02288,2025-07-20,CUST0346,Furniture,Table,3,146421,0.11,26994.31,South,Hyderabad,Net Banking
ORD02289,2025-12-06,CUST1913,Clothing,Jeans,1,49978,0.03,4201.66,South,Bangalore,Cash on Delivery
ORD02290,2025-04-03,CUST1324,Clothing,Dress,5,137235,0.06,26070.54,West,Mumbai,UPI
ORD02291,2025-11-01,CUST0024,Electronics,Smart Watch,3,18642,0.09,2793.66,South,Chennai,UPI
ORD02292,2025-05-15,CUST1882,Books,Magazine,4,12420,0.04,1546.44,West,Mumbai,Debit Card
ORD02293,2025-01-21,CUST0039,Electronics,Headphones,2,9748,0.14,897.08,West,Mumbai,Credit Card
ORD02294,2025-04-13,CUST1104,Books,Novel,1,38178,0.07,4407.91,North,Lucknow,Net Banking
ORD02295,2025-07-15,CUST1746,Clothing,Jeans,4,26548,0.03,4335.98,South,Bangalore,UPI
ORD02296,2025-07-24,CUST0576,Electronics,Mobile Phone,2,61476,0.15,3002.26,North,Lucknow,Cash on Delivery
ORD02297,2025-09-27,CUST1461,Electronics,Mobile Phone,4,36024,0.12,2969.69,North,Jaipur,Debit Card
ORD02298,2025-08-16,CUST1692,Electronics,Laptop,4,47472,0.06,6012.23,East,Kolkata,Cash on Delivery
ORD02299,2025-11-13,CUST0531,Clothing,Jeans,2,54786,0.03,9490.32,North,Delhi,Debit Card
ORD02300,2025-05-28,CUST0239,Electronics,Mobile Phone,2,94770,0.03,11012.22,East,Kolkata,Credit Card
ORD02301,2025-01-17,CUST0865,Beauty,Face Cream,4,139192,0.11,29756.73,West,Pune,Credit Card
ORD02302,2025-08-31,CUST0672,Furniture,Table,1,18682,0.26,2927.66,South,Hyderabad,Debit Card
ORD02303,2025-06-03,CUST1429,Electronics,Mobile Phone,4,164456,0.18,11834.39,North,Delhi,Credit Card
ORD02304,2025-02-09,CUST1575,Electronics,Smart Watch,2,59364,0.09,11036.49,East,Patna,Cash on Delivery
ORD02305,2025-07-19,CUST1173,Clothing,Jeans,4,89880,0.24,10259.75,East,Bhubaneswar,Debit Card
ORD02306,2025-03-12,CUST0857,Beauty,Shampoo,3,106893,0.11,9045.31,South,Bangalore,Net Banking
ORD02307,2025-12-28,CUST0546,Books,Novel,4,47336,0.06,6085.9,East,Patna,UPI
ORD02308,2025-05-18,CUST0358,Electronics,Laptop,5,112995,0.19,10304.95,East,Kolkata,UPI
ORD02309,2025-10-25,CUST1600,Beauty,Face Wash,5,200220,0.0,41969.44,South,Bangalore,Credit Card
ORD02310,2025-11-22,CUST0841,Beauty,Shampoo,4,15080,0.09,3009.22,East,Patna,UPI
ORD02311,2025-07-22,CUST1491,Furniture,Chair,5,88325,0.08,11490.61,West,Ahmedabad,Cash on Delivery
ORD02312,2025-07-18,CUST1547,Electronics,Mobile Phone,3,82914,0.25,4743.18,East,Bhubaneswar,Credit Card
ORD02313,2025-09-22,CUST1529,Beauty,Shampoo,3,137946,0.03,16666.19,East,Patna,Net Banking
ORD02314,2025-02-26,CUST0023,Books,Novel,4,126616,0.28,7601.89,North,Delhi,Net Banking
ORD02315,2025-01-11,CUST0595,Furniture,Table,4,172344,0.25,20994.07,North,Lucknow,Credit Card
ORD02316,2025-05-17,CUST1874,Furniture,Bookshelf,3,8676,0.07,803.61,West,Mumbai,Cash on Delivery
ORD02317,2025-01-12,CUST1675,Books,Comics,4,128624,0.19,19084.1,South,Chennai,Cash on Delivery
ORD02318,2025-10-22,CUST1316,Beauty,Shampoo,2,56132,0.12,10942.45,South,Chennai,Debit Card
ORD02319,2025-06-18,CUST1385,Electronics,Laptop,5,143695,0.1,19460.42,West,Ahmedabad,Net Banking
ORD02320,2025-03-28,CUST1427,Electronics,Mobile Phone,5,138390,0.06,24189.27,West,Mumbai,Net Banking
ORD02321,2025-12-10,CUST1305,Books,Magazine,3,126873,0.1,6209.59,West,Mumbai,Debit Card
ORD02322,2025-08-05,CUST1567,Books,Comics,4,17380,0.08,3538.33,South,Chennai,UPI
ORD02323,2025-02-05,CUST0824,Books,Magazine,4,104432,0.06,21379.31,West,Mumbai,Credit Card
ORD02324,2025-11-12,CUST0165,Books,Novel,5,192995,0.05,39858.45,West,Mumbai,Net Banking
ORD02325,2025-04-15,CUST1583,Books,Comics,5,52935,0.13,5276.42,West,Mumbai,Credit Card
ORD02326,2025-11-09,CUST0538,Beauty,Shampoo,1,35489,0.13,6671.92,West,Ahmedabad,Credit Card
ORD02327,2025-12-07,CUST0481,Beauty,Face Wash,2,95104,0.21,11804.2,South,Chennai,UPI
ORD02328,2025-10-17,CUST1251,Clothing,Dress,5,229360,0.01,24172.44,East,Patna,Cash on Delivery
ORD02329,2025-08-13,CUST0389,Beauty,Shampoo,2,9324,0.19,1615.51,West,Ahmedabad,UPI
ORD02330,2025-05-23,CUST1349,Furniture,Table,2,74584,0.27,10807.59,South,Bangalore,Credit Card
ORD02331,2025-01-03,CUST0792,Electronics,Smart Watch,5,39080,0.12,5172.3,North,Jaipur,Cash on Delivery
ORD02332,2025-01-27,CUST0211,Furniture,Chair,5,192520,0.26,28738.67,North,Jaipur,Cash on Delivery
ORD02333,2025-02-28,CUST0975,Furniture,Chair,1,13588,0.28,2005.02,North,Jaipur,UPI
ORD02334,2025-01-16,CUST1051,Books,Comics,3,9861,0.13,511.18,West,Ahmedabad,Net Banking
ORD02335,2025-08-01,CUST1127,Electronics,Laptop,4,41376,0.16,5912.93,West,Mumbai,Credit Card
ORD02336,2025-10-24,CUST1979,Furniture,Table,1,30492,0.04,4435.59,East,Kolkata,Debit Card
ORD02337,2025-08-05,CUST1920,Books,Comics,3,18960,0.02,2935.16,West,Ahmedabad,Net Banking
ORD02338,2025-01-17,CUST1087,Electronics,Mobile Phone,4,108468,0.12,5069.56,North,Delhi,Credit Card
ORD02339,2025-08-04,CUST0399,Electronics,Smart Watch,1,42154,0.23,2760.47,North,Jaipur,Debit Card
ORD02340,2025-05-10,CUST0685,Furniture,Table,5,127505,0.19,8962.15,South,Bangalore,Net Banking
ORD02341,2025-12-03,CUST0293,Beauty,Shampoo,1,48720,0.22,8060.19,North,Delhi,Debit Card
ORD02342,2025-03-21,CUST1960,Clothing,Dress,5,8580,0.18,1672.77,South,Bangalore,Credit Card
ORD02343,2025-07-27,CUST1686,Beauty,Face Wash,2,73262,0.27,8769.6,South,Chennai,UPI
ORD02344,2025-03-10,CUST1730,Clothing,Shoes,2,99856,0.09,11366.48,West,Mumbai,Debit Card
ORD02345,2025-09-30,CUST1670,Electronics,Headphones,4,69064,0.15,3864.62,East,Kolkata,Cash on Delivery
ORD02346,2025-09-19,CUST1120,Furniture,Table,4,185940,0.08,38564.2,North,Delhi,Credit Card
ORD02347,2025-07-24,CUST0842,Electronics,Headphones,2,68864,0.11,14575.37,West,Pune,Credit Card
ORD02348,2025-11-16,CUST1987,Clothing,Jeans,1,25479,0.12,3199.97,South,Bangalore,Net Banking
ORD02349,2025-12-08,CUST1854,Beauty,Face Wash,3,115821,0.09,22483.24,North,Delhi,Credit Card
ORD02350,2025-07-30,CUST1155,Clothing,T-Shirt,5,174345,0.12,12758.26,East,Kolkata,Net Banking
ORD02351,2025-10-19,CUST1195,Clothing,T-Shirt,4,21048,0.29,3582.48,West,Pune,Cash on Delivery
ORD02352,2025-12-03,CUST1682,Clothing,Jeans,5,195830,0.27,34251.75,East,Bhubaneswar,Credit Card
ORD02353,2025-10-12,CUST1055,Books,Comics,5,243280,0.14,51156.06,South,Bangalore,Cash on Delivery
ORD02354,2025-09-26,CUST0354,Beauty,Perfume,4,5236,0.09,473.67,South,Bangalore,UPI
ORD02355,2025-11-03,CUST0174,Books,Textbook,3,40848,0.18,6672.51,South,Chennai,Credit Card
ORD02356,2025-12-04,CUST1431,Clothing,Shoes,1,4858,0.09,264.96,North,Delhi,Cash on Delivery
ORD02357,2025-10-16,CUST0145,Beauty,Face Cream,2,5424,0.26,787.57,North,Jaipur,Credit Card
ORD02358,2025-11-22,CUST1728,Furniture,Sofa,5,190885,0.15,13055.0,North,Delhi,Net Banking
ORD02359,2025-12-10,CUST0786,Beauty,Face Cream,5,179495,0.13,18027.97,North,Lucknow,Debit Card
ORD02360,2025-01-29,CUST1063,Clothing,Jeans,3,123609,0.29,15779.05,East,Kolkata,Credit Card
ORD02361,2025-02-22,CUST1275,Clothing,Dress,5,161250,0.3,15308.27,South,Chennai,Debit Card
ORD02362,2025-07-25,CUST1094,Books,Magazine,5,13625,0.19,2444.1,South,Hyderabad,Credit Card
ORD02363,2025-11-12,CUST0837,Electronics,Laptop,3,49866,0.19,2042.02,West,Ahmedabad,Cash on Delivery
ORD02364,2025-05-29,CUST1740,Electronics,Mobile Phone,2,86410,0.27,11252.78,East,Bhubaneswar,UPI
ORD02365,2025-02-07,CUST1345,Furniture,Chair,3,25194,0.21,2260.96,East,Bhubaneswar,Credit Card
ORD02366,2025-11-25,CUST0348,Beauty,Face Wash,1,3896,0.15,494.0,West,Mumbai,UPI
ORD02367,2025-04-02,CUST1979,Beauty,Face Wash,4,24584,0.23,3830.59,North,Delhi,UPI
ORD02368,2025-01-21,CUST0389,Clothing,Dress,2,68584,0.15,5362.89,North,Lucknow,Debit Card
ORD02369,2025-05-19,CUST1011,Clothing,Dress,4,77132,0.16,3240.65,East,Bhubaneswar,Cash on Delivery
ORD02370,2025-01-03,CUST1417,Electronics,Mobile Phone,2,42314,0.3,6948.83,West,Mumbai,Cash on Delivery
ORD02371,2025-12-19,CUST1142,Beauty,Face Wash,1,31381,0.19,6240.05,North,Lucknow,Debit Card
ORD02372,2025-06-30,CUST0786,Electronics,Mobile Phone,2,71544,0.18,3853.86,South,Hyderabad,Credit Card
ORD02373,2025-02-10,CUST1493,Furniture,Sofa,3,101550,0.0,12111.19,North,Lucknow,UPI
ORD02374,2025-12-08,CUST0240,Furniture,Bookshelf,5,131080,0.2,10462.83,East,Bhubaneswar,Cash on Delivery
ORD02375,2025-01-07,CUST1469,Electronics,Mobile Phone,1,19181,0.0,1902.1,West,Mumbai,Debit Card
ORD02376,2025-12-31,CUST1119,Furniture,Table,3,5112,0.3,356.87,North,Lucknow,Credit Card
ORD02377,2025-01-21,CUST0489,Clothing,T-Shirt,2,78144,0.11,14173.16,North,Lucknow,Net Banking
ORD02378,2025-03-19,CUST0803,Furniture,Bookshelf,1,43758,0.13,6018.67,East,Patna,Debit Card
ORD02379,2025-04-15,CUST1480,Clothing,Dress,3,137562,0.13,20352.92,North,Jaipur,Credit Card
ORD02380,2025-05-15,CUST1741,Furniture,Bookshelf,1,12943,0.18,1524.96,South,Chennai,UPI
ORD02381,2025-09-05,CUST1985,Books,Novel,1,33634,0.22,4486.73,West,Pune,UPI
ORD02382,2025-12-21,CUST1289,Books,Comics,1,39787,0.21,2154.06,North,Lucknow,Debit Card
ORD02383,2025-10-03,CUST0565,Clothing,T-Shirt,2,52090,0.11,3210.42,North,Delhi,Net Banking
ORD02384,2025-11-01,CUST1344,Furniture,Sofa,4,65168,0.06,4524.57,East,Kolkata,Cash on Delivery
ORD02385,2025-08-29,CUST1389,Electronics,Headphones,2,20232,0.01,1906.39,West,Ahmedabad,UPI
ORD02386,2025-01-30,CUST1769,Beauty,Perfume,3,59748,0.14,9744.57,East,Bhubaneswar,Net Banking
ORD02387,2025-11-13,CUST1173,Clothing,Jeans,1,19457,0.12,1107.56,North,Jaipur,Debit Card
ORD02388,2025-05-08,CUST0670,Clothing,Dress,4,109000,0.04,13759.01,West,Pune,Net Banking
ORD02389,2025-10-01,CUST0617,Beauty,Shampoo,1,9535,0.22,481.45,East,Kolkata,UPI
ORD02390,2025-07-25,CUST0100,Clothing,Dress,4,3556,0.06,426.7,West,Ahmedabad,Debit Card
ORD02391,2025-07-09,CUST0091,Electronics,Mobile Phone,4,105756,0.07,21229.22,South,Chennai,Credit Card
ORD02392,2025-04-21,CUST1202,Books,Novel,1,41384,0.16,2577.18,West,Pune,UPI
ORD02393,2025-01-12,CUST1246,Books,Novel,2,84766,0.01,10319.21,South,Chennai,Debit Card
ORD02394,2025-04-29,CUST1757,Furniture,Chair,3,113256,0.14,16508.47,South,Bangalore,UPI
ORD02395,2025-03-10,CUST1768,Books,Comics,1,41347,0.21,4444.82,West,Mumbai,Cash on Delivery
ORD02396,2025-10-30,CUST1950,Furniture,Bookshelf,3,52182,0.24,9767.7,East,Patna,Credit Card
ORD02397,2025-06-18,CUST0462,Electronics,Headphones,5,200735,0.08,19771.92,East,Patna,Net Banking
ORD02398,2025-06-28,CUST1289,Electronics,Laptop,5,42075,0.22,5547.92,North,Lucknow,Debit Card
ORD02399,2025-03-27,CUST1223,Books,Comics,3,79776,0.29,4609.44,East,Bhubaneswar,Debit Card
ORD02400,2025-01-07,CUST0481,Clothing,T-Shirt,4,15716,0.09,1880.37,West,Ahmedabad,Cash on Delivery
ORD02401,2025-08-18,CUST1769,Electronics,Mobile Phone,5,141125,0.01,7278.67,South,Bangalore,Credit Card
ORD02402,2025-09-16,CUST0748,Beauty,Perfume,2,47310,0.24,2250.01,North,Delhi,UPI
ORD02403,2025-11-22,CUST1948,Electronics,Headphones,1,4946,0.13,799.84,South,Hyderabad,UPI
ORD02404,2025-02-01,CUST0765,Beauty,Perfume,4,16144,0.1,2005.19,North,Jaipur,Credit Card
ORD02405,2025-10-18,CUST0544,Clothing,Dress,2,33150,0.18,3031.4,East,Kolkata,UPI
ORD02406,2025-08-28,CUST1196,Beauty,Face Wash,1,45065,0.24,6469.0,East,Kolkata,UPI
ORD02407,2025-09-30,CUST0815,Furniture,Bookshelf,1,42638,0.28,5447.45,North,Lucknow,Cash on Delivery
ORD02408,2025-04-10,CUST1805,Furniture,Bookshelf,3,77850,0.27,9135.26,South,Bangalore,Debit Card
ORD02409,2025-07-11,CUST1407,Books,Magazine,5,153230,0.12,32492.85,East,Patna,Cash on Delivery
ORD02410,2025-05-16,CUST0501,Electronics,Smart Watch,4,126268,0.24,6500.62,South,Hyderabad,UPI
ORD02411,2025-04-08,CUST1742,Electronics,Smart Watch,5,120425,0.13,10307.15,South,Chennai,Credit Card
ORD02412,2025-05-29,CUST0531,Books,Magazine,2,28568,0.17,5266.84,South,Hyderabad,UPI
ORD02413,2025-08-24,CUST0771,Clothing,Jeans,2,52744,0.28,8702.28,East,Kolkata,Net Banking
ORD02414,2025-12-30,CUST0327,Books,Comics,4,126096,0.28,15832.7,East,Kolkata,Credit Card
ORD02415,2025-02-18,CUST0515,Books,Textbook,2,32234,0.21,1383.72,South,Chennai,UPI
ORD02416,2025-06-02,CUST1014,Electronics,Mobile Phone,2,68666,0.08,4905.99,South,Chennai,UPI
ORD02417,2025-06-18,CUST1726,Books,Comics,4,88872,0.25,14824.09,North,Lucknow,Debit Card
ORD02418,2025-11-15,CUST0143,Furniture,Chair,4,86828,0.13,14197.45,West,Mumbai,Credit Card
ORD02419,2025-05-06,CUST0438,Books,Comics,1,47464,0.25,7394.43,North,Delhi,Credit Card
ORD02420,2025-02-08,CUST0849,Clothing,Shoes,4,119804,0.14,9650.83,South,Chennai,Net Banking
ORD02421,2025-04-17,CUST1144,Electronics,Mobile Phone,4,9412,0.28,939.17,West,Pune,Debit Card
ORD02422,2025-06-05,CUST0278,Electronics,Smart Watch,3,122286,0.09,19449.67,West,Mumbai,Debit Card
ORD02423,2025-05-19,CUST0038,Electronics,Laptop,3,144615,0.02,32534.06,West,Ahmedabad,Cash on Delivery
ORD02424,2025-01-02,CUST1725,Beauty,Face Wash,4,112164,0.04,17641.33,South,Bangalore,Cash on Delivery
ORD02425,2025-07-02,CUST1300,Clothing,T-Shirt,4,52044,0.24,7217.39,North,Delhi,Cash on Delivery
ORD02426,2025-11-27,CUST1201,Furniture,Bookshelf,5,149240,0.08,23204.18,North,Jaipur,Credit Card
ORD02427,2025-11-03,CUST1618,Electronics,Smart Watch,5,179995,0.21,31058.85,West,Ahmedabad,UPI
ORD02428,2025-05-25,CUST1224,Furniture,Bookshelf,5,105715,0.24,4245.44,North,Lucknow,Credit Card
ORD02429,2025-10-30,CUST0527,Clothing,Shoes,2,17718,0.04,1607.14,West,Pune,Cash on Delivery
ORD02430,2025-11-30,CUST0153,Electronics,Smart Watch,5,194425,0.21,34728.62,North,Delhi,UPI
ORD02431,2025-12-17,CUST0923,Furniture,Table,3,4701,0.0,303.9,East,Kolkata,Cash on Delivery
ORD02432,2025-06-03,CUST0354,Clothing,Jeans,5,232920,0.27,40435.11,South,Hyderabad,Credit Card
ORD02433,2025-09-14,CUST1078,Furniture,Bookshelf,5,230590,0.15,43012.32,West,Ahmedabad,Credit Card
ORD02434,2025-10-07,CUST1992,Clothing,Jeans,5,215140,0.14,21455.99,West,Ahmedabad,Debit Card
ORD02435,2025-10-22,CUST1316,Electronics,Mobile Phone,1,48425,0.06,8861.16,North,Jaipur,Debit Card
ORD02436,2025-05-19,CUST0802,Beauty,Face Wash,5,198930,0.16,37425.34,West,Ahmedabad,UPI
ORD02437,2025-12-14,CUST1110,Furniture,Bookshelf,3,113049,0.23,11086.76,West,Ahmedabad,Credit Card
ORD02438,2025-10-21,CUST1803,Electronics,Mobile Phone,4,33280,0.02,5172.67,South,Chennai,Credit Card
ORD02439,2025-06-13,CUST1501,Beauty,Shampoo,2,1970,0.03,218.86,West,Pune,Cash on Delivery
ORD02440,2025-06-15,CUST0672,Books,Magazine,4,176456,0.28,30415.93,East,Bhubaneswar,Debit Card
ORD02441,2025-01-27,CUST0792,Beauty,Face Wash,3,93954,0.13,4180.52,North,Delhi,Net Banking
ORD02442,2025-08-01,CUST0784,Beauty,Face Wash,2,39164,0.2,3806.2,West,Ahmedabad,Debit Card
ORD02443,2025-09-20,CUST1206,Furniture,Table,2,34644,0.26,2614.99,North,Delhi,Net Banking
ORD02444,2025-08-07,CUST0035,Beauty,Face Wash,2,27422,0.16,5353.9,North,Delhi,Net Banking
ORD02445,2025-04-10,CUST0094,Clothing,Dress,1,30163,0.01,2957.17,West,Mumbai,Net Banking
ORD02446,2025-12-22,CUST0682,Furniture,Table,5,213190,0.12,15885.02,South,Chennai,UPI
ORD02447,2025-10-24,CUST0025,Books,Comics,3,148308,0.02,15089.82,North,Lucknow,Net Banking
ORD02448,2025-05-20,CUST0690,Beauty,Shampoo,4,152956,0.26,8713.84,West,Ahmedabad,Credit Card
ORD02449,2025-06-02,CUST0651,Books,Textbook,3,78027,0.18,9938.05,North,Delhi,UPI
ORD02450,2025-01-08,CUST1174,Beauty,Face Cream,4,80420,0.3,13777.2,East,Bhubaneswar,Debit Card
ORD02451,2025-10-08,CUST0093,Beauty,Face Cream,1,22571,0.18,3249.81,East,Patna,Credit Card
ORD02452,2025-01-23,CUST1642,Beauty,Shampoo,5,84735,0.08,14042.62,South,Hyderabad,Credit Card
ORD02453,2025-08-28,CUST0392,Electronics,Headphones,5,94370,0.18,17349.43,South,Bangalore,Debit Card
ORD02454,2025-05-27,CUST1091,Clothing,T-Shirt,5,246325,0.13,30423.98,South,Chennai,Cash on Delivery
ORD02455,2025-05-17,CUST1862,Beauty,Face Wash,3,14610,0.15,1677.39,East,Kolkata,Net Banking
ORD02456,2025-06-13,CUST1612,Clothing,Jeans,5,249770,0.22,42435.79,North,Lucknow,Net Banking
ORD02457,2025-03-28,CUST1989,Beauty,Face Wash,4,43724,0.07,8266.47,North,Lucknow,Cash on Delivery
ORD02458,2025-09-04,CUST0600,Electronics,Headphones,5,94230,0.05,11995.3,West,Ahmedabad,Net Banking
ORD02459,2025-04-20,CUST1346,Clothing,T-Shirt,1,25662,0.12,4938.46,West,Mumbai,UPI
ORD02460,2025-07-15,CUST1687,Furniture,Sofa,5,166550,0.04,32903.01,North,Jaipur,Debit Card
ORD02461,2025-03-20,CUST0483,Furniture,Table,5,197050,0.25,34983.2,West,Ahmedabad,Credit Card
ORD02462,2025-10-24,CUST0056,Beauty,Face Cream,4,33204,0.14,4298.09,South,Hyderabad,Credit Card
ORD02463,2025-08-08,CUST0648,Clothing,Jeans,5,21050,0.01,4428.61,West,Ahmedabad,Debit Card
ORD02464,2025-10-25,CUST0662,Books,Magazine,5,94435,0.24,17719.17,North,Lucknow,Debit Card
ORD02465,2025-10-06,CUST1108,Electronics,Mobile Phone,3,63210,0.06,9207.69,West,Pune,Net Banking
ORD02466,2025-09-10,CUST1234,Electronics,Mobile Phone,5,24225,0.11,1357.44,South,Bangalore,UPI
ORD02467,2025-10-09,CUST0431,Books,Textbook,5,235875,0.19,15959.07,East,Patna,Net Banking
ORD02468,2025-12-17,CUST0981,Furniture,Bookshelf,5,9985,0.26,1787.35,West,Mumbai,Cash on Delivery
ORD02469,2025-11-20,CUST1611,Electronics,Smart Watch,4,180584,0.03,12770.21,South,Hyderabad,Net Banking
ORD02470,2025-10-04,CUST1072,Electronics,Headphones,5,35190,0.05,5463.03,North,Lucknow,Cash on Delivery
ORD02471,2025-11-02,CUST0076,Electronics,Smart Watch,4,3844,0.27,358.07,North,Lucknow,UPI
ORD02472,2025-10-11,CUST1243,Electronics,Mobile Phone,4,40464,0.18,2614.48,South,Chennai,Credit Card
ORD02473,2025-05-05,CUST1462,Clothing,Dress,3,120933,0.27,20681.09,West,Ahmedabad,Debit Card
ORD02474,2025-04-26,CUST1996,Electronics,Mobile Phone,4,135964,0.18,24801.11,West,Pune,Credit Card
ORD02475,2025-03-29,CUST1721,Furniture,Table,4,117932,0.07,7711.62,West,Mumbai,Credit Card
ORD02476,2025-12-13,CUST1854,Electronics,Headphones,1,45152,0.25,3848.93,East,Bhubaneswar,UPI
ORD02477,2025-04-24,CUST1058,Furniture,Chair,4,163968,0.18,30310.56,North,Lucknow,Debit Card
ORD02478,2025-02-09,CUST0638,Furniture,Table,3,101592,0.16,6053.33,North,Jaipur,UPI
ORD02479,2025-11-28,CUST1625,Furniture,Bookshelf,1,49818,0.05,4513.32,North,Lucknow,Debit Card
ORD02480,2025-10-01,CUST1233,Electronics,Smart Watch,4,31840,0.1,5731.5,West,Ahmedabad,UPI
ORD02481,2025-04-29,CUST1309,Electronics,Mobile Phone,4,142960,0.02,31732.27,West,Ahmedabad,Debit Card
ORD02482,2025-05-31,CUST0051,Furniture,Table,3,53286,0.12,6780.81,West,Ahmedabad,Credit Card
ORD02483,2025-06-13,CUST0983,Beauty,Perfume,1,28811,0.07,2061.62,East,Kolkata,Credit Card
ORD02484,2025-03-24,CUST1232,Beauty,Face Cream,5,165755,0.11,28218.54,North,Jaipur,Credit Card
ORD02485,2025-01-20,CUST0280,Beauty,Face Cream,4,148684,0.23,10495.62,North,Lucknow,Net Banking
ORD02486,2025-04-27,CUST0359,Electronics,Headphones,3,127827,0.05,26027.19,East,Patna,Debit Card
ORD02487,2025-05-07,CUST1195,Electronics,Mobile Phone,5,116190,0.19,9492.13,East,Kolkata,Cash on Delivery
ORD02488,2025-12-30,CUST0522,Beauty,Shampoo,3,58836,0.24,9806.61,West,Mumbai,Cash on Delivery
ORD02489,2025-11-18,CUST0998,Clothing,T-Shirt,5,119395,0.16,18058.58,East,Patna,Debit Card
ORD02490,2025-03-26,CUST0158,Books,Novel,4,2768,0.1,597.04,West,Mumbai,Net Banking
ORD02491,2025-05-21,CUST1368,Electronics,Mobile Phone,3,20940,0.07,3946.28,North,Lucknow,Cash on Delivery
ORD02492,2025-01-14,CUST1508,Beauty,Shampoo,2,91962,0.15,10939.55,East,Patna,Credit Card
ORD02493,2025-03-19,CUST0870,Books,Comics,2,27382,0.23,1175.11,West,Pune,Debit Card
ORD02494,2025-03-05,CUST1229,Electronics,Mobile Phone,5,64300,0.12,7949.15,South,Chennai,Cash on Delivery
ORD02495,2025-05-04,CUST0570,Beauty,Perfume,1,9645,0.3,1345.72,West,Mumbai,Credit Card
ORD02496,2025-02-07,CUST1843,Electronics,Smart Watch,2,36214,0.18,4716.94,South,Chennai,Credit Card
ORD02497,2025-08-31,CUST1770,Beauty,Perfume,4,95868,0.19,4133.4,South,Bangalore,Cash on Delivery
ORD02498,2025-05-31,CUST0056,Books,Novel,3,55779,0.24,3139.53,East,Kolkata,Net Banking
ORD02499,2025-07-04,CUST0890,Clothing,Jeans,1,30510,0.09,3584.08,South,Bangalore,Debit Card
ORD02500,2025-07-14,CUST0447,Clothing,Shoes,5,128240,0.07,23890.99,North,Delhi,UPI
ORD02501,2025-04-04,CUST0996,Books,Textbook,3,71493,0.17,4841.49,West,Ahmedabad,Cash on Delivery
ORD02502,2025-10-08,CUST0663,Beauty,Face Wash,5,17235,0.01,4017.55,North,Jaipur,UPI
ORD02503,2025-05-11,CUST1793,Clothing,Dress,2,36530,0.23,6612.13,East,Kolkata,Net Banking
ORD02504,2025-08-29,CUST1547,Beauty,Perfume,5,178115,0.07,8308.64,South,Chennai,Credit Card
ORD02505,2025-07-11,CUST1407,Clothing,T-Shirt,3,75810,0.22,11184.86,East,Bhubaneswar,Cash on Delivery
ORD02506,2025-08-23,CUST1078,Furniture,Chair,1,8001,0.08,1518.8,South,Bangalore,Net Banking
ORD02507,2025-06-14,CUST0585,Beauty,Face Wash,2,91204,0.0,4814.91,South,Chennai,Credit Card
ORD02508,2025-07-11,CUST1029,Beauty,Perfume,1,34174,0.06,6092.97,West,Pune,UPI
ORD02509,2025-02-17,CUST1922,Electronics,Laptop,1,20948,0.06,1316.58,West,Mumbai,UPI
ORD02510,2025-01-08,CUST0996,Furniture,Chair,5,137685,0.05,9257.68,West,Pune,Net Banking
ORD02511,2025-08-05,CUST0617,Electronics,Mobile Phone,5,222500,0.12,30329.64,North,Delhi,Credit Card
ORD02512,2025-08-08,CUST1684,Furniture,Bookshelf,5,216045,0.25,12728.98,North,Jaipur,Net Banking
ORD02513,2025-07-26,CUST0069,Clothing,Jeans,3,36732,0.21,2589.45,North,Jaipur,UPI
ORD02514,2025-12-20,CUST1930,Clothing,Jeans,5,143970,0.26,26140.26,North,Delhi,Debit Card
ORD02515,2025-03-20,CUST0056,Electronics,Headphones,3,147165,0.03,15396.34,South,Chennai,Cash on Delivery
ORD02516,2025-10-17,CUST0291,Beauty,Perfume,3,16320,0.08,2968.45,North,Delhi,UPI
ORD02517,2025-03-11,CUST0570,Electronics,Mobile Phone,2,98016,0.16,6236.35,West,Mumbai,UPI
ORD02518,2025-07-13,CUST0287,Electronics,Headphones,2,25142,0.2,1195.52,South,Hyderabad,UPI
ORD02519,2025-10-22,CUST0207,Electronics,Laptop,2,34556,0.16,2665.12,North,Delhi,Credit Card
ORD02520,2025-04-20,CUST0325,Clothing,Jeans,5,126635,0.29,6594.85,East,Kolkata,Credit Card
ORD02521,2025-09-14,CUST0819,Books,Textbook,3,67020,0.04,7132.38,East,Bhubaneswar,Debit Card
ORD02522,2025-04-09,CUST0549,Furniture,Bookshelf,2,35564,0.18,3966.38,West,Mumbai,Credit Card
ORD02523,2025-05-05,CUST0567,Electronics,Headphones,4,168892,0.2,23647.65,South,Bangalore,Net Banking
ORD02524,2025-02-17,CUST0686,Books,Textbook,4,62828,0.11,12132.17,South,Hyderabad,Credit Card
ORD02525,2025-07-19,CUST1967,Beauty,Perfume,5,24235,0.08,4521.81,East,Bhubaneswar,Credit Card
ORD02526,2025-07-09,CUST0449,Furniture,Chair,4,111180,0.09,10453.3,North,Lucknow,Credit Card
ORD02527,2025-06-12,CUST1366,Beauty,Face Wash,4,72984,0.28,6766.21,South,Bangalore,Credit Card
ORD02528,2025-03-20,CUST0594,Furniture,Chair,5,183195,0.27,26691.31,West,Mumbai,Credit Card
ORD02529,2025-08-23,CUST1769,Beauty,Perfume,1,22700,0.14,1587.74,South,Bangalore,Cash on Delivery
ORD02530,2025-09-14,CUST1535,Clothing,Jeans,2,87422,0.09,12705.23,East,Bhubaneswar,Cash on Delivery
ORD02531,2025-08-29,CUST1209,Clothing,T-Shirt,4,193556,0.16,17755.65,West,Mumbai,Credit Card
ORD02532,2025-02-21,CUST0807,Books,Novel,3,45657,0.2,5479.52,West,Mumbai,Net Banking
ORD02533,2025-03-08,CUST0778,Clothing,Shoes,2,4030,0.15,313.93,North,Delhi,UPI
ORD02534,2025-10-11,CUST1852,Beauty,Face Cream,3,106941,0.18,18669.87,North,Delhi,UPI
ORD02535,2025-03-04,CUST0585,Books,Comics,3,114321,0.06,8206.1,West,Ahmedabad,Cash on Delivery
ORD02536,2025-10-24,CUST1703,Clothing,Dress,2,43376,0.19,7647.59,West,Pune,Credit Card
ORD02537,2025-10-27,CUST1763,Beauty,Face Wash,2,26068,0.18,3035.4,East,Bhubaneswar,Net Banking
ORD02538,2025-12-08,CUST0225,Furniture,Sofa,5,88435,0.15,13755.22,South,Bangalore,Credit Card
ORD02539,2025-12-11,CUST0053,Beauty,Perfume,4,25180,0.19,2861.52,East,Patna,Cash on Delivery
ORD02540,2025-07-19,CUST0221,Books,Comics,2,79652,0.03,5483.77,South,Bangalore,Credit Card
ORD02541,2025-01-18,CUST1560,Furniture,Sofa,2,75406,0.18,12136.34,North,Jaipur,UPI
ORD02542,2025-09-04,CUST1346,Clothing,Jeans,3,43857,0.14,6908.88,South,Bangalore,Credit Card
ORD02543,2025-02-01,CUST1956,Furniture,Sofa,5,181245,0.24,14196.18,East,Kolkata,UPI
ORD02544,2025-07-25,CUST0022,Beauty,Perfume,1,16952,0.27,844.32,South,Chennai,Debit Card
ORD02545,2025-01-20,CUST0309,Books,Novel,3,130503,0.27,7841.43,North,Delhi,Net Banking
ORD02546,2025-02-07,CUST1795,Books,Magazine,4,144680,0.3,20214.48,West,Mumbai,Net Banking
ORD02547,2025-05-13,CUST1028,Books,Novel,2,16988,0.29,2459.84,South,Bangalore,Debit Card
ORD02548,2025-12-23,CUST0980,Furniture,Table,2,42844,0.06,5440.67,South,Chennai,Net Banking
ORD02549,2025-09-04,CUST0203,Electronics,Mobile Phone,5,127725,0.02,14367.71,North,Delhi,UPI
ORD02550,2025-01-09,CUST0278,Beauty,Shampoo,1,38705,0.2,7284.11,South,Chennai,Debit Card
ORD02551,2025-03-09,CUST1722,Beauty,Shampoo,5,217195,0.03,14411.11,South,Hyderabad,Net Banking
ORD02552,2025-04-20,CUST1987,Beauty,Face Wash,4,184764,0.02,42711.8,East,Kolkata,Cash on Delivery
ORD02553,2025-10-11,CUST1616,Beauty,Face Wash,3,85785,0.06,5189.01,West,Pune,UPI
ORD02554,2025-10-23,CUST0587,Electronics,Mobile Phone,1,43597,0.3,2271.23,East,Patna,Credit Card
ORD02555,2025-06-21,CUST0447,Clothing,Jeans,3,10914,0.02,1042.77,North,Jaipur,Debit Card
ORD02556,2025-06-26,CUST0691,Electronics,Mobile Phone,2,51926,0.02,8120.29,West,Ahmedabad,Credit Card
ORD02557,2025-05-25,CUST0997,Furniture,Chair,3,16254,0.0,2870.45,West,Ahmedabad,UPI
ORD02558,2025-11-03,CUST0453,Beauty,Face Wash,4,160468,0.08,24217.7,East,Bhubaneswar,UPI
ORD02559,2025-07-25,CUST0427,Electronics,Headphones,3,86568,0.14,17705.04,North,Lucknow,Debit Card
ORD02560,2025-07-19,CUST0828,Furniture,Table,4,169284,0.22,18635.94,South,Chennai,Credit Card
ORD02561,2025-12-06,CUST0088,Furniture,Bookshelf,3,76755,0.26,8251.84,East,Kolkata,UPI
ORD02562,2025-08-04,CUST1764,Furniture,Table,1,25277,0.15,5181.09,North,Delhi,Credit Card
ORD02563,2025-07-30,CUST0838,Furniture,Sofa,1,724,0.29,126.5,West,Mumbai,Net Banking
ORD02564,2025-07-28,CUST0346,Books,Novel,4,37540,0.16,1625.29,East,Kolkata,Credit Card
ORD02565,2025-04-03,CUST0359,Books,Novel,2,19350,0.07,2887.25,North,Jaipur,Net Banking
ORD02566,2025-04-09,CUST0734,Clothing,Dress,3,94110,0.1,6869.85,North,Lucknow,Net Banking
ORD02567,2025-05-18,CUST0927,Books,Textbook,3,19638,0.01,3893.42,North,Delhi,Net Banking
ORD02568,2025-06-10,CUST0398,Electronics,Smart Watch,1,16639,0.1,837.71,East,Kolkata,Debit Card
ORD02569,2025-08-12,CUST0593,Beauty,Face Cream,5,196500,0.04,40581.82,South,Hyderabad,UPI
ORD02570,2025-10-04,CUST0036,Furniture,Bookshelf,4,139412,0.07,9792.07,North,Lucknow,UPI
ORD02571,2025-02-09,CUST1256,Electronics,Headphones,3,141540,0.28,10039.75,North,Lucknow,Debit Card
ORD02572,2025-11-18,CUST0264,Clothing,T-Shirt,4,147664,0.12,18299.6,East,Bhubaneswar,Net Banking
ORD02573,2025-01-12,CUST0790,Electronics,Smart Watch,5,223400,0.17,31901.6,North,Lucknow,Credit Card
ORD02574,2025-12-08,CUST0299,Furniture,Bookshelf,2,61902,0.17,10513.19,North,Lucknow,UPI
ORD02575,2025-06-19,CUST1132,Clothing,Shoes,4,158304,0.17,14950.78,East,Kolkata,Debit Card
ORD02576,2025-05-23,CUST0383,Furniture,Bookshelf,5,102790,0.21,4398.92,East,Patna,Net Banking
ORD02577,2025-09-24,CUST1245,Electronics,Mobile Phone,1,45685,0.09,9510.84,West,Ahmedabad,Net Banking
ORD02578,2025-04-30,CUST0927,Beauty,Shampoo,1,25961,0.1,3316.4,West,Mumbai,Debit Card
ORD02579,2025-04-25,CUST0857,Furniture,Bookshelf,4,85452,0.04,10900.25,North,Delhi,Net Banking
ORD02580,2025-04-10,CUST0981,Electronics,Headphones,3,44742,0.19,5523.34,North,Delhi,Cash on Delivery
ORD02581,2025-04-03,CUST0662,Books,Comics,3,60735,0.14,11359.06,West,Pune,UPI
ORD02582,2025-01-03,CUST1571,Books,Textbook,2,33836,0.05,3545.39,South,Chennai,UPI
ORD02583,2025-05-07,CUST1930,Furniture,Sofa,2,41344,0.03,4660.0,West,Ahmedabad,Cash on Delivery
ORD02584,2025-10-27,CUST1901,Books,Novel,3,63495,0.14,11967.87,East,Patna,UPI
ORD02585,2025-08-20,CUST0126,Beauty,Face Cream,4,5916,0.05,465.96,West,Ahmedabad,Credit Card
ORD02586,2025-04-24,CUST1738,Clothing,Jeans,3,134337,0.18,13413.44,South,Hyderabad,UPI
ORD02587,2025-11-06,CUST0892,Furniture,Chair,1,18819,0.01,4017.32,West,Mumbai,Cash on Delivery
ORD02588,2025-03-13,CUST1699,Clothing,T-Shirt,1,32309,0.09,2393.11,West,Mumbai,Credit Card
ORD02589,2025-03-03,CUST0736,Electronics,Headphones,4,143968,0.28,8848.85,North,Jaipur,Credit Card
ORD02590,2025-01-03,CUST0812,Books,Comics,5,71285,0.14,15210.01,West,Pune,Credit Card
ORD02591,2025-06-04,CUST1089,Clothing,Dress,1,15614,0.18,1920.81,North,Delhi,Debit Card
ORD02592,2025-10-23,CUST0491,Electronics,Smart Watch,4,26960,0.2,1288.68,South,Chennai,Credit Card
ORD02593,2025-01-30,CUST1324,Clothing,Dress,5,162150,0.03,9808.14,South,Bangalore,UPI
ORD02594,2025-12-13,CUST0576,Clothing,Dress,4,40328,0.06,4477.06,West,Mumbai,Cash on Delivery
ORD02595,2025-11-15,CUST1663,Electronics,Headphones,3,1983,0.22,256.56,East,Patna,Credit Card
ORD02596,2025-07-17,CUST1334,Clothing,T-Shirt,2,18918,0.22,982.29,East,Bhubaneswar,Cash on Delivery
ORD02597,2025-05-06,CUST0910,Beauty,Shampoo,4,77920,0.13,7293.43,East,Bhubaneswar,UPI
ORD02598,2025-12-10,CUST0925,Electronics,Headphones,5,231645,0.27,39569.49,East,Kolkata,Cash on Delivery
ORD02599,2025-08-03,CUST0138,Beauty,Perfume,1,23083,0.05,3161.84,West,Pune,Credit Card
ORD02600,2025-02-07,CUST1633,Electronics,Smart Watch,3,95238,0.16,10508.46,North,Lucknow,Net Banking
ORD02601,2025-10-08,CUST1393,Electronics,Smart Watch,1,44748,0.03,6323.85,South,Chennai,Cash on Delivery
ORD02602,2025-04-12,CUST1401,Electronics,Mobile Phone,4,55604,0.1,3858.19,West,Ahmedabad,Cash on Delivery
ORD02603,2025-05-26,CUST1326,Electronics,Headphones,2,50616,0.25,5821.98,South,Chennai,Net Banking
ORD02604,2025-06-09,CUST0395,Furniture,Bookshelf,1,5947,0.09,435.35,South,Bangalore,UPI
ORD02605,2025-12-23,CUST0305,Electronics,Laptop,3,49797,0.17,6512.8,South,Bangalore,Credit Card
ORD02606,2025-07-14,CUST0779,Electronics,Smart Watch,4,92328,0.18,13269.8,South,Bangalore,Net Banking
ORD02607,2025-12-16,CUST1018,Clothing,Jeans,3,21804,0.15,2979.22,West,Ahmedabad,Cash on Delivery
ORD02608,2025-05-21,CUST1367,Furniture,Sofa,5,48195,0.01,3324.28,East,Kolkata,UPI
ORD02609,2025-04-23,CUST1785,Beauty,Face Wash,4,105000,0.09,13015.49,South,Hyderabad,Debit Card
ORD02610,2025-05-08,CUST1002,Electronics,Smart Watch,3,63612,0.28,4310.82,West,Mumbai,Debit Card
ORD02611,2025-05-31,CUST1206,Beauty,Face Wash,4,109668,0.08,13949.42,West,Ahmedabad,Cash on Delivery
ORD02612,2025-06-07,CUST0834,Clothing,Jeans,3,140727,0.11,9276.14,East,Patna,Credit Card
ORD02613,2025-06-20,CUST1759,Furniture,Sofa,2,75380,0.13,8303.52,West,Ahmedabad,UPI
ORD02614,2025-04-29,CUST1515,Clothing,T-Shirt,4,111544,0.21,7566.37,West,Mumbai,Debit Card
ORD02615,2025-06-04,CUST0896,Electronics,Mobile Phone,3,28725,0.02,4647.81,South,Bangalore,Debit Card
ORD02616,2025-12-20,CUST1915,Electronics,Smart Watch,3,98511,0.14,20908.19,South,Chennai,UPI
ORD02617,2025-03-01,CUST1770,Furniture,Table,5,154425,0.26,8843.48,West,Ahmedabad,Net Banking
ORD02618,2025-02-17,CUST0600,Furniture,Sofa,2,31168,0.19,3936.87,West,Mumbai,Cash on Delivery
ORD02619,2025-01-29,CUST1898,Books,Comics,4,171108,0.22,10838.9,South,Chennai,Net Banking
ORD02620,2025-01-07,CUST0810,Furniture,Table,4,129988,0.12,22416.76,North,Lucknow,Credit Card
ORD02621,2025-03-12,CUST1809,Beauty,Face Cream,4,54548,0.0,3462.31,South,Hyderabad,Credit Card
ORD02622,2025-10-06,CUST0417,Electronics,Laptop,3,26370,0.12,2335.07,East,Patna,Credit Card
ORD02623,2025-03-27,CUST1923,Clothing,Shoes,5,127350,0.01,26223.5,West,Ahmedabad,Net Banking
ORD02624,2025-06-21,CUST1311,Books,Magazine,1,46199,0.06,2247.15,West,Ahmedabad,Debit Card
ORD02625,2025-08-03,CUST0574,Books,Textbook,2,4148,0.17,427.24,West,Ahmedabad,Net Banking
ORD02626,2025-10-16,CUST1906,Electronics,Laptop,3,123717,0.11,24601.8,South,Chennai,Credit Card
ORD02627,2025-06-26,CUST1612,Furniture,Sofa,1,22244,0.09,1456.31,North,Delhi,Net Banking
ORD02628,2025-01-19,CUST0586,Electronics,Laptop,5,191595,0.19,30363.4,South,Hyderabad,Debit Card
ORD02629,2025-09-18,CUST0697,Electronics,Laptop,3,49077,0.02,6306.92,East,Kolkata,UPI
ORD02630,2025-06-08,CUST0939,Clothing,Dress,1,18485,0.15,1468.28,South,Hyderabad,Debit Card
ORD02631,2025-09-22,CUST1908,Furniture,Sofa,5,211940,0.0,49686.13,South,Chennai,Debit Card
ORD02632,2025-11-08,CUST0077,Beauty,Face Wash,4,120172,0.16,5775.88,West,Mumbai,Credit Card
ORD02633,2025-09-05,CUST1438,Beauty,Shampoo,5,229880,0.17,36377.4,West,Ahmedabad,UPI
ORD02634,2025-08-05,CUST0232,Beauty,Shampoo,5,130050,0.13,23733.73,North,Jaipur,UPI
ORD02635,2025-12-06,CUST0408,Books,Magazine,3,115362,0.22,13880.97,West,Pune,Credit Card
ORD02636,2025-04-17,CUST0768,Beauty,Shampoo,3,7020,0.1,1553.02,West,Mumbai,Credit Card
ORD02637,2025-10-07,CUST0757,Furniture,Table,3,84465,0.1,14528.49,North,Lucknow,Credit Card
ORD02638,2025-07-24,CUST1351,Furniture,Chair,5,169345,0.05,13166.95,South,Hyderabad,Credit Card
ORD02639,2025-05-18,CUST1903,Electronics,Mobile Phone,5,16690,0.02,1898.14,West,Pune,Cash on Delivery
ORD02640,2025-04-15,CUST0323,Beauty,Perfume,2,1846,0.05,268.47,South,Chennai,Cash on Delivery
ORD02641,2025-06-12,CUST0143,Clothing,Shoes,5,186055,0.24,13347.72,West,Pune,Debit Card
ORD02642,2025-05-03,CUST0010,Electronics,Smart Watch,5,123940,0.28,12073.19,East,Kolkata,Net Banking
ORD02643,2025-01-05,CUST1309,Beauty,Face Cream,5,157130,0.04,29326.05,North,Lucknow,Cash on Delivery
ORD02644,2025-03-01,CUST0248,Clothing,Jeans,4,121504,0.28,20998.1,West,Pune,Net Banking
ORD02645,2025-01-01,CUST1598,Furniture,Chair,4,173040,0.15,18824.87,East,Kolkata,Net Banking
ORD02646,2025-05-23,CUST0289,Electronics,Laptop,2,10592,0.01,821.18,West,Mumbai,Credit Card
ORD02647,2025-12-21,CUST1357,Furniture,Table,1,23358,0.22,2672.5,West,Mumbai,Cash on Delivery
ORD02648,2025-07-06,CUST1454,Beauty,Shampoo,5,193390,0.19,11226.39,West,Mumbai,Net Banking
ORD02649,2025-12-15,CUST0774,Beauty,Face Wash,4,108616,0.09,16946.33,West,Pune,Net Banking
ORD02650,2025-03-24,CUST1918,Clothing,Jeans,1,1644,0.18,166.26,East,Bhubaneswar,Debit Card
ORD02651,2025-03-07,CUST1716,Clothing,Shoes,4,165612,0.06,29408.85,East,Kolkata,UPI
ORD02652,2025-12-21,CUST0583,Books,Novel,5,232995,0.0,12640.03,East,Kolkata,Cash on Delivery
ORD02653,2025-02-12,CUST1860,Clothing,Shoes,3,98394,0.24,12514.25,North,Delhi,Debit Card
ORD02654,2025-01-05,CUST0063,Electronics,Laptop,4,187816,0.25,11308.18,North,Delhi,Net Banking
ORD02655,2025-08-28,CUST1864,Electronics,Smart Watch,5,189870,0.22,27233.1,West,Pune,Debit Card
ORD02656,2025-07-03,CUST1008,Books,Magazine,3,58323,0.15,9555.3,South,Chennai,UPI
ORD02657,2025-05-10,CUST0788,Books,Comics,5,134525,0.14,7896.86,North,Jaipur,Credit Card
ORD02658,2025-09-11,CUST1419,Books,Magazine,2,21416,0.01,1940.68,West,Pune,Credit Card
ORD02659,2025-05-16,CUST1758,Beauty,Perfume,5,49025,0.09,7037.45,East,Kolkata,Net Banking
ORD02660,2025-12-12,CUST1348,Clothing,Shoes,1,3081,0.24,439.84,South,Bangalore,Credit Card
ORD02661,2025-06-13,CUST0177,Electronics,Mobile Phone,3,132546,0.22,21502.42,North,Delhi,Net Banking
ORD02662,2025-11-30,CUST0416,Electronics,Headphones,2,65946,0.26,6350.29,East,Kolkata,UPI
ORD02663,2025-04-13,CUST1663,Clothing,Jeans,2,50988,0.18,8467.62,East,Bhubaneswar,UPI
ORD02664,2025-10-29,CUST0481,Electronics,Laptop,1,39122,0.02,8210.46,North,Lucknow,UPI
ORD02665,2025-01-23,CUST0356,Books,Magazine,1,20797,0.26,2406.02,North,Lucknow,Net Banking
ORD02666,2025-04-03,CUST1280,Clothing,Dress,3,108405,0.26,13639.54,East,Kolkata,UPI
ORD02667,2025-05-05,CUST1578,Books,Comics,2,84014,0.13,9863.02,North,Jaipur,Cash on Delivery
ORD02668,2025-08-08,CUST1065,Beauty,Face Cream,1,9696,0.3,1254.79,North,Lucknow,UPI
ORD02669,2025-04-23,CUST0151,Furniture,Table,3,91545,0.25,15404.48,West,Ahmedabad,UPI
ORD02670,2025-04-14,CUST1239,Electronics,Headphones,2,2096,0.26,211.76,South,Hyderabad,Cash on Delivery
ORD02671,2025-03-13,CUST1367,Books,Textbook,5,194035,0.3,27083.3,South,Chennai,Cash on Delivery
ORD02672,2025-07-27,CUST1664,Books,Comics,3,128829,0.01,24959.04,West,Pune,Cash on Delivery
ORD02673,2025-12-03,CUST1088,Beauty,Perfume,4,127492,0.12,25758.2,North,Lucknow,Net Banking
ORD02674,2025-01-13,CUST0180,Clothing,Shoes,5,174845,0.27,23402.68,South,Bangalore,Cash on Delivery
ORD02675,2025-08-16,CUST1055,Clothing,Shoes,5,54570,0.06,6999.37,West,Mumbai,Net Banking
ORD02676,2025-06-16,CUST0347,Electronics,Smart Watch,4,24444,0.28,4363.0,West,Ahmedabad,Credit Card
ORD02677,2025-10-02,CUST0218,Books,Novel,5,193775,0.07,20471.62,West,Pune,Credit Card
ORD02678,2025-09-11,CUST0779,Furniture,Table,4,41920,0.13,8931.83,West,Pune,Debit Card
ORD02679,2025-12-30,CUST1928,Electronics,Smart Watch,5,10570,0.1,2234.18,East,Patna,Debit Card
ORD02680,2025-02-05,CUST1953,Electronics,Mobile Phone,3,96429,0.17,7018.7,North,Jaipur,Credit Card
ORD02681,2025-02-28,CUST1724,Books,Textbook,1,35521,0.16,1970.95,West,Pune,Debit Card
ORD02682,2025-05-15,CUST0553,Books,Magazine,3,10068,0.0,1718.55,North,Delhi,Net Banking
ORD02683,2025-03-14,CUST1208,Clothing,Shoes,4,15052,0.19,2176.44,West,Pune,Credit Card
ORD02684,2025-09-17,CUST0802,Electronics,Laptop,2,45550,0.19,2315.62,North,Lucknow,UPI
ORD02685,2025-03-18,CUST0372,Beauty,Face Wash,1,26812,0.2,3649.55,South,Hyderabad,Credit Card
ORD02686,2025-03-28,CUST1816,Clothing,Jeans,2,16606,0.19,714.72,West,Ahmedabad,UPI
ORD02687,2025-11-30,CUST1456,Electronics,Mobile Phone,2,35298,0.24,6195.3,South,Chennai,Cash on Delivery
ORD02688,2025-05-28,CUST0051,Clothing,Dress,2,62546,0.28,8869.52,West,Pune,Debit Card
ORD02689,2025-07-28,CUST1390,Beauty,Shampoo,4,175888,0.29,15422.2,East,Bhubaneswar,Cash on Delivery
ORD02690,2025-07-10,CUST0449,Furniture,Sofa,4,56596,0.11,5580.33,West,Ahmedabad,Debit Card
ORD02691,2025-08-03,CUST0725,Furniture,Sofa,4,145908,0.29,18909.34,East,Bhubaneswar,Net Banking
ORD02692,2025-06-30,CUST1342,Clothing,Dress,5,245445,0.26,33105.59,South,Bangalore,Net Banking
ORD02693,2025-09-23,CUST0642,Beauty,Face Cream,2,57908,0.29,8879.71,West,Pune,Credit Card
ORD02694,2025-11-08,CUST0596,Clothing,T-Shirt,3,104625,0.14,21132.33,West,Pune,Credit Card
ORD02695,2025-08-09,CUST1223,Clothing,Shoes,3,60633,0.07,13819.7,South,Hyderabad,Debit Card
ORD02696,2025-01-17,CUST1221,Books,Novel,3,64242,0.24,5968.02,East,Kolkata,Credit Card
ORD02697,2025-04-11,CUST0575,Books,Textbook,2,97050,0.25,4383.8,West,Pune,Credit Card
ORD02698,2025-03-14,CUST1730,Books,Comics,4,119132,0.07,21899.39,North,Lucknow,Net Banking
ORD02699,2025-08-04,CUST0283,Furniture,Table,1,16339,0.17,755.58,East,Patna,Debit Card
ORD02700,2025-01-03,CUST0615,Books,Textbook,1,44840,0.04,8154.73,North,Jaipur,Debit Card
ORD02701,2025-08-26,CUST1222,Electronics,Smart Watch,2,46012,0.07,2693.53,North,Jaipur,Debit Card
ORD02702,2025-02-21,CUST0229,Clothing,Jeans,3,38478,0.02,7327.13,West,Ahmedabad,Credit Card
ORD02703,2025-05-16,CUST0306,Clothing,Dress,2,53572,0.11,10822.38,North,Jaipur,Net Banking
ORD02704,2025-09-11,CUST0458,Beauty,Perfume,3,23325,0.21,2850.89,South,Hyderabad,Net Banking
ORD02705,2025-01-21,CUST1635,Clothing,Dress,3,17277,0.08,3199.95,East,Bhubaneswar,Net Banking
ORD02706,2025-06-26,CUST1698,Electronics,Smart Watch,1,31736,0.2,5957.02,East,Kolkata,Debit Card
ORD02707,2025-02-25,CUST0852,Furniture,Chair,1,27886,0.04,2336.95,West,Ahmedabad,Cash on Delivery
ORD02708,2025-02-14,CUST1368,Clothing,Jeans,4,27024,0.3,1477.01,West,Pune,Debit Card
ORD02709,2025-08-06,CUST0059,Beauty,Face Wash,2,56758,0.08,3670.92,West,Ahmedabad,Net Banking
ORD02710,2025-08-06,CUST1170,Furniture,Sofa,2,2850,0.18,552.89,West,Pune,Credit Card
ORD02711,2025-08-12,CUST1526,Electronics,Mobile Phone,2,82062,0.18,16147.38,South,Chennai,Cash on Delivery
ORD02712,2025-03-15,CUST1880,Electronics,Headphones,3,143274,0.18,19741.49,East,Kolkata,Credit Card
ORD02713,2025-04-28,CUST1696,Beauty,Perfume,1,11853,0.29,783.18,South,Hyderabad,Net Banking
ORD02714,2025-01-30,CUST0298,Books,Novel,3,19281,0.2,2777.12,East,Patna,Debit Card
ORD02715,2025-03-31,CUST1609,Books,Comics,3,10581,0.26,618.18,West,Pune,Credit Card
ORD02716,2025-08-27,CUST0379,Electronics,Smart Watch,4,96844,0.23,10313.96,East,Kolkata,Net Banking
ORD02717,2025-11-18,CUST0530,Books,Novel,3,59067,0.18,9672.33,North,Lucknow,Credit Card
ORD02718,2025-02-13,CUST1816,Electronics,Smart Watch,4,163228,0.11,33858.8,East,Kolkata,UPI
ORD02719,2025-10-27,CUST0235,Clothing,Shoes,1,21516,0.0,1708.7,West,Mumbai,Cash on Delivery
ORD02720,2025-02-27,CUST1725,Books,Comics,1,30116,0.06,2331.1,West,Pune,Cash on Delivery
ORD02721,2025-03-22,CUST0201,Clothing,T-Shirt,5,162790,0.07,26298.87,North,Lucknow,Net Banking
ORD02722,2025-08-11,CUST1594,Books,Comics,1,21619,0.13,3496.12,West,Ahmedabad,Cash on Delivery
ORD02723,2025-08-15,CUST1318,Electronics,Laptop,5,170875,0.2,20158.44,East,Kolkata,Debit Card
ORD02724,2025-04-01,CUST0013,Furniture,Sofa,1,17165,0.08,951.04,East,Kolkata,Credit Card
ORD02725,2025-06-08,CUST1307,Beauty,Face Cream,5,13710,0.27,1991.2,West,Ahmedabad,Debit Card
ORD02726,2025-11-29,CUST1596,Electronics,Smart Watch,4,120640,0.23,5522.12,East,Patna,UPI
ORD02727,2025-06-02,CUST1281,Furniture,Sofa,4,181524,0.21,26656.5,South,Bangalore,UPI
ORD02728,2025-05-05,CUST1701,Books,Comics,5,167970,0.03,10607.35,South,Bangalore,Net Banking
ORD02729,2025-05-24,CUST0769,Clothing,Shoes,1,49674,0.09,4463.24,South,Chennai,UPI
ORD02730,2025-03-28,CUST0741,Electronics,Headphones,1,6957,0.07,1174.35,South,Chennai,Credit Card
ORD02731,2025-11-23,CUST0842,Clothing,T-Shirt,1,49800,0.2,6159.04,South,Hyderabad,Credit Card
ORD02732,2025-12-26,CUST0981,Beauty,Shampoo,5,224250,0.2,12054.02,South,Hyderabad,Credit Card
ORD02733,2025-08-08,CUST0988,Beauty,Shampoo,5,196650,0.21,27901.99,West,Ahmedabad,Credit Card
ORD02734,2025-01-26,CUST1980,Electronics,Laptop,2,11588,0.08,2062.41,North,Jaipur,Cash on Delivery
ORD02735,2025-01-15,CUST1628,Electronics,Mobile Phone,2,36256,0.17,6748.91,North,Jaipur,Net Banking
ORD02736,2025-02-26,CUST1807,Books,Textbook,2,61132,0.0,7596.44,North,Delhi,Net Banking
ORD02737,2025-11-12,CUST0810,Electronics,Headphones,3,72939,0.13,9170.93,East,Bhubaneswar,Debit Card
ORD02738,2025-08-13,CUST0914,Furniture,Bookshelf,2,60442,0.13,3452.15,North,Lucknow,UPI
ORD02739,2025-07-25,CUST1567,Books,Magazine,2,77630,0.11,4926.88,South,Bangalore,Cash on Delivery
ORD02740,2025-10-06,CUST1733,Beauty,Face Cream,3,98706,0.06,6466.01,North,Jaipur,Net Banking
ORD02741,2025-05-28,CUST1367,Beauty,Face Wash,2,29496,0.21,5488.19,North,Delhi,Cash on Delivery
ORD02742,2025-04-22,CUST0002,Electronics,Headphones,4,48112,0.15,3719.77,East,Bhubaneswar,Debit Card
ORD02743,2025-02-22,CUST0768,Electronics,Laptop,1,45339,0.09,7230.22,West,Pune,Credit Card
ORD02744,2025-08-01,CUST0537,Furniture,Chair,4,141424,0.22,10087.01,North,Lucknow,Cash on Delivery
ORD02745,2025-09-19,CUST1849,Electronics,Headphones,4,143200,0.29,12963.16,West,Pune,Cash on Delivery
ORD02746,2025-04-23,CUST0997,Electronics,Smart Watch,5,78300,0.0,8273.24,West,Ahmedabad,Net Banking
ORD02747,2025-03-16,CUST1597,Clothing,Shoes,1,23078,0.17,1651.62,South,Hyderabad,Net Banking
ORD02748,2025-01-23,CUST1860,Electronics,Smart Watch,4,88460,0.18,7691.26,West,Mumbai,Debit Card
ORD02749,2025-09-20,CUST0322,Electronics,Mobile Phone,1,5871,0.16,414.59,South,Hyderabad,Debit Card
ORD02750,2025-07-25,CUST1336,Beauty,Shampoo,1,35658,0.03,6547.72,South,Chennai,UPI
ORD02751,2025-12-02,CUST0517,Beauty,Face Wash,5,241410,0.24,35856.92,West,Ahmedabad,Net Banking
ORD02752,2025-03-11,CUST0219,Beauty,Face Wash,5,21135,0.09,4538.41,West,Ahmedabad,Cash on Delivery
ORD02753,2025-02-18,CUST1133,Electronics,Laptop,4,90012,0.3,7635.94,East,Patna,Net Banking
ORD02754,2025-12-28,CUST0642,Books,Novel,1,32777,0.06,6475.04,North,Jaipur,Cash on Delivery
ORD02755,2025-07-07,CUST1706,Clothing,T-Shirt,1,11520,0.18,2325.84,West,Mumbai,Debit Card
ORD02756,2025-09-07,CUST1872,Beauty,Face Cream,4,158416,0.09,19043.94,West,Mumbai,Net Banking
ORD02757,2025-11-28,CUST1190,Books,Novel,2,69884,0.26,9934.57,North,Lucknow,Net Banking
ORD02758,2025-01-07,CUST1024,Electronics,Mobile Phone,1,7959,0.23,1094.54,South,Hyderabad,UPI
ORD02759,2025-12-20,CUST0399,Beauty,Perfume,2,16062,0.12,2975.26,East,Kolkata,Cash on Delivery
ORD02760,2025-01-24,CUST0636,Electronics,Smart Watch,5,175145,0.1,26116.09,North,Jaipur,Net Banking
ORD02761,2025-09-22,CUST1591,Electronics,Smart Watch,2,79822,0.11,7755.66,West,Ahmedabad,Debit Card
ORD02762,2025-10-08,CUST1554,Books,Comics,4,63448,0.2,11847.71,East,Patna,UPI
ORD02763,2025-06-14,CUST1592,Clothing,Shoes,2,80134,0.19,5134.26,East,Patna,Debit Card
ORD02764,2025-02-04,CUST1289,Electronics,Mobile Phone,5,232060,0.22,20731.48,East,Kolkata,Debit Card
ORD02765,2025-03-04,CUST1426,Beauty,Perfume,2,93624,0.06,18676.72,South,Chennai,Net Banking
ORD02766,2025-10-12,CUST0516,Beauty,Face Cream,3,20700,0.25,3022.18,East,Bhubaneswar,Debit Card
ORD02767,2025-08-29,CUST1225,Clothing,T-Shirt,2,7910,0.18,335.57,East,Bhubaneswar,Cash on Delivery
ORD02768,2025-10-24,CUST1103,Books,Textbook,5,142955,0.21,12555.01,North,Lucknow,Cash on Delivery
ORD02769,2025-08-24,CUST0991,Clothing,Dress,5,200860,0.26,28318.75,North,Lucknow,Credit Card
ORD02770,2025-11-15,CUST0964,Furniture,Sofa,5,23590,0.02,2109.28,West,Pune,Credit Card
ORD02771,2025-05-31,CUST1997,Beauty,Perfume,2,16862,0.14,1381.58,North,Jaipur,UPI
ORD02772,2025-05-19,CUST0193,Clothing,Dress,2,85716,0.05,17930.67,South,Hyderabad,Net Banking
ORD02773,2025-06-07,CUST1847,Books,Comics,2,25224,0.22,2691.03,North,Jaipur,UPI
ORD02774,2025-05-19,CUST0319,Electronics,Laptop,3,34566,0.09,7687.77,East,Bhubaneswar,UPI
ORD02775,2025-06-29,CUST1437,Clothing,Dress,1,46224,0.18,5224.78,South,Bangalore,UPI
ORD02776,2025-05-26,CUST0212,Electronics,Mobile Phone,4,73816,0.0,15541.32,North,Jaipur,Debit Card
ORD02777,2025-08-28,CUST0080,Beauty,Face Wash,5,205675,0.21,37281.94,South,Hyderabad,Debit Card
ORD02778,2025-04-02,CUST0790,Furniture,Chair,1,45351,0.19,2246.69,East,Bhubaneswar,UPI
ORD02779,2025-10-23,CUST1216,Electronics,Laptop,4,85760,0.18,6065.22,South,Bangalore,Credit Card
ORD02780,2025-08-05,CUST1229,Electronics,Smart Watch,4,188416,0.11,27940.08,South,Bangalore,Credit Card
ORD02781,2025-02-03,CUST1281,Clothing,Dress,5,128235,0.03,12440.0,South,Chennai,Net Banking
ORD02782,2025-05-31,CUST0005,Clothing,T-Shirt,2,37758,0.2,6697.74,South,Bangalore,Cash on Delivery
ORD02783,2025-09-22,CUST1104,Beauty,Face Cream,4,52152,0.06,5391.61,South,Bangalore,Net Banking
ORD02784,2025-09-27,CUST0781,Clothing,Jeans,4,99236,0.03,23238.18,East,Kolkata,Cash on Delivery
ORD02785,2025-05-08,CUST1490,Books,Textbook,4,96888,0.24,6269.68,North,Lucknow,Net Banking
ORD02786,2025-06-24,CUST1682,Clothing,Shoes,3,69039,0.01,7094.43,South,Hyderabad,UPI
ORD02787,2025-09-03,CUST1728,Books,Textbook,5,206140,0.3,24784.01,South,Hyderabad,UPI
ORD02788,2025-08-29,CUST0830,Clothing,Shoes,3,42693,0.1,2659.89,West,Pune,Debit Card
ORD02789,2025-10-31,CUST1635,Electronics,Headphones,5,173885,0.06,9402.92,West,Mumbai,Net Banking
ORD02790,2025-05-26,CUST1515,Furniture,Table,5,151700,0.06,14966.28,South,Hyderabad,Net Banking
ORD02791,2025-08-22,CUST0034,Beauty,Perfume,4,156412,0.16,21794.08,West,Pune,Cash on Delivery
ORD02792,2025-08-14,CUST1860,Electronics,Mobile Phone,5,19370,0.03,1919.71,North,Jaipur,UPI
ORD02793,2025-06-22,CUST0804,Electronics,Laptop,3,142236,0.28,14297.06,South,Hyderabad,Cash on Delivery
ORD02794,2025-09-16,CUST0866,Furniture,Bookshelf,3,1509,0.2,78.85,West,Ahmedabad,UPI
ORD02795,2025-04-03,CUST0419,Electronics,Mobile Phone,3,52767,0.17,8524.61,West,Ahmedabad,Debit Card
ORD02796,2025-05-23,CUST0664,Clothing,Dress,5,109865,0.01,26678.32,West,Ahmedabad,UPI
ORD02797,2025-03-11,CUST1690,Furniture,Bookshelf,5,77645,0.15,7403.24,West,Ahmedabad,Debit Card
ORD02798,2025-08-17,CUST0255,Clothing,Shoes,5,195115,0.05,21543.68,North,Jaipur,Debit Card
ORD02799,2025-09-09,CUST0877,Electronics,Smart Watch,2,71636,0.1,12323.58,East,Kolkata,Credit Card
ORD02800,2025-05-06,CUST1554,Beauty,Face Wash,4,67368,0.16,6083.58,North,Lucknow,Cash on Delivery
ORD02801,2025-02-13,CUST0045,Books,Novel,3,102192,0.11,4892.16,West,Mumbai,UPI
ORD02802,2025-04-17,CUST0004,Clothing,Shoes,3,18024,0.29,2202.09,West,Ahmedabad,Debit Card
ORD02803,2025-09-01,CUST0100,Books,Textbook,4,122496,0.11,13650.53,South,Hyderabad,Credit Card
ORD02804,2025-06-05,CUST1393,Beauty,Face Wash,1,13233,0.22,961.23,West,Mumbai,Debit Card
ORD02805,2025-04-30,CUST0215,Clothing,Dress,5,126205,0.22,19072.35,West,Ahmedabad,Net Banking
ORD02806,2025-01-25,CUST0919,Electronics,Smart Watch,3,87957,0.2,4767.65,South,Chennai,Credit Card
ORD02807,2025-12-12,CUST0847,Electronics,Mobile Phone,3,92133,0.14,10744.3,East,Bhubaneswar,Credit Card
ORD02808,2025-10-11,CUST1874,Beauty,Face Cream,5,105115,0.21,12612.91,West,Pune,Net Banking
ORD02809,2025-05-03,CUST1928,Beauty,Perfume,3,122073,0.08,12058.52,East,Bhubaneswar,Debit Card
ORD02810,2025-05-10,CUST1799,Books,Textbook,3,38904,0.13,4804.14,South,Hyderabad,UPI
ORD02811,2025-03-18,CUST0047,Clothing,Shoes,4,148164,0.14,7008.72,West,Pune,Cash on Delivery
ORD02812,2025-02-15,CUST0156,Beauty,Perfume,3,118830,0.13,9298.63,East,Kolkata,Debit Card
ORD02813,2025-01-24,CUST1170,Beauty,Face Cream,5,195290,0.02,10806.25,South,Chennai,Debit Card
ORD02814,2025-05-29,CUST1480,Electronics,Mobile Phone,3,144231,0.15,12067.6,East,Bhubaneswar,Debit Card
ORD02815,2025-04-13,CUST1772,Furniture,Chair,4,97800,0.07,21898.65,East,Patna,Credit Card
ORD02816,2025-10-20,CUST1510,Beauty,Perfume,1,2912,0.08,149.44,North,Lucknow,UPI
ORD02817,2025-02-09,CUST0162,Electronics,Laptop,5,249395,0.2,42874.86,South,Bangalore,Net Banking
ORD02818,2025-09-15,CUST0441,Books,Magazine,1,36388,0.03,8024.5,East,Kolkata,Cash on Delivery
ORD02819,2025-02-17,CUST1046,Furniture,Bookshelf,3,145056,0.09,18445.21,West,Mumbai,Cash on Delivery
ORD02820,2025-11-30,CUST1759,Books,Magazine,4,194168,0.18,20694.97,North,Jaipur,Cash on Delivery
ORD02821,2025-11-04,CUST1201,Books,Comics,3,141486,0.04,17769.27,North,Lucknow,Debit Card
ORD02822,2025-04-03,CUST1177,Electronics,Laptop,2,92930,0.07,8323.71,East,Patna,Credit Card
ORD02823,2025-11-16,CUST1096,Beauty,Perfume,3,56202,0.25,7843.63,East,Kolkata,Cash on Delivery
ORD02824,2025-09-30,CUST0796,Clothing,Jeans,1,23736,0.02,5236.91,North,Jaipur,Cash on Delivery
ORD02825,2025-02-16,CUST0519,Electronics,Headphones,4,65864,0.06,10410.91,West,Pune,Cash on Delivery
ORD02826,2025-01-02,CUST0385,Books,Textbook,4,80440,0.26,12829.12,South,Bangalore,Debit Card
ORD02827,2025-04-26,CUST1604,Books,Textbook,1,49409,0.26,3045.55,East,Kolkata,Net Banking
ORD02828,2025-07-28,CUST0848,Beauty,Face Cream,5,247510,0.2,39790.98,East,Kolkata,Debit Card
ORD02829,2025-02-09,CUST1036,Beauty,Perfume,2,12818,0.29,2127.17,East,Kolkata,Credit Card
ORD02830,2025-08-03,CUST1582,Electronics,Smart Watch,3,39954,0.08,8782.71,East,Patna,Debit Card
ORD02831,2025-03-27,CUST1421,Books,Novel,5,175260,0.23,16590.24,East,Kolkata,UPI
ORD02832,2025-12-28,CUST1815,Beauty,Face Wash,5,21465,0.24,2520.47,East,Patna,UPI
ORD02833,2025-11-14,CUST0365,Clothing,Shoes,5,38740,0.11,4104.07,East,Bhubaneswar,Credit Card
ORD02834,2025-02-16,CUST1122,Books,Comics,2,41768,0.16,8452.66,North,Lucknow,UPI
ORD02835,2025-03-30,CUST0639,Electronics,Smart Watch,4,51564,0.08,9047.33,North,Jaipur,Credit Card
ORD02836,2025-02-22,CUST0356,Electronics,Headphones,2,7818,0.25,1155.7,West,Ahmedabad,UPI
ORD02837,2025-07-25,CUST0181,Books,Textbook,2,39690,0.03,2596.05,South,Bangalore,Credit Card
ORD02838,2025-02-02,CUST0657,Clothing,T-Shirt,3,72759,0.06,4157.96,East,Patna,Credit Card
ORD02839,2025-12-10,CUST1459,Electronics,Smart Watch,3,3516,0.13,478.92,North,Jaipur,UPI
ORD02840,2025-08-22,CUST0834,Electronics,Mobile Phone,5,101810,0.2,9168.8,East,Patna,Cash on Delivery
ORD02841,2025-10-30,CUST0202,Clothing,Dress,1,37092,0.22,2509.9,East,Bhubaneswar,Credit Card
ORD02842,2025-11-13,CUST1879,Beauty,Face Wash,1,27826,0.09,1681.53,East,Kolkata,UPI
ORD02843,2025-01-09,CUST0121,Electronics,Mobile Phone,4,169956,0.11,26194.13,North,Lucknow,Net Banking
ORD02844,2025-09-15,CUST1895,Clothing,Jeans,1,27009,0.16,3028.35,East,Kolkata,Credit Card
ORD02845,2025-11-13,CUST1165,Clothing,T-Shirt,4,46692,0.2,4714.24,West,Pune,Cash on Delivery
ORD02846,2025-02-14,CUST1528,Clothing,T-Shirt,3,99129,0.17,19456.86,South,Hyderabad,UPI
ORD02847,2025-11-18,CUST0934,Electronics,Headphones,3,98283,0.04,7221.1,South,Chennai,UPI
ORD02848,2025-05-17,CUST1145,Clothing,Jeans,1,42796,0.2,7962.58,South,Chennai,Debit Card
ORD02849,2025-11-09,CUST0717,Books,Magazine,2,73940,0.14,4732.21,South,Bangalore,UPI
ORD02850,2025-11-25,CUST0048,Furniture,Table,1,22204,0.2,2706.12,South,Hyderabad,Credit Card
ORD02851,2025-04-04,CUST0537,Books,Magazine,1,19376,0.17,1362.16,North,Jaipur,UPI
ORD02852,2025-11-07,CUST1979,Beauty,Face Wash,3,90198,0.29,8314.25,East,Bhubaneswar,Debit Card
ORD02853,2025-07-20,CUST1973,Electronics,Laptop,5,241270,0.18,22968.67,East,Kolkata,Debit Card
ORD02854,2025-03-10,CUST0452,Clothing,T-Shirt,3,124773,0.25,12753.33,North,Jaipur,Net Banking
ORD02855,2025-11-11,CUST1277,Books,Magazine,4,93116,0.13,19969.78,West,Ahmedabad,Credit Card
ORD02856,2025-03-12,CUST1728,Electronics,Smart Watch,1,27808,0.19,5113.28,West,Ahmedabad,Net Banking
ORD02857,2025-09-04,CUST1702,Electronics,Laptop,2,73876,0.11,15413.1,North,Lucknow,Net Banking
ORD02858,2025-06-18,CUST0249,Furniture,Bookshelf,5,7550,0.06,378.52,North,Lucknow,Debit Card
ORD02859,2025-10-29,CUST1457,Books,Textbook,2,95142,0.17,8813.44,South,Hyderabad,UPI
ORD02860,2025-10-29,CUST0735,Furniture,Bookshelf,2,41320,0.13,5829.35,North,Jaipur,UPI
ORD02861,2025-12-03,CUST1496,Beauty,Perfume,1,37488,0.1,3178.66,South,Hyderabad,Cash on Delivery
ORD02862,2025-07-31,CUST1710,Beauty,Shampoo,5,134885,0.24,15965.73,East,Patna,Debit Card
ORD02863,2025-09-27,CUST1856,Beauty,Face Cream,5,219930,0.06,46966.13,South,Bangalore,Credit Card
ORD02864,2025-08-12,CUST1840,Books,Novel,2,21218,0.07,1814.1,North,Lucknow,Net Banking
ORD02865,2025-07-29,CUST1309,Books,Textbook,3,135489,0.28,13118.91,West,Ahmedabad,Cash on Delivery
ORD02866,2025-05-24,CUST1177,Books,Novel,3,109959,0.07,25024.83,West,Pune,Debit Card
ORD02867,2025-09-02,CUST0661,Books,Magazine,1,15642,0.11,1254.78,East,Kolkata,Debit Card
ORD02868,2025-12-18,CUST0132,Furniture,Chair,5,234670,0.14,21248.59,West,Pune,Debit Card
ORD02869,2025-11-30,CUST0242,Books,Magazine,4,86732,0.23,14545.88,South,Bangalore,Net Banking
ORD02870,2025-06-12,CUST0148,Books,Magazine,3,45543,0.08,5499.39,West,Pune,Debit Card
ORD02871,2025-01-05,CUST1871,Beauty,Face Wash,4,117500,0.16,13359.4,North,Lucknow,UPI
ORD02872,2025-04-09,CUST1715,Books,Comics,5,62690,0.02,4426.57,East,Patna,UPI
ORD02873,2025-09-26,CUST0576,Electronics,Headphones,2,23616,0.28,1341.86,West,Ahmedabad,Net Banking
ORD02874,2025-09-24,CUST1570,Clothing,Dress,4,109532,0.17,14868.14,South,Bangalore,Debit Card
ORD02875,2025-04-11,CUST1864,Beauty,Shampoo,5,13505,0.08,2593.35,North,Lucknow,Debit Card
ORD02876,2025-09-27,CUST0818,Books,Novel,2,58492,0.22,5700.49,North,Jaipur,Cash on Delivery
ORD02877,2025-05-06,CUST1200,Beauty,Shampoo,3,55086,0.13,2547.42,East,Bhubaneswar,Credit Card
ORD02878,2025-12-25,CUST0283,Beauty,Shampoo,3,148509,0.25,14544.24,West,Pune,Cash on Delivery
ORD02879,2025-06-03,CUST1279,Clothing,T-Shirt,2,52784,0.28,8380.49,East,Patna,Net Banking
ORD02880,2025-12-16,CUST0315,Electronics,Laptop,5,116865,0.12,20339.64,South,Hyderabad,Net Banking
ORD02881,2025-11-29,CUST1718,Furniture,Sofa,3,64605,0.22,11084.12,South,Chennai,Credit Card
ORD02882,2025-03-13,CUST0183,Books,Comics,4,121008,0.1,12415.98,North,Lucknow,Credit Card
ORD02883,2025-09-20,CUST0547,Beauty,Face Cream,2,80604,0.11,10440.58,West,Pune,Debit Card
ORD02884,2025-02-12,CUST1365,Beauty,Shampoo,5,9830,0.25,1592.66,West,Ahmedabad,Net Banking
ORD02885,2025-12-13,CUST1410,Books,Novel,4,100208,0.11,7191.47,North,Jaipur,Debit Card
ORD02886,2025-05-22,CUST1270,Furniture,Sofa,2,45440,0.06,2992.6,East,Patna,Net Banking
ORD02887,2025-06-29,CUST0777,Clothing,Jeans,5,158430,0.08,20258.32,East,Patna,Debit Card
ORD02888,2025-11-29,CUST1626,Books,Novel,3,65622,0.09,10304.08,West,Mumbai,Credit Card
ORD02889,2025-07-30,CUST1640,Furniture,Chair,4,174292,0.15,17371.43,West,Ahmedabad,Net Banking
ORD02890,2025-07-27,CUST1939,Clothing,Jeans,3,121920,0.26,5481.24,North,Lucknow,Credit Card
ORD02891,2025-01-27,CUST1360,Furniture,Sofa,3,118233,0.14,7625.81,East,Kolkata,UPI
ORD02892,2025-05-28,CUST1259,Electronics,Laptop,3,92400,0.14,7608.14,East,Patna,Debit Card
ORD02893,2025-07-07,CUST0960,Clothing,T-Shirt,5,161015,0.04,18623.05,East,Patna,Net Banking
ORD02894,2025-11-21,CUST1000,Furniture,Bookshelf,2,45906,0.08,10274.6,East,Kolkata,Debit Card
ORD02895,2025-03-19,CUST0487,Electronics,Mobile Phone,3,93432,0.06,16075.53,East,Patna,Credit Card
ORD02896,2025-10-26,CUST1610,Books,Textbook,5,8280,0.25,1147.8,East,Bhubaneswar,Debit Card
ORD02897,2025-03-21,CUST1613,Beauty,Face Wash,5,34520,0.2,3603.62,West,Pune,Net Banking
ORD02898,2025-11-23,CUST0619,Furniture,Sofa,2,32238,0.06,5976.27,South,Bangalore,Cash on Delivery
ORD02899,2025-08-16,CUST1298,Electronics,Headphones,1,16990,0.12,2520.48,North,Jaipur,UPI
ORD02900,2025-06-13,CUST1172,Furniture,Bookshelf,2,39120,0.04,4501.36,West,Ahmedabad,Debit Card
ORD02901,2025-08-25,CUST0053,Electronics,Smart Watch,3,141855,0.23,6271.45,West,Pune,Credit Card
ORD02902,2025-12-04,CUST1734,Books,Magazine,1,30654,0.1,5119.37,North,Delhi,UPI
ORD02903,2025-01-18,CUST1002,Electronics,Mobile Phone,4,152148,0.24,12019.08,North,Jaipur,Net Banking
ORD02904,2025-07-06,CUST1185,Beauty,Face Cream,1,26574,0.27,1575.57,East,Bhubaneswar,Credit Card
ORD02905,2025-09-07,CUST0492,Books,Magazine,2,47260,0.3,6884.94,West,Pune,Debit Card
ORD02906,2025-04-20,CUST0554,Furniture,Bookshelf,1,30283,0.04,4558.31,North,Jaipur,UPI
ORD02907,2025-01-25,CUST1237,Clothing,Jeans,2,81228,0.0,8481.91,East,Kolkata,Cash on Delivery
ORD02908,2025-12-11,CUST1891,Furniture,Chair,3,122310,0.07,14905.32,West,Ahmedabad,Credit Card
ORD02909,2025-04-11,CUST1441,Furniture,Bookshelf,1,46015,0.08,10272.43,West,Pune,UPI
ORD02910,2025-01-13,CUST1052,Electronics,Mobile Phone,4,97616,0.17,6536.27,South,Bangalore,Credit Card
ORD02911,2025-02-04,CUST0290,Furniture,Chair,4,157004,0.28,21648.66,West,Mumbai,Net Banking
ORD02912,2025-04-11,CUST1632,Books,Magazine,1,6297,0.24,882.7,West,Ahmedabad,Credit Card
ORD02913,2025-09-08,CUST1618,Electronics,Headphones,2,50494,0.02,3545.1,South,Bangalore,Net Banking
ORD02914,2025-08-20,CUST1974,Books,Comics,3,79023,0.29,11319.78,East,Patna,Debit Card
ORD02915,2025-05-24,CUST0587,Furniture,Bookshelf,2,24706,0.11,4700.98,East,Patna,UPI
ORD02916,2025-01-10,CUST1408,Electronics,Laptop,2,51074,0.28,3218.25,East,Kolkata,Debit Card
ORD02917,2025-08-08,CUST1051,Clothing,T-Shirt,5,35355,0.21,2605.28,South,Hyderabad,Debit Card
ORD02918,2025-02-08,CUST0535,Electronics,Headphones,3,76602,0.2,5096.33,West,Mumbai,Net Banking
ORD02919,2025-08-15,CUST0347,Clothing,Jeans,3,13230,0.27,697.86,South,Bangalore,Net Banking
ORD02920,2025-05-30,CUST0960,Clothing,Shoes,1,33802,0.14,5975.05,North,Delhi,Cash on Delivery
ORD02921,2025-08-27,CUST0773,Electronics,Laptop,4,116160,0.03,17880.72,West,Ahmedabad,Credit Card
ORD02922,2025-11-22,CUST0853,Books,Textbook,4,173496,0.14,32477.42,North,Jaipur,Credit Card
ORD02923,2025-10-15,CUST0102,Electronics,Mobile Phone,3,108768,0.16,13999.8,South,Chennai,Debit Card
ORD02924,2025-12-02,CUST0673,Electronics,Mobile Phone,2,88986,0.05,18512.7,South,Chennai,Cash on Delivery
ORD02925,2025-06-15,CUST1471,Furniture,Bookshelf,1,39089,0.18,4175.08,West,Pune,Credit Card
ORD02926,2025-09-07,CUST1322,Books,Novel,5,13375,0.29,1840.98,West,Pune,UPI
ORD02927,2025-01-28,CUST0253,Clothing,Dress,1,46713,0.29,4647.44,South,Bangalore,Net Banking
ORD02928,2025-01-06,CUST0947,Electronics,Headphones,4,144820,0.04,17830.51,North,Delhi,Debit Card
ORD02929,2025-03-12,CUST1600,Clothing,T-Shirt,1,39714,0.07,8504.64,East,Kolkata,Debit Card
ORD02930,2025-01-13,CUST1128,Clothing,Shoes,2,15820,0.13,2711.31,North,Delhi,Net Banking
ORD02931,2025-04-29,CUST0408,Beauty,Face Wash,1,9777,0.26,1704.64,East,Patna,Debit Card
ORD02932,2025-08-18,CUST0491,Books,Comics,5,211810,0.02,27327.24,East,Kolkata,Debit Card
ORD02933,2025-12-28,CUST0707,Electronics,Mobile Phone,3,75696,0.17,12835.55,East,Bhubaneswar,UPI
ORD02934,2025-04-07,CUST0178,Electronics,Smart Watch,1,6295,0.05,948.56,North,Jaipur,Net Banking
ORD02935,2025-11-05,CUST0930,Furniture,Table,5,6410,0.28,543.55,West,Ahmedabad,UPI
ORD02936,2025-08-20,CUST1859,Beauty,Perfume,1,13099,0.01,1713.87,North,Jaipur,UPI
ORD02937,2025-07-20,CUST0519,Books,Textbook,3,138858,0.11,14334.7,North,Delhi,Net Banking
ORD02938,2025-10-13,CUST0929,Clothing,Dress,4,102972,0.17,6244.26,South,Chennai,Cash on Delivery
ORD02939,2025-12-02,CUST1727,Beauty,Perfume,1,25913,0.08,2670.86,West,Mumbai,Net Banking
ORD02940,2025-05-16,CUST1189,Beauty,Face Cream,4,63952,0.01,6024.79,North,Lucknow,Cash on Delivery
ORD02941,2025-05-24,CUST1837,Beauty,Face Wash,3,24366,0.23,2072.04,West,Pune,Net Banking
ORD02942,2025-07-18,CUST0041,Electronics,Headphones,2,16344,0.16,3407.05,West,Ahmedabad,Debit Card
ORD02943,2025-07-04,CUST1675,Furniture,Chair,4,157804,0.23,20259.84,West,Mumbai,Net Banking
ORD02944,2025-10-22,CUST0969,Furniture,Bookshelf,1,7545,0.02,1779.56,West,Mumbai,Cash on Delivery
ORD02945,2025-10-17,CUST1619,Furniture,Bookshelf,3,83745,0.1,6027.5,East,Bhubaneswar,Cash on Delivery
ORD02946,2025-12-15,CUST0051,Clothing,Jeans,5,71340,0.09,7632.62,West,Ahmedabad,Credit Card
ORD02947,2025-01-06,CUST1727,Books,Novel,4,140520,0.26,20623.16,East,Patna,Cash on Delivery
ORD02948,2025-10-08,CUST0976,Beauty,Face Cream,2,69078,0.04,8750.47,West,Mumbai,UPI
ORD02949,2025-12-01,CUST0421,Books,Magazine,4,158272,0.11,8194.8,West,Pune,Net Banking
ORD02950,2025-08-16,CUST0143,Books,Magazine,2,66142,0.14,4934.38,South,Bangalore,UPI
ORD02951,2025-04-06,CUST1354,Electronics,Mobile Phone,1,9020,0.17,1002.37,South,Bangalore,UPI
ORD02952,2025-05-04,CUST0107,Beauty,Face Cream,2,31386,0.06,7031.36,East,Kolkata,Credit Card
ORD02953,2025-01-15,CUST1710,Clothing,Jeans,4,7912,0.24,1280.07,East,Bhubaneswar,Cash on Delivery
ORD02954,2025-04-08,CUST0699,Books,Textbook,1,26637,0.18,3950.69,South,Hyderabad,Cash on Delivery
ORD02955,2025-05-05,CUST0988,Books,Magazine,5,102610,0.03,15046.17,East,Kolkata,UPI
ORD02956,2025-06-24,CUST0503,Electronics,Mobile Phone,5,184585,0.1,25972.48,East,Bhubaneswar,UPI
ORD02957,2025-09-29,CUST1643,Electronics,Laptop,3,70323,0.29,11528.82,East,Kolkata,UPI
ORD02958,2025-09-03,CUST1142,Furniture,Chair,3,27453,0.11,5134.46,West,Pune,Cash on Delivery
ORD02959,2025-03-08,CUST0346,Books,Magazine,2,6510,0.07,1017.23,West,Mumbai,UPI
ORD02960,2025-10-14,CUST0822,Clothing,T-Shirt,1,41226,0.29,6753.09,West,Mumbai,Cash on Delivery
ORD02961,2025-09-12,CUST0416,Clothing,Jeans,5,161105,0.05,34759.07,West,Ahmedabad,UPI
ORD02962,2025-08-31,CUST1876,Furniture,Chair,3,81852,0.05,16600.61,East,Patna,Net Banking
ORD02963,2025-10-05,CUST1141,Beauty,Face Wash,4,4184,0.07,786.19,East,Kolkata,Net Banking
ORD02964,2025-09-07,CUST0640,Electronics,Mobile Phone,3,16947,0.21,1148.16,North,Delhi,Debit Card
ORD02965,2025-02-12,CUST1482,Electronics,Smart Watch,2,96764,0.21,15321.5,North,Delhi,Cash on Delivery
ORD02966,2025-03-12,CUST1349,Furniture,Table,1,26606,0.08,3663.25,East,Bhubaneswar,UPI
ORD02967,2025-02-20,CUST0729,Electronics,Headphones,2,62140,0.1,11070.23,West,Pune,Credit Card
ORD02968,2025-01-29,CUST0986,Beauty,Perfume,2,7658,0.07,1383.52,East,Bhubaneswar,Net Banking
ORD02969,2025-09-10,CUST0291,Furniture,Table,1,38043,0.29,4093.11,South,Chennai,Credit Card
ORD02970,2025-05-13,CUST0688,Books,Comics,1,28434,0.01,1902.49,West,Ahmedabad,Cash on Delivery
ORD02971,2025-09-30,CUST0701,Books,Comics,4,129248,0.02,25117.96,South,Chennai,Net Banking
ORD02972,2025-09-12,CUST1248,Electronics,Mobile Phone,3,10206,0.22,1298.38,North,Delhi,Cash on Delivery
ORD02973,2025-10-15,CUST0317,Clothing,T-Shirt,1,37951,0.04,2689.9,South,Bangalore,Net Banking
ORD02974,2025-05-18,CUST1179,Furniture,Chair,2,75068,0.13,3314.45,South,Chennai,Credit Card
ORD02975,2025-07-10,CUST1873,Beauty,Face Wash,1,23022,0.16,4594.47,South,Hyderabad,Debit Card
ORD02976,2025-03-26,CUST1994,Electronics,Laptop,5,214155,0.13,19839.64,West,Mumbai,UPI
ORD02977,2025-08-28,CUST1694,Beauty,Face Wash,1,20801,0.27,1667.36,West,Pune,Credit Card
ORD02978,2025-10-07,CUST0487,Books,Magazine,2,46328,0.18,5828.51,South,Bangalore,UPI
ORD02979,2025-12-29,CUST1617,Clothing,Dress,4,63768,0.23,8796.65,West,Ahmedabad,Cash on Delivery
ORD02980,2025-06-25,CUST1762,Beauty,Face Cream,2,84276,0.09,13492.5,East,Bhubaneswar,Debit Card
ORD02981,2025-07-27,CUST1542,Books,Magazine,5,125835,0.11,8070.62,West,Mumbai,Debit Card
ORD02982,2025-10-01,CUST1326,Clothing,T-Shirt,5,17860,0.23,1310.29,South,Hyderabad,UPI
ORD02983,2025-01-26,CUST1163,Furniture,Chair,5,139715,0.29,17389.03,East,Bhubaneswar,Debit Card
ORD02984,2025-05-28,CUST1801,Electronics,Laptop,3,96447,0.07,11933.11,West,Ahmedabad,Credit Card
ORD02985,2025-04-24,CUST0845,Beauty,Perfume,3,52950,0.18,10184.73,South,Chennai,Net Banking
ORD02986,2025-12-14,CUST0681,Clothing,T-Shirt,3,125268,0.29,20676.32,North,Lucknow,Credit Card
ORD02987,2025-07-22,CUST0637,Beauty,Face Cream,1,49792,0.14,9160.23,North,Lucknow,UPI
ORD02988,2025-09-25,CUST0545,Furniture,Bookshelf,5,6675,0.26,873.44,East,Bhubaneswar,Credit Card
ORD02989,2025-06-06,CUST0336,Books,Comics,5,175345,0.3,12836.24,South,Bangalore,Credit Card
ORD02990,2025-09-02,CUST1633,Books,Comics,4,181408,0.12,30125.15,East,Patna,UPI
ORD02991,2025-06-04,CUST0953,Furniture,Chair,2,57528,0.23,3663.55,North,Delhi,Credit Card
ORD02992,2025-01-20,CUST1441,Beauty,Face Wash,2,19776,0.18,862.38,North,Delhi,UPI
ORD02993,2025-09-15,CUST1002,Beauty,Face Wash,1,42765,0.09,3079.43,West,Pune,Credit Card
ORD02994,2025-05-08,CUST0256,Furniture,Table,1,47318,0.28,2902.92,East,Patna,Cash on Delivery
ORD02995,2025-05-18,CUST1938,Books,Magazine,1,48649,0.13,10161.0,South,Hyderabad,Net Banking
ORD02996,2025-04-19,CUST1515,Clothing,Jeans,5,133650,0.18,11554.97,East,Kolkata,Net Banking
ORD02997,2025-04-12,CUST0509,Clothing,Dress,4,148256,0.21,13688.64,South,Hyderabad,Net Banking
ORD02998,2025-12-14,CUST0427,Electronics,Smart Watch,4,62932,0.08,5772.98,South,Chennai,UPI
ORD02999,2025-05-10,CUST0045,Clothing,Jeans,1,12212,0.05,2339.2,West,Pune,Net Banking
ORD03000,2025-01-23,CUST0664,Books,Textbook,4,43228,0.02,4068.17,South,Hyderabad,UPI
ORD03001,2025-12-29,CUST0184,Beauty,Shampoo,2,43814,0.03,2365.84,South,Chennai,Debit Card
ORD03002,2025-05-20,CUST0312,Furniture,Table,5,89915,0.19,13812.64,West,Mumbai,Credit Card
ORD03003,2025-07-10,CUST1753,Furniture,Table,1,5657,0.18,376.92,West,Pune,UPI
ORD03004,2025-02-16,CUST1730,Clothing,Dress,1,32371,0.23,1622.0,South,Hyderabad,Credit Card
ORD03005,2025-05-11,CUST1908,Furniture,Sofa,2,96580,0.21,13142.22,East,Patna,UPI
ORD03006,2025-07-20,CUST0886,Books,Magazine,4,84328,0.11,18003.36,North,Jaipur,Credit Card
ORD03007,2025-07-30,CUST0275,Clothing,Jeans,2,3286,0.25,335.46,East,Bhubaneswar,UPI
ORD03008,2025-08-23,CUST0893,Books,Textbook,3,27336,0.0,5626.32,West,Mumbai,UPI
ORD03009,2025-09-14,CUST1657,Furniture,Sofa,1,21104,0.18,3147.94,East,Kolkata,Debit Card
ORD03010,2025-08-05,CUST0050,Beauty,Perfume,3,38823,0.21,5782.74,West,Mumbai,Net Banking
ORD03011,2025-02-19,CUST1740,Electronics,Laptop,1,19146,0.23,1968.4,North,Delhi,UPI
ORD03012,2025-04-17,CUST0079,Clothing,Jeans,5,166610,0.17,21792.45,West,Ahmedabad,Debit Card
ORD03013,2025-08-31,CUST1450,Beauty,Shampoo,5,173875,0.03,41047.67,West,Mumbai,Net Banking
ORD03014,2025-12-05,CUST1211,Furniture,Sofa,5,17490,0.3,2149.16,East,Bhubaneswar,Cash on Delivery
ORD03015,2025-03-21,CUST1464,Furniture,Bookshelf,4,48160,0.16,2120.07,South,Bangalore,Cash on Delivery
ORD03016,2025-04-18,CUST0721,Clothing,T-Shirt,3,89466,0.05,7533.0,North,Lucknow,Cash on Delivery
ORD03017,2025-10-01,CUST0455,Furniture,Sofa,2,96308,0.22,15490.82,West,Ahmedabad,UPI
ORD03018,2025-04-15,CUST0844,Beauty,Perfume,3,69657,0.29,8482.43,East,Kolkata,Cash on Delivery
ORD03019,2025-09-27,CUST1055,Electronics,Headphones,3,112443,0.01,15245.78,West,Pune,Cash on Delivery
ORD03020,2025-06-05,CUST0726,Beauty,Face Wash,3,98115,0.27,4784.5,North,Lucknow,Cash on Delivery
ORD03021,2025-09-15,CUST0100,Electronics,Headphones,2,40802,0.07,7592.92,East,Bhubaneswar,Cash on Delivery
ORD03022,2025-06-27,CUST0878,Clothing,Jeans,1,9327,0.1,1821.39,North,Lucknow,Debit Card
ORD03023,2025-04-13,CUST0204,Clothing,Jeans,4,128380,0.24,5238.05,West,Ahmedabad,Cash on Delivery
ORD03024,2025-09-04,CUST1379,Beauty,Perfume,2,55484,0.03,5739.0,North,Lucknow,Credit Card
ORD03025,2025-05-29,CUST0691,Electronics,Laptop,1,9576,0.29,1638.96,South,Bangalore,Debit Card
ORD03026,2025-01-19,CUST1364,Electronics,Laptop,5,12770,0.15,2158.69,East,Bhubaneswar,Net Banking
ORD03027,2025-06-08,CUST0774,Books,Comics,4,64100,0.16,7843.03,West,Pune,UPI
ORD03028,2025-01-31,CUST0057,Beauty,Face Cream,3,50400,0.16,8657.26,North,Delhi,UPI
ORD03029,2025-04-26,CUST0037,Books,Novel,3,32442,0.18,4620.64,East,Kolkata,Cash on Delivery
ORD03030,2025-07-31,CUST1546,Furniture,Sofa,5,213465,0.12,46600.49,West,Ahmedabad,Cash on Delivery
ORD03031,2025-03-16,CUST0690,Clothing,Shoes,1,34701,0.18,3571.6,South,Bangalore,Credit Card
ORD03032,2025-04-25,CUST1837,Beauty,Face Wash,1,11374,0.04,627.53,West,Mumbai,Debit Card
ORD03033,2025-02-22,CUST0378,Electronics,Headphones,4,120384,0.26,21836.2,West,Ahmedabad,Debit Card
ORD03034,2025-09-17,CUST1808,Electronics,Headphones,1,34354,0.26,2115.12,North,Jaipur,UPI
ORD03035,2025-04-03,CUST0446,Furniture,Sofa,4,13388,0.21,2223.27,West,Pune,Net Banking
ORD03036,2025-07-15,CUST1638,Clothing,Shoes,4,168428,0.18,23028.71,East,Bhubaneswar,Credit Card
ORD03037,2025-05-25,CUST0621,Beauty,Shampoo,4,104472,0.18,18489.14,East,Kolkata,Debit Card
ORD03038,2025-10-06,CUST1713,Clothing,T-Shirt,3,137961,0.17,11475.09,South,Chennai,Cash on Delivery
ORD03039,2025-04-26,CUST1932,Clothing,T-Shirt,2,61558,0.02,7444.23,South,Bangalore,UPI
ORD03040,2025-05-15,CUST1614,Electronics,Laptop,4,167488,0.18,10212.16,South,Bangalore,UPI
ORD03041,2025-02-17,CUST1789,Books,Comics,4,24352,0.01,3395.44,West,Mumbai,Net Banking
ORD03042,2025-07-13,CUST1959,Books,Novel,5,43520,0.22,7447.66,North,Lucknow,Net Banking
ORD03043,2025-02-02,CUST1985,Clothing,Dress,5,183445,0.2,13543.18,West,Pune,UPI
ORD03044,2025-02-26,CUST1934,Clothing,Dress,1,13476,0.23,1589.0,North,Jaipur,Net Banking
ORD03045,2025-11-22,CUST0238,Electronics,Headphones,1,46205,0.21,2968.14,North,Jaipur,Cash on Delivery
ORD03046,2025-10-21,CUST1526,Books,Novel,4,12104,0.15,1366.44,East,Bhubaneswar,Debit Card
ORD03047,2025-04-19,CUST0142,Electronics,Mobile Phone,3,131373,0.25,13967.01,West,Mumbai,UPI
ORD03048,2025-03-20,CUST0938,Clothing,T-Shirt,4,73240,0.09,5000.54,East,Bhubaneswar,Debit Card
ORD03049,2025-08-19,CUST0544,Beauty,Face Wash,3,6870,0.07,1415.63,North,Jaipur,Debit Card
ORD03050,2025-07-21,CUST1532,Books,Magazine,2,33364,0.18,5241.99,North,Lucknow,Net Banking
ORD03051,2025-01-09,CUST0460,Furniture,Sofa,4,80760,0.02,17149.98,South,Hyderabad,Credit Card
ORD03052,2025-09-08,CUST1896,Beauty,Perfume,1,46560,0.19,2228.67,East,Kolkata,Cash on Delivery
ORD03053,2025-06-01,CUST0834,Clothing,T-Shirt,1,35484,0.18,5202.56,North,Delhi,UPI
ORD03054,2025-05-24,CUST0903,Clothing,Dress,1,25960,0.28,1014.25,South,Bangalore,Debit Card
ORD03055,2025-10-26,CUST1672,Books,Magazine,3,111879,0.11,17635.8,West,Ahmedabad,Net Banking
ORD03056,2025-07-27,CUST1656,Books,Textbook,1,31124,0.0,5600.03,East,Patna,UPI
ORD03057,2025-04-24,CUST1340,Electronics,Laptop,1,49880,0.02,7198.29,West,Pune,Cash on Delivery
ORD03058,2025-02-07,CUST0906,Furniture,Table,1,29607,0.16,1793.85,South,Chennai,UPI
ORD03059,2025-05-18,CUST0587,Books,Magazine,3,122625,0.01,28453.77,North,Delhi,Debit Card
ORD03060,2025-12-07,CUST1356,Electronics,Headphones,4,119372,0.08,10594.82,East,Patna,Net Banking
ORD03061,2025-12-15,CUST0055,Furniture,Bookshelf,2,30990,0.17,1846.29,East,Bhubaneswar,Credit Card
ORD03062,2025-10-26,CUST0369,Clothing,Dress,1,20889,0.19,3542.96,South,Chennai,Cash on Delivery
ORD03063,2025-09-02,CUST1327,Beauty,Face Wash,4,190120,0.03,36503.35,South,Hyderabad,Cash on Delivery
ORD03064,2025-03-21,CUST0560,Clothing,T-Shirt,5,101930,0.23,14825.56,West,Mumbai,Net Banking
ORD03065,2025-06-18,CUST1987,Beauty,Face Cream,5,116855,0.25,10974.71,South,Hyderabad,Credit Card
ORD03066,2025-12-26,CUST0161,Books,Comics,4,147072,0.14,8663.73,West,Ahmedabad,Credit Card
ORD03067,2025-01-04,CUST0749,Furniture,Chair,5,130460,0.13,6432.7,North,Jaipur,Debit Card
ORD03068,2025-03-04,CUST0796,Books,Novel,3,92430,0.18,5585.04,West,Mumbai,Credit Card
ORD03069,2025-07-09,CUST1537,Furniture,Sofa,5,185110,0.18,35957.97,West,Ahmedabad,Debit Card
ORD03070,2025-02-22,CUST1923,Beauty,Face Wash,5,177845,0.21,19609.54,West,Mumbai,Debit Card
ORD03071,2025-03-09,CUST0974,Furniture,Table,2,79550,0.22,6211.57,West,Mumbai,UPI
ORD03072,2025-11-29,CUST0113,Books,Magazine,5,51950,0.11,3478.23,West,Ahmedabad,Debit Card
ORD03073,2025-02-26,CUST1367,Electronics,Smart Watch,1,3639,0.2,601.9,West,Mumbai,UPI
ORD03074,2025-10-15,CUST0529,Electronics,Headphones,4,20456,0.25,2177.56,West,Mumbai,Debit Card
ORD03075,2025-09-20,CUST0287,Books,Novel,2,1158,0.01,226.96,South,Chennai,Credit Card
ORD03076,2025-12-29,CUST1680,Books,Textbook,5,19285,0.23,2781.59,West,Ahmedabad,Net Banking
ORD03077,2025-09-28,CUST0256,Beauty,Perfume,2,10642,0.02,1909.18,South,Chennai,Cash on Delivery
ORD03078,2025-03-06,CUST0148,Beauty,Face Cream,3,143967,0.13,21440.73,West,Pune,Net Banking
ORD03079,2025-07-23,CUST1684,Books,Comics,4,57920,0.23,6924.07,South,Chennai,Debit Card
ORD03080,2025-03-01,CUST1414,Electronics,Mobile Phone,2,4808,0.05,606.08,West,Mumbai,Cash on Delivery
ORD03081,2025-02-03,CUST0848,Books,Comics,2,42532,0.27,5337.15,West,Ahmedabad,Cash on Delivery
ORD03082,2025-10-20,CUST1504,Beauty,Face Wash,2,30534,0.23,4309.25,North,Delhi,Credit Card
ORD03083,2025-02-22,CUST0359,Clothing,Dress,2,84238,0.24,13508.96,South,Hyderabad,Cash on Delivery
ORD03084,2025-03-26,CUST1918,Books,Comics,3,120450,0.25,14773.26,West,Ahmedabad,Credit Card
ORD03085,2025-05-08,CUST1642,Furniture,Chair,3,60732,0.21,5070.55,West,Pune,Cash on Delivery
ORD03086,2025-01-24,CUST0873,Books,Magazine,1,20757,0.23,1510.58,North,Delhi,Debit Card
ORD03087,2025-12-26,CUST0713,Electronics,Laptop,4,127540,0.03,14448.38,East,Patna,Net Banking
ORD03088,2025-07-02,CUST1182,Electronics,Mobile Phone,5,159425,0.28,6936.07,South,Bangalore,UPI
ORD03089,2025-07-23,CUST0810,Clothing,T-Shirt,2,62336,0.05,7846.03,East,Bhubaneswar,UPI
ORD03090,2025-03-31,CUST1275,Clothing,Jeans,5,99805,0.02,20467.57,South,Bangalore,Debit Card
ORD03091,2025-09-08,CUST1747,Furniture,Bookshelf,4,151748,0.06,30827.41,West,Mumbai,Net Banking
ORD03092,2025-02-13,CUST0151,Furniture,Table,2,34404,0.22,2787.81,North,Lucknow,UPI
ORD03093,2025-07-01,CUST0805,Beauty,Face Cream,1,14814,0.21,1581.54,West,Pune,Cash on Delivery
ORD03094,2025-04-16,CUST0426,Beauty,Shampoo,3,110736,0.09,22172.62,North,Delhi,UPI
ORD03095,2025-03-16,CUST1184,Electronics,Laptop,2,5202,0.22,615.26,East,Bhubaneswar,Credit Card
ORD03096,2025-09-25,CUST1075,Furniture,Chair,2,15500,0.01,2214.91,West,Mumbai,Credit Card
ORD03097,2025-06-28,CUST0306,Electronics,Smart Watch,4,94572,0.23,7873.46,West,Mumbai,Credit Card
ORD03098,2025-06-01,CUST0283,Electronics,Mobile Phone,1,40947,0.13,1941.54,South,Chennai,Net Banking
ORD03099,2025-04-18,CUST1289,Beauty,Face Wash,2,65232,0.18,7273.41,North,Jaipur,Cash on Delivery
ORD03100,2025-01-10,CUST0038,Furniture,Sofa,3,70995,0.1,11941.19,South,Hyderabad,Debit Card
ORD03101,2025-03-07,CUST0264,Electronics,Laptop,3,136890,0.16,11635.2,North,Lucknow,Cash on Delivery
ORD03102,2025-03-08,CUST0493,Clothing,Jeans,2,55832,0.0,7836.54,North,Delhi,Debit Card
ORD03103,2025-11-24,CUST0563,Electronics,Smart Watch,2,88774,0.08,6408.73,South,Chennai,Credit Card
ORD03104,2025-10-14,CUST0062,Beauty,Face Wash,1,28991,0.23,1748.1,South,Hyderabad,Net Banking
ORD03105,2025-11-10,CUST0790,Electronics,Mobile Phone,1,28157,0.25,4369.51,West,Mumbai,Net Banking
ORD03106,2025-05-10,CUST0132,Beauty,Face Wash,2,1188,0.08,115.51,North,Delhi,UPI
ORD03107,2025-10-07,CUST0589,Beauty,Shampoo,3,115587,0.14,5579.15,West,Pune,Debit Card
ORD03108,2025-07-31,CUST1701,Furniture,Sofa,1,32599,0.12,2253.09,North,Jaipur,Credit Card
ORD03109,2025-01-10,CUST1340,Books,Novel,1,8299,0.11,838.84,South,Bangalore,Net Banking
ORD03110,2025-06-19,CUST0763,Beauty,Perfume,2,17012,0.1,1262.92,North,Lucknow,Credit Card
ORD03111,2025-04-09,CUST0934,Clothing,Jeans,5,18225,0.1,3567.39,South,Hyderabad,Cash on Delivery
ORD03112,2025-07-27,CUST0358,Furniture,Chair,1,46338,0.26,3813.49,East,Bhubaneswar,Debit Card
ORD03113,2025-06-16,CUST0655,Clothing,Dress,1,8089,0.27,1212.05,North,Delhi,Net Banking
ORD03114,2025-04-24,CUST0169,Beauty,Face Cream,5,183430,0.16,20088.06,West,Pune,Cash on Delivery
ORD03115,2025-09-17,CUST0015,Furniture,Sofa,3,72030,0.24,8579.8,South,Chennai,Net Banking
ORD03116,2025-04-23,CUST0754,Beauty,Shampoo,3,27303,0.05,6441.17,West,Mumbai,Debit Card
ORD03117,2025-08-15,CUST0658,Furniture,Table,3,146292,0.24,18089.99,South,Chennai,Cash on Delivery
ORD03118,2025-04-25,CUST0038,Beauty,Shampoo,2,59878,0.3,8780.95,North,Lucknow,Debit Card
ORD03119,2025-02-23,CUST0180,Furniture,Bookshelf,4,67564,0.1,13596.36,West,Mumbai,Cash on Delivery
ORD03120,2025-04-03,CUST0239,Electronics,Headphones,1,23347,0.2,4535.89,West,Mumbai,Credit Card
ORD03121,2025-12-15,CUST1533,Clothing,Shoes,1,34186,0.06,4553.55,West,Mumbai,UPI
ORD03122,2025-03-01,CUST1532,Clothing,Jeans,4,75600,0.12,4734.5,North,Lucknow,Credit Card
ORD03123,2025-07-21,CUST1915,Books,Magazine,1,42010,0.27,3547.35,South,Bangalore,UPI
ORD03124,2025-03-16,CUST1052,Clothing,Jeans,5,172580,0.2,31271.9,West,Ahmedabad,Debit Card
ORD03125,2025-12-23,CUST0498,Books,Magazine,3,47673,0.29,4856.57,North,Lucknow,UPI
ORD03126,2025-11-10,CUST1741,Books,Novel,2,66068,0.18,9377.57,North,Jaipur,Debit Card
ORD03127,2025-01-23,CUST0926,Furniture,Table,3,62388,0.08,12627.32,West,Ahmedabad,Cash on Delivery
ORD03128,2025-12-01,CUST0476,Books,Comics,4,169836,0.23,15519.17,West,Mumbai,Debit Card
ORD03129,2025-05-08,CUST0699,Beauty,Face Wash,4,10124,0.28,1433.98,North,Lucknow,Net Banking
ORD03130,2025-12-27,CUST1604,Books,Comics,5,245235,0.02,51064.18,East,Patna,Net Banking
ORD03131,2025-08-02,CUST1364,Beauty,Face Wash,5,75560,0.28,8126.52,East,Bhubaneswar,Net Banking
ORD03132,2025-09-08,CUST1723,Electronics,Mobile Phone,3,44376,0.3,5760.3,West,Ahmedabad,Credit Card
ORD03133,2025-12-18,CUST1305,Electronics,Mobile Phone,4,124076,0.29,6059.44,North,Lucknow,Credit Card
ORD03134,2025-03-18,CUST0391,Furniture,Sofa,5,177675,0.07,27557.3,North,Jaipur,Credit Card
ORD03135,2025-06-24,CUST0267,Books,Textbook,2,25784,0.12,3802.23,East,Kolkata,Net Banking
ORD03136,2025-07-21,CUST0646,Furniture,Sofa,1,9559,0.28,1284.79,South,Chennai,Credit Card
ORD03137,2025-05-15,CUST1217,Clothing,Shoes,3,24870,0.09,3170.66,South,Bangalore,UPI
ORD03138,2025-11-10,CUST0676,Clothing,Jeans,3,96279,0.15,8871.46,South,Chennai,UPI
ORD03139,2025-01-22,CUST1871,Books,Comics,3,69264,0.21,13534.03,East,Bhubaneswar,Credit Card
ORD03140,2025-06-08,CUST0544,Electronics,Laptop,4,67920,0.02,8893.92,West,Mumbai,Debit Card
ORD03141,2025-12-06,CUST1223,Books,Textbook,1,10993,0.03,1735.37,West,Pune,UPI
ORD03142,2025-03-20,CUST0346,Clothing,Shoes,3,7332,0.13,835.91,North,Jaipur,Credit Card
ORD03143,2025-06-30,CUST0509,Books,Comics,4,79604,0.08,11826.94,North,Jaipur,UPI
ORD03144,2025-07-28,CUST0435,Furniture,Table,3,115656,0.1,7829.04,East,Bhubaneswar,Debit Card
ORD03145,2025-04-21,CUST0476,Beauty,Shampoo,4,143276,0.18,21668.34,West,Pune,Credit Card
ORD03146,2025-01-19,CUST0060,Beauty,Perfume,5,22720,0.08,4487.66,South,Hyderabad,Net Banking
ORD03147,2025-03-14,CUST1942,Clothing,Jeans,4,190972,0.2,32682.71,West,Ahmedabad,Cash on Delivery
ORD03148,2025-06-22,CUST1386,Books,Novel,2,20616,0.02,2804.77,South,Hyderabad,UPI
ORD03149,2025-01-13,CUST1880,Beauty,Shampoo,1,28789,0.19,5438.05,West,Ahmedabad,UPI
ORD03150,2025-06-08,CUST1253,Furniture,Sofa,1,14079,0.18,1059.31,South,Chennai,UPI
ORD03151,2025-11-29,CUST0397,Beauty,Perfume,1,25560,0.05,1572.92,West,Mumbai,Credit Card
ORD03152,2025-06-22,CUST0460,Clothing,T-Shirt,4,172076,0.18,10229.21,South,Hyderabad,UPI
ORD03153,2025-03-06,CUST1812,Beauty,Shampoo,4,13040,0.26,2215.0,South,Chennai,Credit Card
ORD03154,2025-05-27,CUST1271,Books,Comics,3,37248,0.14,1948.53,West,Pune,Net Banking
ORD03155,2025-03-23,CUST1420,Furniture,Bookshelf,5,50105,0.02,4355.58,West,Mumbai,Net Banking
ORD03156,2025-08-01,CUST1442,Electronics,Laptop,5,183840,0.02,19498.57,South,Bangalore,Cash on Delivery
ORD03157,2025-08-02,CUST1677,Furniture,Table,3,98046,0.12,18889.26,South,Hyderabad,UPI
ORD03158,2025-08-20,CUST1127,Beauty,Face Wash,3,68865,0.05,9303.39,West,Mumbai,Cash on Delivery
ORD03159,2025-12-23,CUST1432,Furniture,Bookshelf,5,87980,0.0,4462.41,West,Ahmedabad,Net Banking
ORD03160,2025-08-11,CUST0177,Furniture,Bookshelf,4,122100,0.23,5694.76,East,Bhubaneswar,Credit Card
ORD03161,2025-11-03,CUST0280,Books,Magazine,3,31986,0.12,1752.46,South,Hyderabad,Net Banking
ORD03162,2025-06-24,CUST0402,Clothing,Shoes,4,69412,0.04,3689.55,North,Lucknow,Cash on Delivery
ORD03163,2025-01-06,CUST1628,Electronics,Mobile Phone,4,193004,0.22,23868.57,North,Jaipur,Credit Card
ORD03164,2025-03-15,CUST0955,Electronics,Mobile Phone,4,153316,0.25,20375.18,West,Pune,Net Banking
ORD03165,2025-07-11,CUST1377,Books,Comics,3,27753,0.17,2814.71,North,Delhi,Debit Card
ORD03166,2025-12-15,CUST0536,Electronics,Mobile Phone,5,200395,0.03,33698.45,North,Delhi,Net Banking
ORD03167,2025-12-17,CUST0820,Electronics,Mobile Phone,1,31385,0.0,4798.37,North,Lucknow,Cash on Delivery
ORD03168,2025-01-29,CUST0966,Electronics,Headphones,4,124508,0.19,19656.58,South,Chennai,Debit Card
ORD03169,2025-11-02,CUST0777,Electronics,Headphones,4,145644,0.17,23741.95,South,Chennai,Cash on Delivery
ORD03170,2025-10-20,CUST1895,Clothing,Dress,1,21964,0.29,1065.38,West,Mumbai,UPI
ORD03171,2025-04-01,CUST0025,Electronics,Mobile Phone,4,147560,0.22,6401.16,North,Delhi,Debit Card
ORD03172,2025-11-17,CUST0471,Electronics,Smart Watch,3,112650,0.14,18137.25,East,Patna,Net Banking
ORD03173,2025-11-16,CUST1620,Clothing,T-Shirt,2,82278,0.27,8657.09,North,Delhi,Net Banking
ORD03174,2025-06-14,CUST1219,Beauty,Face Wash,3,127329,0.07,20110.49,West,Ahmedabad,Cash on Delivery
ORD03175,2025-05-13,CUST1371,Furniture,Table,2,51276,0.2,7633.62,South,Bangalore,Credit Card
ORD03176,2025-08-14,CUST0598,Electronics,Headphones,3,23715,0.1,4135.51,North,Jaipur,UPI
ORD03177,2025-08-05,CUST1631,Furniture,Sofa,4,162588,0.23,28003.07,South,Chennai,Cash on Delivery
ORD03178,2025-01-03,CUST1716,Books,Magazine,1,49228,0.2,4936.38,West,Ahmedabad,Net Banking
ORD03179,2025-07-05,CUST1067,Furniture,Table,4,80952,0.18,3935.4,West,Mumbai,Debit Card
ORD03180,2025-04-19,CUST1958,Books,Magazine,3,117150,0.18,14707.4,North,Jaipur,Debit Card
ORD03181,2025-06-19,CUST0055,Books,Magazine,1,44660,0.11,4018.4,South,Bangalore,Net Banking
ORD03182,2025-08-14,CUST1509,Books,Magazine,3,75006,0.23,6553.28,South,Chennai,Net Banking
ORD03183,2025-02-06,CUST1971,Electronics,Laptop,1,46449,0.16,8198.92,North,Delhi,Net Banking
ORD03184,2025-11-02,CUST0456,Furniture,Bookshelf,5,184000,0.2,28759.82,West,Ahmedabad,Credit Card
ORD03185,2025-12-04,CUST0930,Electronics,Smart Watch,4,32876,0.15,2568.92,East,Patna,Credit Card
ORD03186,2025-06-27,CUST1262,Furniture,Sofa,2,87066,0.26,6632.27,North,Delhi,Cash on Delivery
ORD03187,2025-09-22,CUST1782,Clothing,T-Shirt,3,108975,0.25,17533.58,East,Bhubaneswar,Cash on Delivery
ORD03188,2025-10-04,CUST0574,Books,Novel,3,93999,0.29,6745.8,South,Chennai,Cash on Delivery
ORD03189,2025-02-23,CUST0987,Furniture,Bookshelf,2,77528,0.07,10175.87,North,Jaipur,Net Banking
ORD03190,2025-06-22,CUST1097,Furniture,Bookshelf,3,85998,0.02,7301.2,South,Chennai,UPI
ORD03191,2025-08-08,CUST1270,Furniture,Table,2,56550,0.13,11736.2,South,Hyderabad,Net Banking
ORD03192,2025-08-20,CUST1554,Books,Magazine,3,59142,0.08,8300.03,West,Pune,Debit Card
ORD03193,2025-10-25,CUST1418,Electronics,Smart Watch,1,40501,0.28,2252.33,East,Kolkata,Credit Card
ORD03194,2025-02-02,CUST1431,Beauty,Shampoo,4,49708,0.21,4577.79,East,Patna,Net Banking
ORD03195,2025-05-23,CUST1724,Clothing,Dress,5,200025,0.01,15968.37,West,Mumbai,Net Banking
ORD03196,2025-07-28,CUST0244,Furniture,Table,2,56302,0.22,8072.38,West,Ahmedabad,UPI
ORD03197,2025-02-01,CUST1979,Furniture,Bookshelf,2,92910,0.28,14955.24,West,Mumbai,Cash on Delivery
ORD03198,2025-04-29,CUST0210,Electronics,Mobile Phone,3,103431,0.01,11592.8,East,Patna,Cash on Delivery
ORD03199,2025-08-14,CUST1967,Electronics,Smart Watch,3,48936,0.07,4215.91,South,Bangalore,Credit Card
ORD03200,2025-06-30,CUST0857,Beauty,Shampoo,2,38258,0.09,7813.86,West,Ahmedabad,Credit Card
ORD03201,2025-10-06,CUST1736,Electronics,Laptop,1,14243,0.16,632.51,South,Hyderabad,Credit Card
ORD03202,2025-06-27,CUST1276,Books,Magazine,4,22332,0.1,4550.39,North,Jaipur,Net Banking
ORD03203,2025-02-10,CUST1071,Furniture,Bookshelf,3,86631,0.1,16893.78,West,Mumbai,UPI
ORD03204,2025-10-04,CUST0781,Clothing,Jeans,1,11729,0.27,1324.25,East,Kolkata,Cash on Delivery
ORD03205,2025-09-27,CUST1559,Books,Novel,3,78198,0.18,12372.43,East,Patna,Debit Card
ORD03206,2025-12-09,CUST0452,Clothing,Jeans,1,22017,0.05,2060.4,East,Bhubaneswar,Credit Card
ORD03207,2025-04-17,CUST1777,Books,Magazine,2,28472,0.22,5187.67,North,Lucknow,Cash on Delivery
ORD03208,2025-08-07,CUST1935,Beauty,Perfume,4,198336,0.14,21805.5,East,Kolkata,Net Banking
ORD03209,2025-05-05,CUST0307,Furniture,Chair,5,154135,0.22,29612.87,West,Mumbai,UPI
ORD03210,2025-01-04,CUST0833,Books,Magazine,2,36210,0.13,2079.14,West,Ahmedabad,Credit Card
ORD03211,2025-12-27,CUST0755,Books,Comics,3,149817,0.23,27823.64,South,Bangalore,Cash on Delivery
ORD03212,2025-08-20,CUST1024,Clothing,Dress,2,86244,0.04,17456.67,West,Mumbai,UPI
ORD03213,2025-04-22,CUST0125,Electronics,Headphones,3,105846,0.11,15713.26,East,Kolkata,Credit Card
ORD03214,2025-01-12,CUST0640,Beauty,Face Cream,5,115350,0.24,18587.06,South,Chennai,Credit Card
ORD03215,2025-11-06,CUST1488,Furniture,Sofa,3,67902,0.09,8163.12,South,Bangalore,Credit Card
ORD03216,2025-10-13,CUST1101,Books,Magazine,1,19713,0.03,2545.35,West,Ahmedabad,UPI
ORD03217,2025-06-25,CUST0779,Furniture,Bookshelf,4,63036,0.16,11558.07,East,Bhubaneswar,Net Banking
ORD03218,2025-04-27,CUST0425,Electronics,Headphones,3,148194,0.2,17770.5,East,Patna,Credit Card
ORD03219,2025-12-20,CUST0897,Clothing,T-Shirt,5,199855,0.1,28227.25,South,Bangalore,UPI
ORD03220,2025-10-31,CUST1388,Electronics,Mobile Phone,5,88275,0.28,10584.74,South,Chennai,Debit Card
ORD03221,2025-06-15,CUST0423,Clothing,Shoes,4,110152,0.01,17560.59,East,Kolkata,UPI
ORD03222,2025-05-04,CUST1478,Electronics,Smart Watch,2,76486,0.15,12271.99,North,Delhi,Net Banking
ORD03223,2025-11-16,CUST0110,Beauty,Shampoo,5,75845,0.07,9512.44,West,Mumbai,Debit Card
ORD03224,2025-08-23,CUST0574,Books,Novel,1,8165,0.11,680.85,North,Lucknow,Credit Card
ORD03225,2025-09-19,CUST1571,Furniture,Bookshelf,2,84346,0.2,10000.09,West,Mumbai,Cash on Delivery
ORD03226,2025-12-23,CUST1878,Electronics,Headphones,5,143890,0.2,14229.94,West,Pune,Net Banking
ORD03227,2025-07-08,CUST0053,Furniture,Table,5,114975,0.18,11706.75,West,Pune,Debit Card
ORD03228,2025-06-03,CUST1053,Furniture,Chair,5,235175,0.19,26406.36,West,Mumbai,Debit Card
ORD03229,2025-12-06,CUST1837,Furniture,Sofa,3,33045,0.21,1989.15,South,Hyderabad,Debit Card
ORD03230,2025-02-08,CUST0808,Clothing,T-Shirt,5,213930,0.29,12577.29,West,Ahmedabad,Debit Card
ORD03231,2025-06-13,CUST0306,Electronics,Laptop,3,75081,0.15,12260.02,South,Chennai,UPI
ORD03232,2025-01-14,CUST1051,Clothing,T-Shirt,4,165304,0.26,17449.15,South,Bangalore,Net Banking
ORD03233,2025-02-16,CUST1610,Clothing,Dress,3,135822,0.26,8488.99,North,Delhi,Credit Card
ORD03234,2025-04-30,CUST0594,Furniture,Table,2,77382,0.06,14881.02,North,Lucknow,UPI
ORD03235,2025-12-04,CUST0338,Books,Textbook,1,36654,0.27,3273.49,North,Delhi,Debit Card
ORD03236,2025-05-10,CUST0182,Beauty,Face Wash,1,19001,0.28,1993.15,North,Lucknow,Credit Card
ORD03237,2025-02-14,CUST1956,Clothing,Jeans,4,4136,0.03,922.78,East,Bhubaneswar,UPI
ORD03238,2025-04-20,CUST1231,Clothing,Dress,5,235165,0.11,13338.8,South,Bangalore,Net Banking
ORD03239,2025-05-29,CUST1679,Beauty,Face Cream,5,138815,0.03,20024.39,West,Pune,Credit Card
ORD03240,2025-04-15,CUST1030,Electronics,Laptop,2,82164,0.03,15075.97,South,Chennai,UPI
ORD03241,2025-09-27,CUST1948,Clothing,T-Shirt,5,102545,0.17,7026.21,North,Jaipur,Net Banking
ORD03242,2025-03-01,CUST1689,Electronics,Laptop,4,81172,0.24,5031.29,West,Ahmedabad,Net Banking
ORD03243,2025-12-23,CUST0424,Electronics,Laptop,2,26190,0.1,5724.1,South,Chennai,UPI
ORD03244,2025-12-31,CUST1803,Beauty,Face Cream,4,130200,0.02,14045.58,South,Bangalore,UPI
ORD03245,2025-11-13,CUST0236,Beauty,Shampoo,2,91542,0.16,12506.02,North,Lucknow,Net Banking
ORD03246,2025-03-23,CUST0047,Beauty,Face Wash,1,7840,0.07,664.88,North,Jaipur,Credit Card
ORD03247,2025-09-01,CUST1577,Furniture,Table,1,32815,0.02,7360.26,East,Bhubaneswar,Cash on Delivery
ORD03248,2025-12-01,CUST0941,Furniture,Sofa,3,149178,0.21,14333.13,West,Pune,Credit Card
ORD03249,2025-12-06,CUST1019,Clothing,T-Shirt,2,16422,0.12,3136.66,West,Ahmedabad,Net Banking
ORD03250,2025-10-21,CUST1254,Electronics,Laptop,4,10120,0.29,1450.97,North,Jaipur,Cash on Delivery
ORD03251,2025-05-24,CUST0825,Clothing,T-Shirt,4,7952,0.0,1341.99,West,Pune,Net Banking
ORD03252,2025-01-15,CUST1010,Beauty,Perfume,2,33482,0.07,4429.18,South,Hyderabad,UPI
ORD03253,2025-08-04,CUST0406,Furniture,Sofa,4,19220,0.08,1055.84,North,Lucknow,Credit Card
ORD03254,2025-09-09,CUST0601,Clothing,Jeans,1,49824,0.12,9992.76,East,Kolkata,Debit Card
ORD03255,2025-10-23,CUST1010,Books,Comics,4,89832,0.18,3759.78,South,Chennai,Credit Card
ORD03256,2025-07-02,CUST0648,Clothing,Dress,3,109713,0.28,15683.26,South,Hyderabad,UPI
ORD03257,2025-05-01,CUST0878,Clothing,T-Shirt,2,41738,0.16,2910.63,West,Mumbai,Cash on Delivery
ORD03258,2025-05-04,CUST1090,Books,Comics,4,149480,0.25,9921.93,West,Mumbai,UPI
ORD03259,2025-08-04,CUST1841,Electronics,Headphones,3,87804,0.11,8771.07,South,Bangalore,Debit Card
ORD03260,2025-02-15,CUST0267,Books,Magazine,3,20817,0.12,2715.21,West,Ahmedabad,UPI
ORD03261,2025-09-04,CUST0819,Beauty,Face Cream,3,69369,0.27,8356.38,North,Jaipur,UPI
ORD03262,2025-05-18,CUST0519,Electronics,Headphones,3,2457,0.15,150.75,East,Patna,UPI
ORD03263,2025-07-14,CUST1827,Furniture,Bookshelf,1,46816,0.09,3955.02,South,Hyderabad,UPI
ORD03264,2025-04-12,CUST1798,Electronics,Mobile Phone,1,20614,0.12,1019.66,West,Mumbai,Cash on Delivery
ORD03265,2025-05-19,CUST0777,Electronics,Laptop,1,22313,0.1,3852.78,South,Bangalore,Debit Card
ORD03266,2025-04-29,CUST1024,Furniture,Chair,2,50776,0.15,4363.33,West,Ahmedabad,Cash on Delivery
ORD03267,2025-05-24,CUST0693,Electronics,Headphones,3,134535,0.08,23169.8,North,Delhi,Net Banking
ORD03268,2025-02-17,CUST1231,Furniture,Bookshelf,1,15630,0.3,2409.7,West,Mumbai,Cash on Delivery
ORD03269,2025-05-17,CUST1407,Clothing,Jeans,2,69506,0.11,10355.98,West,Mumbai,Credit Card
ORD03270,2025-01-29,CUST1930,Electronics,Mobile Phone,5,78440,0.16,11967.14,South,Bangalore,Net Banking
ORD03271,2025-10-21,CUST0175,Furniture,Bookshelf,2,34900,0.01,6676.19,North,Lucknow,Cash on Delivery
ORD03272,2025-01-10,CUST0493,Furniture,Sofa,2,54982,0.24,8697.58,North,Delhi,Debit Card
ORD03273,2025-03-30,CUST1660,Books,Textbook,4,123476,0.01,23006.47,East,Kolkata,Cash on Delivery
ORD03274,2025-07-01,CUST0523,Books,Textbook,1,20480,0.24,2627.08,East,Patna,Debit Card
ORD03275,2025-12-23,CUST0975,Books,Magazine,3,59238,0.04,3805.0,West,Ahmedabad,Debit Card
ORD03276,2025-08-01,CUST1981,Beauty,Face Cream,2,66600,0.0,3489.58,West,Pune,UPI
ORD03277,2025-06-13,CUST1199,Beauty,Face Cream,4,154032,0.2,13174.45,East,Bhubaneswar,Credit Card
ORD03278,2025-05-23,CUST1863,Clothing,Dress,2,73194,0.07,5613.17,North,Jaipur,Net Banking
ORD03279,2025-10-12,CUST1979,Books,Magazine,1,3974,0.03,202.58,North,Lucknow,UPI
ORD03280,2025-05-19,CUST1790,Clothing,Dress,4,21632,0.22,1651.55,East,Bhubaneswar,Net Banking
ORD03281,2025-05-06,CUST0642,Furniture,Table,3,35655,0.19,6590.7,North,Lucknow,Debit Card
ORD03282,2025-07-03,CUST1761,Clothing,Jeans,2,89408,0.16,10842.91,South,Bangalore,Cash on Delivery
ORD03283,2025-11-23,CUST0935,Beauty,Shampoo,2,55336,0.27,5076.53,South,Chennai,Cash on Delivery
ORD03284,2025-02-03,CUST1712,Electronics,Laptop,5,45060,0.27,6440.27,East,Patna,Net Banking
ORD03285,2025-08-02,CUST0245,Beauty,Shampoo,1,32458,0.22,1877.63,East,Kolkata,UPI
ORD03286,2025-10-26,CUST1754,Furniture,Bookshelf,4,188792,0.19,37246.69,East,Bhubaneswar,Net Banking
ORD03287,2025-09-08,CUST0436,Clothing,T-Shirt,3,35406,0.22,3048.74,West,Pune,Net Banking
ORD03288,2025-10-14,CUST1382,Books,Textbook,4,191164,0.2,37330.15,South,Chennai,Cash on Delivery
ORD03289,2025-06-24,CUST0497,Beauty,Shampoo,5,186165,0.27,23987.06,North,Jaipur,Credit Card
ORD03290,2025-03-26,CUST0832,Furniture,Sofa,5,12590,0.17,864.03,South,Chennai,Cash on Delivery
ORD03291,2025-08-09,CUST0739,Books,Novel,4,109984,0.22,6835.59,West,Ahmedabad,Credit Card
ORD03292,2025-12-09,CUST1085,Books,Comics,1,27361,0.09,5019.44,East,Bhubaneswar,Credit Card
ORD03293,2025-01-11,CUST0916,Electronics,Laptop,4,4520,0.25,677.5,North,Delhi,UPI
ORD03294,2025-12-27,CUST1565,Clothing,Shoes,5,248850,0.22,45383.18,North,Lucknow,Cash on Delivery
ORD03295,2025-09-21,CUST0481,Books,Comics,4,199252,0.21,25835.21,South,Chennai,Debit Card
ORD03296,2025-07-29,CUST1913,Books,Textbook,4,130896,0.22,16148.47,South,Hyderabad,Credit Card
ORD03297,2025-06-24,CUST0809,Books,Magazine,4,77076,0.2,6400.66,East,Kolkata,Debit Card
ORD03298,2025-11-03,CUST1045,Beauty,Face Cream,4,96488,0.2,5246.05,West,Pune,Credit Card
ORD03299,2025-01-21,CUST0397,Books,Novel,3,99489,0.14,10267.69,West,Ahmedabad,Debit Card
ORD03300,2025-04-26,CUST0120,Furniture,Chair,2,58338,0.29,5361.42,South,Chennai,Credit Card
ORD03301,2025-01-06,CUST1253,Clothing,Shoes,2,49656,0.29,3332.94,East,Bhubaneswar,UPI
ORD03302,2025-06-25,CUST0301,Beauty,Face Wash,4,61532,0.1,7561.21,North,Lucknow,Credit Card
ORD03303,2025-10-13,CUST0410,Furniture,Bookshelf,4,98492,0.04,11206.3,West,Ahmedabad,Cash on Delivery
ORD03304,2025-07-28,CUST1230,Books,Novel,3,42774,0.12,8839.26,North,Lucknow,Credit Card
ORD03305,2025-09-30,CUST1933,Clothing,Jeans,2,29454,0.3,1564.97,West,Pune,Debit Card
ORD03306,2025-06-22,CUST1538,Beauty,Face Cream,2,29718,0.15,2155.78,South,Bangalore,Net Banking
ORD03307,2025-12-24,CUST1464,Clothing,T-Shirt,2,95038,0.14,16621.53,North,Delhi,UPI
ORD03308,2025-08-17,CUST0023,Electronics,Headphones,2,33896,0.28,1386.35,South,Hyderabad,Debit Card
ORD03309,2025-09-21,CUST0432,Clothing,Jeans,1,41935,0.19,7725.79,South,Chennai,Net Banking
ORD03310,2025-10-08,CUST1282,Furniture,Table,1,8880,0.11,1164.72,West,Ahmedabad,UPI
ORD03311,2025-11-17,CUST0762,Furniture,Bookshelf,1,39326,0.16,6348.21,South,Bangalore,UPI
ORD03312,2025-12-28,CUST0731,Beauty,Perfume,1,43265,0.19,3825.42,West,Ahmedabad,Debit Card
ORD03313,2025-08-26,CUST1272,Furniture,Chair,4,176504,0.21,29046.37,North,Jaipur,Credit Card
ORD03314,2025-04-12,CUST1327,Beauty,Face Wash,2,94492,0.04,19483.33,North,Jaipur,Net Banking
ORD03315,2025-10-20,CUST0078,Beauty,Face Wash,2,69966,0.3,4538.96,South,Bangalore,Credit Card
ORD03316,2025-07-10,CUST0047,Books,Magazine,5,73830,0.2,3901.8,West,Ahmedabad,Credit Card
ORD03317,2025-12-15,CUST1403,Clothing,T-Shirt,4,92556,0.24,14481.81,East,Patna,UPI
ORD03318,2025-09-26,CUST0830,Clothing,Dress,4,115872,0.26,16916.53,North,Jaipur,UPI
ORD03319,2025-10-18,CUST1182,Beauty,Perfume,4,111456,0.14,21486.84,South,Bangalore,Net Banking
ORD03320,2025-01-01,CUST0474,Beauty,Face Cream,5,119930,0.22,6342.88,South,Hyderabad,Net Banking
ORD03321,2025-06-30,CUST1160,Furniture,Chair,4,101908,0.05,6838.13,East,Kolkata,Cash on Delivery
ORD03322,2025-11-06,CUST0527,Clothing,Shoes,5,224225,0.3,15000.5,East,Kolkata,Net Banking
ORD03323,2025-05-27,CUST0850,Furniture,Table,5,186945,0.1,34924.61,North,Delhi,Debit Card
ORD03324,2025-01-28,CUST0307,Beauty,Face Wash,4,17256,0.15,1370.54,South,Chennai,UPI
ORD03325,2025-03-27,CUST0719,Electronics,Smart Watch,4,178024,0.11,29561.87,West,Mumbai,Cash on Delivery
ORD03326,2025-10-16,CUST0438,Beauty,Face Cream,2,38366,0.28,3878.44,South,Chennai,Net Banking
ORD03327,2025-06-04,CUST1124,Electronics,Mobile Phone,1,38527,0.04,6311.34,West,Mumbai,Net Banking
ORD03328,2025-07-31,CUST0634,Beauty,Perfume,4,56492,0.29,7988.85,North,Lucknow,Debit Card
ORD03329,2025-02-16,CUST0992,Beauty,Face Cream,3,122223,0.11,25877.2,West,Ahmedabad,Cash on Delivery
ORD03330,2025-12-29,CUST1346,Electronics,Laptop,1,27686,0.09,5984.69,South,Bangalore,Debit Card
ORD03331,2025-05-20,CUST0858,Books,Novel,3,149196,0.15,12603.66,North,Jaipur,Cash on Delivery
ORD03332,2025-08-14,CUST1574,Books,Textbook,2,91264,0.29,6269.92,East,Bhubaneswar,Net Banking
ORD03333,2025-06-26,CUST1881,Electronics,Headphones,5,12325,0.2,1260.09,South,Hyderabad,UPI
ORD03334,2025-09-28,CUST1889,Books,Comics,3,147018,0.13,8712.19,West,Ahmedabad,Net Banking
ORD03335,2025-07-26,CUST1041,Books,Comics,2,35606,0.11,5426.67,West,Pune,Debit Card
ORD03336,2025-01-24,CUST1048,Books,Comics,2,98898,0.1,7117.04,North,Jaipur,Net Banking
ORD03337,2025-06-02,CUST1587,Books,Magazine,5,212140,0.05,47575.45,East,Bhubaneswar,Credit Card
ORD03338,2025-02-22,CUST1405,Furniture,Table,3,36261,0.3,2216.75,West,Ahmedabad,Debit Card
ORD03339,2025-04-18,CUST0677,Beauty,Shampoo,4,18644,0.0,2967.76,South,Hyderabad,Debit Card
ORD03340,2025-09-02,CUST0825,Beauty,Face Wash,1,20138,0.18,1019.19,West,Pune,Debit Card
ORD03341,2025-08-07,CUST0167,Beauty,Face Wash,5,42645,0.2,7719.36,West,Pune,Credit Card
ORD03342,2025-12-24,CUST0642,Clothing,T-Shirt,2,96292,0.17,14874.82,East,Kolkata,Debit Card
ORD03343,2025-06-04,CUST0252,Books,Magazine,5,211830,0.01,43528.97,North,Lucknow,Debit Card
ORD03344,2025-12-05,CUST0822,Books,Comics,3,27258,0.25,2723.01,South,Chennai,UPI
ORD03345,2025-09-04,CUST0396,Electronics,Smart Watch,1,2198,0.05,245.87,East,Bhubaneswar,Net Banking
ORD03346,2025-02-18,CUST1973,Electronics,Laptop,2,39574,0.24,6653.77,North,Delhi,Net Banking
ORD03347,2025-10-24,CUST0238,Electronics,Headphones,1,39673,0.09,5907.83,North,Jaipur,Credit Card
ORD03348,2025-10-31,CUST0456,Beauty,Face Wash,3,25251,0.17,3864.06,North,Jaipur,Net Banking
ORD03349,2025-10-02,CUST0024,Beauty,Perfume,4,175084,0.15,21818.03,North,Lucknow,Debit Card
ORD03350,2025-10-13,CUST1858,Books,Comics,2,99462,0.25,18026.3,South,Hyderabad,Debit Card
ORD03351,2025-04-17,CUST1665,Electronics,Mobile Phone,4,23948,0.05,3826.61,North,Lucknow,Credit Card
ORD03352,2025-05-16,CUST0085,Electronics,Smart Watch,3,33585,0.29,1393.0,East,Patna,UPI
ORD03353,2025-03-21,CUST1468,Clothing,Shoes,4,97212,0.16,9778.66,North,Jaipur,Cash on Delivery
ORD03354,2025-04-03,CUST1854,Furniture,Sofa,1,4975,0.21,901.05,West,Pune,Cash on Delivery
ORD03355,2025-02-07,CUST0880,Clothing,T-Shirt,4,157164,0.3,13655.0,South,Chennai,Debit Card
ORD03356,2025-02-02,CUST1111,Beauty,Shampoo,1,36831,0.13,6930.65,South,Chennai,UPI
ORD03357,2025-04-04,CUST0665,Electronics,Smart Watch,5,201955,0.28,12960.68,South,Hyderabad,Debit Card
ORD03358,2025-12-06,CUST0699,Books,Magazine,4,41488,0.07,8030.94,South,Chennai,Net Banking
ORD03359,2025-10-08,CUST0100,Beauty,Shampoo,4,168004,0.03,33010.29,North,Lucknow,Debit Card
ORD03360,2025-04-22,CUST1624,Furniture,Sofa,1,4766,0.04,273.56,East,Kolkata,Cash on Delivery
ORD03361,2025-05-10,CUST0523,Electronics,Laptop,1,45656,0.27,6790.29,West,Pune,Cash on Delivery
ORD03362,2025-05-01,CUST0560,Electronics,Laptop,3,8997,0.24,1096.51,West,Mumbai,Cash on Delivery
ORD03363,2025-10-30,CUST1393,Books,Textbook,5,117970,0.01,15274.77,East,Bhubaneswar,Debit Card
ORD03364,2025-10-13,CUST0452,Books,Novel,4,70752,0.1,8688.04,West,Mumbai,Net Banking
ORD03365,2025-06-06,CUST0294,Books,Textbook,3,29349,0.18,2523.0,North,Jaipur,Net Banking
ORD03366,2025-12-12,CUST1559,Electronics,Headphones,4,115004,0.05,23991.52,East,Bhubaneswar,Net Banking
ORD03367,2025-04-10,CUST0092,Furniture,Bookshelf,5,30540,0.26,4774.94,West,Pune,UPI
ORD03368,2025-05-31,CUST1377,Beauty,Face Wash,5,208940,0.12,26455.3,West,Mumbai,Cash on Delivery
ORD03369,2025-07-18,CUST0174,Books,Textbook,4,35940,0.18,4102.28,North,Delhi,UPI
ORD03370,2025-06-07,CUST1223,Beauty,Perfume,5,133250,0.13,23602.69,South,Hyderabad,Net Banking
ORD03371,2025-09-05,CUST1333,Clothing,Dress,5,209370,0.3,27117.01,West,Ahmedabad,UPI
ORD03372,2025-06-01,CUST0092,Electronics,Mobile Phone,2,66226,0.22,11070.15,East,Bhubaneswar,Credit Card
ORD03373,2025-03-17,CUST0561,Electronics,Headphones,2,12368,0.22,766.97,West,Mumbai,Credit Card
ORD03374,2025-09-25,CUST1716,Clothing,Dress,4,10872,0.0,1241.65,South,Bangalore,Net Banking
ORD03375,2025-06-23,CUST1583,Furniture,Bookshelf,2,15154,0.11,2965.06,North,Jaipur,Credit Card
ORD03376,2025-05-20,CUST0761,Electronics,Headphones,2,12488,0.06,866.38,South,Bangalore,Cash on Delivery
ORD03377,2025-12-31,CUST0254,Electronics,Headphones,2,32744,0.04,6133.46,South,Bangalore,UPI
ORD03378,2025-02-25,CUST1624,Books,Novel,3,52251,0.27,3632.92,South,Hyderabad,Debit Card
ORD03379,2025-04-11,CUST1395,Electronics,Headphones,4,136216,0.07,23934.24,North,Lucknow,Cash on Delivery
ORD03380,2025-09-29,CUST0302,Beauty,Face Cream,2,13670,0.28,1332.83,East,Kolkata,Credit Card
ORD03381,2025-09-15,CUST0224,Electronics,Smart Watch,5,225795,0.27,25286.46,West,Ahmedabad,UPI
ORD03382,2025-11-12,CUST1546,Electronics,Mobile Phone,2,54528,0.1,6999.73,South,Bangalore,Cash on Delivery
ORD03383,2025-06-27,CUST1776,Clothing,Dress,4,120396,0.29,17545.9,East,Patna,Credit Card
ORD03384,2025-09-10,CUST1688,Beauty,Face Cream,5,177210,0.04,33989.8,East,Patna,Credit Card
ORD03385,2025-03-01,CUST0139,Furniture,Table,2,17810,0.19,1305.85,East,Patna,Cash on Delivery
ORD03386,2025-10-11,CUST1508,Books,Comics,1,16853,0.08,1908.71,North,Jaipur,Net Banking
ORD03387,2025-07-13,CUST1452,Clothing,Shoes,3,88278,0.12,10645.1,South,Chennai,UPI
ORD03388,2025-02-10,CUST1481,Books,Comics,3,140454,0.21,16656.09,West,Pune,Credit Card
ORD03389,2025-07-19,CUST1138,Electronics,Mobile Phone,1,45327,0.25,3162.57,East,Kolkata,Debit Card
ORD03390,2025-01-18,CUST0985,Books,Comics,2,52920,0.04,9212.32,North,Jaipur,Debit Card
ORD03391,2025-07-18,CUST0168,Electronics,Headphones,1,42152,0.25,1676.97,East,Kolkata,Debit Card
ORD03392,2025-08-25,CUST0639,Furniture,Table,5,127655,0.28,11075.85,South,Hyderabad,Debit Card
ORD03393,2025-07-05,CUST0465,Clothing,Jeans,5,159400,0.03,11518.48,North,Lucknow,Credit Card
ORD03394,2025-02-17,CUST0052,Clothing,Dress,5,144100,0.25,15506.67,West,Mumbai,UPI
ORD03395,2025-12-31,CUST1112,Clothing,Dress,3,119415,0.18,12030.42,South,Bangalore,Debit Card
ORD03396,2025-09-01,CUST1049,Books,Magazine,5,174035,0.15,32185.65,North,Lucknow,Cash on Delivery
ORD03397,2025-04-22,CUST0935,Electronics,Smart Watch,5,196080,0.05,31927.87,North,Jaipur,Cash on Delivery
ORD03398,2025-03-02,CUST0329,Clothing,Jeans,5,17255,0.29,1128.7,West,Pune,Credit Card
ORD03399,2025-05-29,CUST0923,Clothing,Jeans,5,15920,0.28,1579.45,East,Bhubaneswar,Credit Card
ORD03400,2025-09-12,CUST0524,Electronics,Headphones,5,154320,0.09,20266.99,South,Bangalore,UPI
ORD03401,2025-06-30,CUST0824,Beauty,Shampoo,4,109772,0.26,20015.63,South,Bangalore,UPI
ORD03402,2025-03-21,CUST0247,Electronics,Mobile Phone,2,22240,0.26,2631.98,West,Ahmedabad,Credit Card
ORD03403,2025-03-26,CUST0985,Books,Comics,2,66986,0.12,14246.32,North,Lucknow,Net Banking
ORD03404,2025-04-12,CUST1742,Furniture,Bookshelf,3,140760,0.24,18158.31,South,Bangalore,UPI
ORD03405,2025-07-25,CUST1352,Furniture,Table,2,87802,0.23,15551.55,West,Ahmedabad,Cash on Delivery
ORD03406,2025-05-16,CUST0422,Electronics,Headphones,1,12408,0.06,2107.44,East,Kolkata,Debit Card
ORD03407,2025-08-10,CUST0720,Books,Textbook,5,218055,0.09,44059.95,North,Delhi,UPI
ORD03408,2025-12-16,CUST0181,Clothing,Dress,1,25980,0.22,2908.68,South,Chennai,Cash on Delivery
ORD03409,2025-12-19,CUST0842,Electronics,Headphones,3,124560,0.28,6185.4,South,Bangalore,Debit Card
ORD03410,2025-05-13,CUST0342,Books,Textbook,5,207435,0.21,26964.3,East,Patna,UPI
ORD03411,2025-04-10,CUST1863,Books,Comics,2,14684,0.06,3045.41,West,Ahmedabad,Cash on Delivery
ORD03412,2025-09-07,CUST0750,Furniture,Bookshelf,4,122904,0.13,15875.82,South,Bangalore,Net Banking
ORD03413,2025-11-01,CUST0150,Clothing,Dress,2,41448,0.03,4075.45,West,Mumbai,Net Banking
ORD03414,2025-03-08,CUST0394,Furniture,Chair,5,100075,0.05,19710.61,North,Lucknow,Credit Card
ORD03415,2025-02-08,CUST0168,Books,Novel,1,24310,0.26,1018.77,West,Pune,Credit Card
ORD03416,2025-04-12,CUST0846,Books,Novel,5,2570,0.09,202.73,East,Bhubaneswar,Debit Card
ORD03417,2025-09-26,CUST1948,Beauty,Face Cream,5,200320,0.0,10117.59,North,Jaipur,Cash on Delivery
ORD03418,2025-12-04,CUST1235,Electronics,Mobile Phone,5,8575,0.09,1371.56,East,Bhubaneswar,Net Banking
ORD03419,2025-11-10,CUST1923,Electronics,Headphones,5,219250,0.28,19935.2,West,Mumbai,Net Banking
ORD03420,2025-07-21,CUST0243,Beauty,Perfume,4,49580,0.29,5871.89,South,Bangalore,UPI
ORD03421,2025-07-06,CUST1043,Clothing,Jeans,4,82096,0.07,6466.04,West,Mumbai,Cash on Delivery
ORD03422,2025-11-27,CUST0746,Books,Magazine,3,123483,0.3,6112.18,South,Bangalore,Debit Card
ORD03423,2025-06-07,CUST1389,Beauty,Face Cream,4,3864,0.04,690.91,South,Bangalore,Net Banking
ORD03424,2025-10-28,CUST0869,Electronics,Mobile Phone,2,96702,0.25,9627.3,West,Mumbai,Net Banking
ORD03425,2025-04-13,CUST1929,Furniture,Bookshelf,1,34824,0.1,5359.1,West,Mumbai,Debit Card
ORD03426,2025-07-30,CUST0561,Books,Magazine,3,43284,0.28,7266.35,West,Ahmedabad,Debit Card
ORD03427,2025-12-03,CUST0869,Beauty,Shampoo,2,20710,0.15,3836.36,South,Bangalore,Debit Card
ORD03428,2025-07-17,CUST1268,Books,Magazine,3,103389,0.13,17835.27,East,Patna,Debit Card
ORD03429,2025-05-03,CUST0564,Books,Textbook,1,23363,0.11,3652.75,West,Ahmedabad,Cash on Delivery
ORD03430,2025-08-15,CUST1015,Furniture,Table,2,34184,0.01,4159.51,North,Lucknow,Credit Card
ORD03431,2025-11-25,CUST1278,Books,Novel,5,202755,0.12,40270.21,East,Patna,Debit Card
ORD03432,2025-09-04,CUST1076,Furniture,Sofa,3,56481,0.17,11174.59,South,Bangalore,UPI
ORD03433,2025-04-06,CUST1478,Furniture,Chair,5,124355,0.28,14869.1,South,Chennai,Net Banking
ORD03434,2025-12-23,CUST1882,Electronics,Smart Watch,4,81412,0.29,8957.79,West,Ahmedabad,Debit Card
ORD03435,2025-02-14,CUST0721,Electronics,Mobile Phone,2,8256,0.29,1319.45,South,Bangalore,UPI
ORD03436,2025-03-14,CUST0835,Beauty,Face Cream,3,7263,0.09,391.13,South,Hyderabad,Debit Card
ORD03437,2025-07-22,CUST0957,Books,Comics,5,144015,0.06,30888.38,West,Ahmedabad,Debit Card
ORD03438,2025-03-11,CUST1851,Beauty,Face Wash,1,16729,0.07,3444.88,West,Pune,Cash on Delivery
ORD03439,2025-10-22,CUST0581,Clothing,Shoes,3,118410,0.04,6904.21,East,Kolkata,UPI
ORD03440,2025-02-26,CUST1397,Electronics,Laptop,4,116348,0.01,24285.37,North,Delhi,Net Banking
ORD03441,2025-10-17,CUST1299,Furniture,Sofa,5,88470,0.18,10322.98,West,Pune,Cash on Delivery
ORD03442,2025-06-14,CUST0916,Clothing,Jeans,4,24856,0.08,2126.51,South,Chennai,Debit Card
ORD03443,2025-12-18,CUST0376,Furniture,Bookshelf,1,23040,0.2,3754.72,South,Bangalore,Cash on Delivery
ORD03444,2025-08-29,CUST0124,Electronics,Smart Watch,4,140372,0.14,16483.42,West,Mumbai,Cash on Delivery
ORD03445,2025-02-18,CUST1767,Electronics,Laptop,2,32346,0.26,3107.51,South,Hyderabad,Credit Card
ORD03446,2025-10-29,CUST1067,Books,Novel,4,123036,0.08,19202.57,South,Chennai,Debit Card
ORD03447,2025-12-22,CUST1035,Electronics,Smart Watch,4,133212,0.13,13547.27,South,Bangalore,UPI
ORD03448,2025-08-07,CUST0548,Beauty,Shampoo,4,170080,0.11,34405.09,North,Lucknow,UPI
ORD03449,2025-09-29,CUST1497,Beauty,Shampoo,2,71496,0.2,6307.56,West,Ahmedabad,Debit Card
ORD03450,2025-04-20,CUST0887,Books,Comics,3,103251,0.25,9312.25,North,Delhi,Debit Card
ORD03451,2025-11-11,CUST0021,Furniture,Sofa,5,44865,0.14,5896.18,East,Bhubaneswar,Credit Card
ORD03452,2025-08-08,CUST1009,Electronics,Mobile Phone,4,69192,0.07,15420.79,South,Hyderabad,Net Banking
ORD03453,2025-06-11,CUST1521,Furniture,Table,1,36598,0.17,4997.13,East,Bhubaneswar,Net Banking
ORD03454,2025-01-03,CUST1731,Clothing,T-Shirt,1,30723,0.19,3094.49,South,Chennai,Debit Card
ORD03455,2025-01-20,CUST1842,Clothing,Shoes,3,32751,0.06,7155.15,North,Delhi,Credit Card
ORD03456,2025-03-26,CUST1865,Books,Magazine,2,3794,0.29,577.82,West,Mumbai,Credit Card
ORD03457,2025-10-31,CUST0241,Furniture,Bookshelf,1,16544,0.01,2775.32,East,Bhubaneswar,Debit Card
ORD03458,2025-03-16,CUST1775,Furniture,Sofa,4,56648,0.28,2249.43,South,Hyderabad,Net Banking
ORD03459,2025-02-10,CUST1361,Furniture,Chair,3,2358,0.01,176.49,North,Lucknow,Net Banking
ORD03460,2025-12-21,CUST0067,Clothing,T-Shirt,2,8270,0.09,1692.51,West,Ahmedabad,Net Banking
ORD03461,2025-09-22,CUST0736,Clothing,T-Shirt,5,96830,0.21,7152.57,East,Bhubaneswar,Cash on Delivery
ORD03462,2025-06-18,CUST1307,Beauty,Perfume,5,247755,0.05,50887.7,South,Hyderabad,Debit Card
ORD03463,2025-04-07,CUST1567,Clothing,T-Shirt,5,53880,0.15,10163.15,East,Kolkata,Net Banking
ORD03464,2025-06-25,CUST0379,Clothing,Shoes,5,118835,0.26,6128.68,East,Kolkata,Debit Card
ORD03465,2025-06-23,CUST1212,Furniture,Bookshelf,5,219220,0.22,20058.8,West,Ahmedabad,UPI
ORD03466,2025-06-18,CUST1731,Clothing,T-Shirt,4,192820,0.22,32503.43,North,Lucknow,Debit Card
ORD03467,2025-09-20,CUST1136,Furniture,Bookshelf,3,4428,0.25,672.31,West,Mumbai,Debit Card
ORD03468,2025-05-28,CUST0834,Books,Novel,1,33950,0.17,5096.97,East,Patna,Debit Card
ORD03469,2025-06-30,CUST1232,Electronics,Smart Watch,4,110256,0.18,11050.12,East,Kolkata,Credit Card
ORD03470,2025-08-13,CUST1590,Furniture,Table,5,235740,0.04,18219.95,North,Delhi,Debit Card
ORD03471,2025-04-03,CUST0758,Furniture,Bookshelf,4,131276,0.08,19913.78,West,Ahmedabad,Debit Card
ORD03472,2025-05-08,CUST0989,Electronics,Smart Watch,4,40896,0.26,5971.87,South,Hyderabad,Net Banking
ORD03473,2025-07-06,CUST1229,Beauty,Shampoo,1,47076,0.09,4977.34,North,Jaipur,Debit Card
ORD03474,2025-08-07,CUST0272,Books,Textbook,3,142983,0.25,7625.06,West,Pune,Credit Card
ORD03475,2025-04-24,CUST0704,Books,Textbook,4,32776,0.05,3823.73,West,Ahmedabad,UPI
ORD03476,2025-06-04,CUST0254,Clothing,Shoes,3,124194,0.22,5246.97,West,Pune,Credit Card
ORD03477,2025-05-25,CUST1674,Clothing,Shoes,4,106148,0.11,19938.62,South,Hyderabad,Debit Card
ORD03478,2025-05-25,CUST1967,Electronics,Smart Watch,4,168976,0.25,7753.01,East,Kolkata,Debit Card
ORD03479,2025-07-06,CUST1892,Furniture,Chair,3,123885,0.29,20014.57,East,Bhubaneswar,Cash on Delivery
ORD03480,2025-12-03,CUST0991,Clothing,T-Shirt,2,27678,0.11,6010.99,West,Ahmedabad,Cash on Delivery
ORD03481,2025-08-02,CUST1555,Beauty,Shampoo,3,147738,0.17,6866.11,East,Kolkata,UPI
ORD03482,2025-10-14,CUST0658,Furniture,Chair,1,24784,0.27,3366.95,North,Jaipur,Credit Card
ORD03483,2025-11-12,CUST1397,Electronics,Mobile Phone,4,147748,0.12,7702.95,South,Chennai,Credit Card
ORD03484,2025-11-27,CUST1392,Electronics,Mobile Phone,5,172120,0.29,19462.93,North,Lucknow,UPI
ORD03485,2025-07-09,CUST1723,Electronics,Laptop,5,67020,0.18,3768.19,East,Bhubaneswar,Credit Card
ORD03486,2025-12-18,CUST1389,Clothing,T-Shirt,3,11031,0.01,2092.76,South,Bangalore,Credit Card
ORD03487,2025-12-09,CUST1822,Clothing,Shoes,5,16445,0.06,780.46,South,Bangalore,Credit Card
ORD03488,2025-06-02,CUST0581,Books,Magazine,1,37173,0.16,2880.57,South,Hyderabad,Cash on Delivery
ORD03489,2025-03-11,CUST1514,Books,Novel,4,107952,0.07,22728.91,West,Pune,UPI
ORD03490,2025-07-27,CUST0891,Books,Comics,1,12663,0.09,2288.21,East,Patna,Debit Card
ORD03491,2025-08-26,CUST1328,Beauty,Face Wash,4,82464,0.08,4248.33,South,Hyderabad,Net Banking
ORD03492,2025-11-30,CUST0671,Clothing,Jeans,4,108552,0.07,17038.57,West,Ahmedabad,Net Banking
ORD03493,2025-09-27,CUST0914,Electronics,Mobile Phone,3,121308,0.17,11298.94,West,Pune,UPI
ORD03494,2025-02-17,CUST1660,Furniture,Table,2,75584,0.18,7251.03,West,Ahmedabad,Debit Card
ORD03495,2025-03-20,CUST1284,Furniture,Bookshelf,2,26688,0.18,1139.01,West,Pune,Cash on Delivery
ORD03496,2025-09-23,CUST0131,Books,Novel,5,129835,0.12,20969.68,West,Pune,UPI
ORD03497,2025-11-27,CUST0280,Books,Comics,2,32848,0.2,4729.73,South,Hyderabad,Debit Card
ORD03498,2025-12-28,CUST1143,Beauty,Perfume,1,15347,0.14,1268.11,South,Chennai,Debit Card
ORD03499,2025-09-24,CUST1974,Electronics,Mobile Phone,5,138050,0.15,12926.49,North,Delhi,Debit Card
ORD03500,2025-06-16,CUST1384,Beauty,Face Cream,3,65958,0.18,10130.07,North,Jaipur,Cash on Delivery
ORD03501,2025-06-30,CUST0691,Beauty,Face Wash,4,149224,0.2,7260.92,West,Ahmedabad,UPI
ORD03502,2025-05-16,CUST0440,Clothing,Shoes,4,70452,0.19,13589.03,West,Ahmedabad,Cash on Delivery
ORD03503,2025-07-01,CUST0396,Clothing,Jeans,3,82320,0.03,19357.79,West,Mumbai,Debit Card
ORD03504,2025-08-09,CUST0908,Furniture,Chair,3,31173,0.03,5654.46,North,Delhi,Debit Card
ORD03505,2025-02-17,CUST1171,Beauty,Shampoo,1,16855,0.1,2674.6,East,Kolkata,Net Banking
ORD03506,2025-10-08,CUST0655,Furniture,Sofa,3,124839,0.03,11474.81,East,Bhubaneswar,UPI
ORD03507,2025-09-01,CUST1842,Books,Novel,2,25352,0.21,3007.03,East,Kolkata,Cash on Delivery
ORD03508,2025-03-07,CUST0425,Beauty,Face Cream,5,229200,0.21,37278.84,South,Bangalore,Credit Card
ORD03509,2025-02-09,CUST1509,Books,Novel,1,49257,0.24,6480.82,North,Jaipur,Cash on Delivery
ORD03510,2025-08-24,CUST1844,Electronics,Laptop,2,80054,0.02,8116.29,East,Kolkata,Debit Card
ORD03511,2025-01-10,CUST1441,Books,Magazine,5,9355,0.1,644.44,East,Patna,Credit Card
ORD03512,2025-04-10,CUST0092,Furniture,Bookshelf,3,43881,0.09,9824.1,North,Delhi,Debit Card
ORD03513,2025-01-06,CUST1220,Electronics,Mobile Phone,3,25779,0.07,3251.45,West,Ahmedabad,Credit Card
ORD03514,2025-04-13,CUST1686,Clothing,T-Shirt,5,151845,0.09,29116.41,West,Ahmedabad,Cash on Delivery
ORD03515,2025-03-06,CUST0909,Electronics,Headphones,2,6730,0.09,407.49,West,Mumbai,Debit Card
ORD03516,2025-03-31,CUST0454,Clothing,T-Shirt,4,109800,0.11,21614.03,South,Bangalore,Credit Card
ORD03517,2025-05-09,CUST0930,Beauty,Shampoo,3,101805,0.01,20416.11,West,Pune,Debit Card
ORD03518,2025-07-27,CUST1289,Furniture,Table,4,38396,0.27,5182.31,South,Bangalore,Cash on Delivery
ORD03519,2025-07-02,CUST1851,Electronics,Smart Watch,3,23664,0.0,5391.89,West,Ahmedabad,Cash on Delivery
ORD03520,2025-02-06,CUST1990,Books,Magazine,5,3395,0.1,737.56,North,Jaipur,Credit Card
ORD03521,2025-07-06,CUST1638,Electronics,Laptop,5,68890,0.24,12794.22,West,Pune,Credit Card
ORD03522,2025-12-25,CUST0655,Books,Comics,3,55101,0.16,9109.56,South,Chennai,UPI
ORD03523,2025-02-25,CUST1447,Beauty,Face Wash,4,154484,0.09,11113.73,West,Mumbai,Net Banking
ORD03524,2025-09-28,CUST1606,Clothing,T-Shirt,2,52896,0.21,5534.92,South,Bangalore,Debit Card
ORD03525,2025-02-03,CUST0662,Furniture,Sofa,1,20461,0.02,4109.87,North,Delhi,Debit Card
ORD03526,2025-07-06,CUST1482,Books,Novel,1,40266,0.07,4002.62,East,Kolkata,Credit Card
ORD03527,2025-12-25,CUST0620,Clothing,Shoes,1,21190,0.14,3725.76,South,Chennai,Credit Card
ORD03528,2025-05-15,CUST0478,Beauty,Shampoo,5,94840,0.04,18592.93,North,Lucknow,Cash on Delivery
ORD03529,2025-08-14,CUST0126,Beauty,Shampoo,4,4808,0.25,718.81,South,Chennai,UPI
ORD03530,2025-10-17,CUST1526,Clothing,Dress,2,28808,0.28,3640.54,South,Hyderabad,Cash on Delivery
ORD03531,2025-07-11,CUST0076,Electronics,Mobile Phone,5,38030,0.14,5593.54,East,Bhubaneswar,Debit Card
ORD03532,2025-12-26,CUST0142,Books,Novel,2,91362,0.23,6879.82,West,Ahmedabad,UPI
ORD03533,2025-02-07,CUST1000,Furniture,Table,5,182130,0.06,33126.75,North,Jaipur,Net Banking
ORD03534,2025-05-12,CUST1481,Clothing,Shoes,4,9320,0.16,1508.43,East,Patna,Debit Card
ORD03535,2025-06-21,CUST1170,Electronics,Mobile Phone,3,71283,0.25,13142.27,East,Patna,Credit Card
ORD03536,2025-05-14,CUST0803,Furniture,Bookshelf,4,102188,0.26,3882.38,North,Lucknow,Credit Card
ORD03537,2025-02-26,CUST1190,Electronics,Mobile Phone,2,86530,0.28,5386.44,East,Bhubaneswar,Credit Card
ORD03538,2025-10-15,CUST0894,Beauty,Shampoo,4,195884,0.25,9251.25,South,Hyderabad,Net Banking
ORD03539,2025-02-04,CUST1208,Electronics,Laptop,2,58148,0.25,7306.02,North,Lucknow,Debit Card
ORD03540,2025-03-11,CUST1024,Books,Novel,4,14832,0.01,1310.68,North,Lucknow,Cash on Delivery
ORD03541,2025-09-11,CUST1608,Clothing,T-Shirt,5,153830,0.14,19604.55,East,Patna,UPI
ORD03542,2025-02-23,CUST1154,Electronics,Headphones,4,134780,0.04,31282.28,West,Mumbai,Debit Card
ORD03543,2025-11-01,CUST0742,Beauty,Perfume,1,32668,0.13,5034.75,East,Bhubaneswar,Cash on Delivery
ORD03544,2025-03-03,CUST1989,Books,Novel,1,23706,0.26,4040.3,South,Chennai,Credit Card
ORD03545,2025-09-29,CUST1603,Furniture,Bookshelf,5,244500,0.2,40961.79,South,Hyderabad,Net Banking
ORD03546,2025-05-17,CUST1801,Clothing,Dress,4,95564,0.03,13292.31,North,Delhi,Net Banking
ORD03547,2025-09-08,CUST1489,Beauty,Perfume,5,42030,0.17,6843.18,South,Bangalore,Cash on Delivery
ORD03548,2025-11-11,CUST1902,Furniture,Bookshelf,4,161176,0.07,33375.82,East,Bhubaneswar,Net Banking
ORD03549,2025-08-29,CUST1540,Furniture,Table,2,49868,0.12,7273.21,South,Hyderabad,UPI
ORD03550,2025-05-11,CUST0873,Clothing,Dress,1,40584,0.06,7225.63,South,Chennai,Net Banking
ORD03551,2025-10-27,CUST1179,Electronics,Smart Watch,1,38335,0.03,4984.48,West,Pune,Credit Card
ORD03552,2025-10-12,CUST0980,Clothing,Dress,1,14451,0.19,1159.56,South,Hyderabad,Net Banking
ORD03553,2025-09-02,CUST0766,Clothing,T-Shirt,4,141032,0.04,28373.63,East,Patna,Credit Card
ORD03554,2025-12-12,CUST0567,Clothing,Dress,4,182760,0.05,13394.99,East,Kolkata,Net Banking
ORD03555,2025-10-30,CUST1751,Beauty,Face Wash,1,7953,0.06,609.49,West,Ahmedabad,Net Banking
ORD03556,2025-03-07,CUST0282,Clothing,Dress,4,62488,0.17,4306.9,East,Kolkata,Net Banking
ORD03557,2025-01-05,CUST1625,Clothing,T-Shirt,4,135872,0.13,27321.93,West,Ahmedabad,Credit Card
ORD03558,2025-12-05,CUST1014,Books,Textbook,1,21226,0.1,2798.1,West,Pune,Cash on Delivery
ORD03559,2025-04-19,CUST0619,Books,Novel,2,10720,0.27,1438.84,West,Pune,Debit Card
ORD03560,2025-01-17,CUST1756,Clothing,Dress,1,5002,0.21,588.75,South,Hyderabad,Net Banking
ORD03561,2025-04-07,CUST0780,Clothing,Shoes,5,91520,0.15,15295.04,South,Chennai,Net Banking
ORD03562,2025-02-21,CUST0834,Furniture,Bookshelf,2,81190,0.08,6714.57,East,Bhubaneswar,Net Banking
ORD03563,2025-05-20,CUST0467,Beauty,Perfume,5,105855,0.1,12380.0,North,Lucknow,Net Banking
ORD03564,2025-10-31,CUST0971,Furniture,Table,1,1525,0.09,307.56,North,Delhi,Debit Card
ORD03565,2025-02-24,CUST1743,Books,Comics,5,51735,0.03,12121.43,East,Bhubaneswar,Net Banking
ORD03566,2025-06-14,CUST0431,Electronics,Mobile Phone,2,83268,0.18,8462.74,North,Delhi,Net Banking
ORD03567,2025-06-03,CUST0939,Furniture,Sofa,3,142395,0.15,26751.11,North,Delhi,Debit Card
ORD03568,2025-06-21,CUST1861,Beauty,Shampoo,3,136590,0.05,11350.84,North,Jaipur,Debit Card
ORD03569,2025-05-09,CUST1625,Furniture,Bookshelf,2,17178,0.25,1524.59,South,Chennai,Cash on Delivery
ORD03570,2025-02-12,CUST1538,Books,Comics,2,75660,0.09,10192.52,South,Hyderabad,Cash on Delivery
ORD03571,2025-11-16,CUST1897,Clothing,Dress,4,102404,0.27,17467.63,South,Bangalore,Debit Card
ORD03572,2025-10-20,CUST1077,Furniture,Bookshelf,1,27836,0.02,5681.78,North,Lucknow,UPI
ORD03573,2025-11-20,CUST1562,Electronics,Mobile Phone,4,51776,0.1,3024.78,East,Kolkata,UPI
ORD03574,2025-02-04,CUST0785,Clothing,T-Shirt,3,125973,0.03,14368.87,South,Chennai,Net Banking
ORD03575,2025-05-19,CUST0250,Electronics,Headphones,1,35154,0.22,6346.93,West,Pune,Credit Card
ORD03576,2025-06-24,CUST1926,Clothing,Jeans,3,145182,0.24,8616.95,West,Pune,Net Banking
ORD03577,2025-02-20,CUST1366,Electronics,Headphones,3,110010,0.03,19139.39,West,Ahmedabad,Debit Card
ORD03578,2025-04-02,CUST0349,Beauty,Face Cream,3,36432,0.22,3148.7,North,Lucknow,UPI
ORD03579,2025-05-19,CUST1032,Books,Novel,3,32961,0.17,6349.64,North,Lucknow,UPI
ORD03580,2025-12-22,CUST1441,Furniture,Sofa,1,14681,0.24,2703.43,East,Kolkata,Cash on Delivery
ORD03581,2025-03-03,CUST1698,Books,Comics,2,55026,0.1,2532.84,North,Jaipur,Credit Card
ORD03582,2025-11-28,CUST0620,Electronics,Laptop,1,10471,0.02,2364.62,West,Pune,Debit Card
ORD03583,2025-03-17,CUST0949,Beauty,Perfume,5,99915,0.16,15795.89,West,Pune,Credit Card
ORD03584,2025-11-07,CUST1949,Books,Novel,4,121816,0.27,10261.11,South,Hyderabad,UPI
ORD03585,2025-04-08,CUST1630,Beauty,Face Wash,5,43050,0.3,7332.83,East,Patna,Credit Card
ORD03586,2025-04-22,CUST0210,Electronics,Laptop,2,9078,0.16,1727.44,North,Delhi,Debit Card
ORD03587,2025-01-07,CUST1490,Beauty,Face Cream,2,72190,0.08,12821.58,South,Bangalore,Credit Card
ORD03588,2025-03-22,CUST0021,Clothing,Dress,4,126940,0.25,16750.98,West,Mumbai,Credit Card
ORD03589,2025-08-18,CUST0971,Furniture,Chair,2,71372,0.13,13037.7,East,Kolkata,Cash on Delivery
ORD03590,2025-12-05,CUST1209,Electronics,Headphones,2,86434,0.3,14323.13,South,Hyderabad,Net Banking
ORD03591,2025-09-13,CUST0997,Beauty,Perfume,3,11685,0.29,1577.63,West,Pune,Credit Card
ORD03592,2025-01-27,CUST0042,Electronics,Laptop,3,36588,0.24,6077.68,West,Ahmedabad,Credit Card
ORD03593,2025-11-03,CUST1464,Clothing,T-Shirt,1,45583,0.2,7686.36,East,Kolkata,Cash on Delivery
ORD03594,2025-02-03,CUST0895,Clothing,Dress,3,55863,0.05,6329.7,West,Mumbai,Net Banking
ORD03595,2025-04-30,CUST1190,Books,Comics,4,199248,0.22,31189.61,South,Bangalore,Net Banking
ORD03596,2025-10-23,CUST0391,Furniture,Chair,1,36632,0.05,8198.32,South,Hyderabad,Cash on Delivery
ORD03597,2025-01-21,CUST0562,Clothing,Jeans,4,137256,0.01,30835.73,West,Ahmedabad,Credit Card
ORD03598,2025-10-24,CUST0482,Clothing,Dress,2,11364,0.16,1626.76,West,Ahmedabad,UPI
ORD03599,2025-12-29,CUST0958,Electronics,Mobile Phone,1,43150,0.06,4051.61,South,Hyderabad,UPI
ORD03600,2025-10-13,CUST1130,Furniture,Sofa,1,32980,0.14,1452.91,West,Ahmedabad,Debit Card
ORD03601,2025-08-01,CUST0257,Books,Textbook,3,91164,0.11,10809.72,West,Mumbai,UPI
ORD03602,2025-10-10,CUST0573,Clothing,T-Shirt,3,15843,0.18,2788.46,East,Patna,Debit Card
ORD03603,2025-04-07,CUST1450,Furniture,Chair,5,111555,0.1,8958.54,South,Bangalore,UPI
ORD03604,2025-07-01,CUST0225,Furniture,Sofa,1,38631,0.12,6183.38,East,Bhubaneswar,UPI
ORD03605,2025-08-08,CUST0470,Electronics,Mobile Phone,3,22587,0.2,4435.46,West,Pune,Cash on Delivery
ORD03606,2025-03-14,CUST0289,Furniture,Sofa,1,17002,0.02,1624.04,East,Patna,Credit Card
ORD03607,2025-01-21,CUST1453,Furniture,Chair,4,133680,0.24,14551.14,West,Ahmedabad,Credit Card
ORD03608,2025-09-27,CUST1672,Clothing,Jeans,5,28770,0.13,5691.01,North,Delhi,Net Banking
ORD03609,2025-03-13,CUST1955,Books,Comics,4,196436,0.2,31402.33,East,Bhubaneswar,UPI
ORD03610,2025-09-12,CUST1826,Electronics,Smart Watch,3,115794,0.13,20297.66,West,Ahmedabad,Credit Card
ORD03611,2025-01-09,CUST1096,Electronics,Laptop,2,32274,0.3,1604.72,East,Patna,Net Banking
ORD03612,2025-10-25,CUST1820,Beauty,Face Cream,4,193888,0.23,30798.39,South,Chennai,Debit Card
ORD03613,2025-08-02,CUST0610,Electronics,Laptop,1,33886,0.24,2541.62,South,Hyderabad,Net Banking
ORD03614,2025-12-28,CUST0518,Furniture,Sofa,2,9876,0.15,931.05,North,Delhi,UPI
ORD03615,2025-08-06,CUST1300,Books,Novel,2,68868,0.08,8523.71,West,Mumbai,Net Banking
ORD03616,2025-01-06,CUST0430,Beauty,Perfume,1,18951,0.17,2592.01,South,Chennai,Credit Card
ORD03617,2025-04-15,CUST0629,Electronics,Headphones,3,132105,0.15,10399.0,South,Hyderabad,Debit Card
ORD03618,2025-05-31,CUST1728,Clothing,T-Shirt,3,14541,0.26,2269.98,North,Jaipur,Cash on Delivery
ORD03619,2025-07-07,CUST0684,Electronics,Laptop,3,23229,0.06,2115.46,North,Lucknow,Cash on Delivery
ORD03620,2025-04-29,CUST1223,Books,Textbook,4,40464,0.21,2416.05,South,Chennai,Debit Card
ORD03621,2025-12-30,CUST1071,Beauty,Perfume,1,32555,0.11,5975.03,South,Hyderabad,Net Banking
ORD03622,2025-02-02,CUST0446,Books,Magazine,4,126812,0.22,23102.69,West,Pune,Net Banking
ORD03623,2025-10-21,CUST0458,Beauty,Perfume,2,80490,0.16,10588.4,North,Delhi,Net Banking
ORD03624,2025-03-01,CUST1203,Beauty,Face Cream,5,158655,0.07,15490.03,North,Jaipur,Debit Card
ORD03625,2025-04-25,CUST0575,Furniture,Table,1,42783,0.22,4713.58,West,Ahmedabad,UPI
ORD03626,2025-11-17,CUST1298,Books,Novel,4,83708,0.22,3787.6,West,Ahmedabad,UPI
ORD03627,2025-10-04,CUST1306,Furniture,Bookshelf,3,123360,0.06,18987.68,East,Patna,Debit Card
ORD03628,2025-05-01,CUST1196,Clothing,Shoes,3,56337,0.25,7191.0,South,Chennai,Credit Card
ORD03629,2025-08-04,CUST1836,Beauty,Shampoo,1,27407,0.07,2875.17,East,Bhubaneswar,Cash on Delivery
ORD03630,2025-08-23,CUST1145,Electronics,Smart Watch,4,168428,0.02,19976.0,North,Lucknow,Debit Card
ORD03631,2025-06-13,CUST0547,Clothing,T-Shirt,3,142857,0.1,12061.16,East,Bhubaneswar,Debit Card
ORD03632,2025-10-03,CUST1991,Electronics,Mobile Phone,4,185116,0.29,29559.86,West,Pune,Net Banking
ORD03633,2025-01-05,CUST1896,Clothing,Jeans,1,30353,0.23,4343.12,North,Delhi,Debit Card
ORD03634,2025-08-16,CUST0752,Electronics,Headphones,1,11889,0.09,769.55,West,Mumbai,Cash on Delivery
ORD03635,2025-07-29,CUST0991,Books,Novel,1,45985,0.3,5162.89,East,Kolkata,UPI
ORD03636,2025-09-12,CUST0122,Books,Magazine,2,57806,0.04,6019.35,East,Bhubaneswar,Debit Card
ORD03637,2025-08-27,CUST1595,Books,Magazine,1,1527,0.29,163.08,West,Mumbai,UPI
ORD03638,2025-04-25,CUST1610,Clothing,Jeans,4,14320,0.21,2058.06,South,Bangalore,UPI
ORD03639,2025-11-11,CUST1792,Beauty,Face Cream,4,174856,0.13,23734.85,South,Bangalore,Cash on Delivery
ORD03640,2025-02-21,CUST1645,Furniture,Sofa,1,17590,0.24,1276.9,South,Hyderabad,Cash on Delivery
ORD03641,2025-09-28,CUST0249,Beauty,Face Cream,5,55205,0.09,2736.2,East,Bhubaneswar,UPI
ORD03642,2025-05-16,CUST1889,Clothing,T-Shirt,4,77604,0.07,7180.52,North,Lucknow,Debit Card
ORD03643,2025-09-01,CUST0117,Beauty,Face Wash,1,11382,0.14,1653.63,North,Lucknow,UPI
ORD03644,2025-07-15,CUST1651,Clothing,Dress,3,40389,0.22,2548.99,South,Bangalore,Cash on Delivery
ORD03645,2025-12-10,CUST0318,Furniture,Sofa,4,38192,0.09,7822.17,East,Kolkata,Credit Card
ORD03646,2025-01-14,CUST1311,Electronics,Laptop,1,42245,0.02,6970.72,East,Bhubaneswar,Credit Card
ORD03647,2025-04-15,CUST0109,Electronics,Mobile Phone,1,16742,0.22,2349.57,North,Jaipur,UPI
ORD03648,2025-08-13,CUST1340,Furniture,Chair,3,53556,0.05,11341.86,South,Chennai,Credit Card
ORD03649,2025-07-29,CUST0223,Furniture,Chair,2,42412,0.23,2416.11,East,Patna,Debit Card
ORD03650,2025-05-21,CUST1743,Books,Textbook,2,55144,0.24,2810.21,East,Patna,Debit Card
ORD03651,2025-11-25,CUST1280,Furniture,Chair,5,53035,0.12,3521.33,West,Pune,Debit Card
ORD03652,2025-04-09,CUST0274,Electronics,Laptop,5,217755,0.09,11152.26,East,Patna,Credit Card
ORD03653,2025-11-18,CUST0683,Furniture,Table,5,20835,0.21,3947.04,South,Bangalore,Credit Card
ORD03654,2025-12-07,CUST1042,Books,Novel,4,84876,0.01,12554.92,East,Kolkata,UPI
ORD03655,2025-05-24,CUST1442,Books,Magazine,3,59436,0.27,5277.13,South,Bangalore,Cash on Delivery
ORD03656,2025-10-28,CUST0503,Beauty,Perfume,3,55266,0.17,4720.5,West,Pune,UPI
ORD03657,2025-09-19,CUST1893,Furniture,Bookshelf,1,28992,0.0,4744.83,East,Kolkata,Credit Card
ORD03658,2025-09-12,CUST0948,Beauty,Face Wash,4,97460,0.24,15589.09,West,Mumbai,Net Banking
ORD03659,2025-01-12,CUST1815,Clothing,Dress,4,7424,0.17,480.28,East,Patna,Debit Card
ORD03660,2025-01-23,CUST0190,Electronics,Mobile Phone,3,71142,0.22,9467.3,South,Bangalore,Cash on Delivery
ORD03661,2025-07-23,CUST1951,Electronics,Smart Watch,3,93654,0.01,15088.21,South,Hyderabad,Credit Card
ORD03662,2025-04-22,CUST0270,Furniture,Sofa,2,17302,0.21,2798.92,West,Pune,Debit Card
ORD03663,2025-05-17,CUST1921,Electronics,Smart Watch,5,169130,0.28,12388.19,East,Kolkata,Credit Card
ORD03664,2025-10-30,CUST1865,Beauty,Face Wash,2,57016,0.03,12180.08,South,Hyderabad,Debit Card
ORD03665,2025-12-31,CUST1277,Books,Magazine,3,120348,0.21,21788.34,East,Bhubaneswar,Debit Card
ORD03666,2025-05-28,CUST1395,Beauty,Shampoo,2,96112,0.03,17893.01,South,Bangalore,Credit Card
ORD03667,2025-04-20,CUST1229,Beauty,Shampoo,2,90492,0.08,4556.72,South,Chennai,Credit Card
ORD03668,2025-12-30,CUST0063,Beauty,Face Cream,1,30755,0.12,5768.51,West,Pune,Debit Card
ORD03669,2025-04-29,CUST1034,Electronics,Headphones,3,21021,0.02,3306.11,West,Pune,UPI
ORD03670,2025-11-05,CUST0332,Electronics,Laptop,2,93712,0.26,5287.8,East,Kolkata,UPI
ORD03671,2025-03-11,CUST0906,Beauty,Face Wash,3,34863,0.24,6263.94,East,Patna,Cash on Delivery
ORD03672,2025-04-22,CUST1866,Beauty,Perfume,2,82912,0.06,14795.8,East,Kolkata,Credit Card
ORD03673,2025-10-24,CUST0384,Beauty,Face Cream,4,138320,0.29,16850.61,South,Hyderabad,UPI
ORD03674,2025-03-26,CUST0139,Furniture,Sofa,2,50722,0.0,7010.01,North,Delhi,Debit Card
ORD03675,2025-07-04,CUST1849,Clothing,Dress,4,91984,0.06,12912.99,West,Ahmedabad,Debit Card
ORD03676,2025-04-10,CUST0135,Beauty,Face Cream,3,37185,0.0,6081.94,North,Delhi,Net Banking
ORD03677,2025-04-30,CUST0957,Beauty,Face Cream,5,120905,0.02,20680.63,North,Lucknow,Cash on Delivery
ORD03678,2025-02-13,CUST1520,Clothing,T-Shirt,4,52532,0.27,4027.78,South,Hyderabad,Debit Card
ORD03679,2025-11-24,CUST1699,Books,Textbook,4,177592,0.27,16156.48,North,Delhi,UPI
ORD03680,2025-03-30,CUST0057,Books,Comics,1,516,0.18,61.1,West,Ahmedabad,Net Banking
ORD03681,2025-06-27,CUST0369,Beauty,Shampoo,5,193975,0.25,35656.86,South,Chennai,Credit Card
ORD03682,2025-11-14,CUST1858,Books,Textbook,2,31746,0.06,6343.41,West,Mumbai,Net Banking
ORD03683,2025-04-12,CUST0343,Books,Magazine,4,96572,0.13,14636.8,East,Kolkata,Credit Card
ORD03684,2025-01-07,CUST0347,Electronics,Laptop,5,95235,0.28,9803.43,West,Mumbai,Debit Card
ORD03685,2025-11-29,CUST0716,Electronics,Smart Watch,4,136540,0.19,14890.77,North,Delhi,Net Banking
ORD03686,2025-06-23,CUST1178,Beauty,Face Wash,5,113280,0.28,4157.78,East,Patna,UPI
ORD03687,2025-07-31,CUST1274,Furniture,Table,5,145935,0.05,13811.35,North,Jaipur,Debit Card
ORD03688,2025-03-05,CUST0590,Beauty,Face Cream,5,143155,0.29,7203.92,West,Mumbai,Credit Card
ORD03689,2025-01-24,CUST1397,Electronics,Headphones,5,91100,0.23,8052.21,South,Hyderabad,Debit Card
ORD03690,2025-11-06,CUST1782,Beauty,Face Cream,4,70364,0.2,13274.22,North,Jaipur,Credit Card
ORD03691,2025-10-12,CUST1832,Books,Textbook,4,119736,0.08,6246.18,North,Jaipur,Net Banking
ORD03692,2025-01-28,CUST0810,Beauty,Face Wash,3,123513,0.02,24243.37,East,Bhubaneswar,Cash on Delivery
ORD03693,2025-10-24,CUST0922,Beauty,Face Cream,1,33530,0.13,2836.31,West,Pune,Net Banking
ORD03694,2025-10-22,CUST0436,Books,Textbook,4,15732,0.02,1264.56,South,Bangalore,UPI
ORD03695,2025-05-13,CUST0506,Beauty,Face Wash,5,173395,0.3,28555.09,East,Patna,Cash on Delivery
ORD03696,2025-04-13,CUST0797,Books,Novel,1,19684,0.01,3422.98,East,Bhubaneswar,Debit Card
ORD03697,2025-10-29,CUST0286,Electronics,Mobile Phone,5,60965,0.3,9814.81,East,Bhubaneswar,UPI
ORD03698,2025-09-05,CUST0379,Clothing,Jeans,3,99078,0.04,11684.02,West,Mumbai,UPI
ORD03699,2025-10-22,CUST0715,Clothing,Jeans,5,114370,0.14,14870.73,North,Delhi,Net Banking
ORD03700,2025-01-11,CUST0015,Electronics,Headphones,3,37209,0.1,4275.49,South,Chennai,Net Banking
ORD03701,2025-12-24,CUST1954,Books,Novel,5,72245,0.12,10880.95,East,Bhubaneswar,Credit Card
ORD03702,2025-03-06,CUST1205,Electronics,Smart Watch,2,84476,0.12,13443.98,East,Kolkata,Net Banking
ORD03703,2025-01-15,CUST1509,Furniture,Bookshelf,5,147925,0.26,23046.68,East,Patna,Cash on Delivery
ORD03704,2025-05-23,CUST1613,Electronics,Mobile Phone,4,73396,0.28,3691.9,North,Delhi,Credit Card
ORD03705,2025-12-05,CUST1000,Clothing,Shoes,3,145662,0.18,23400.57,North,Delhi,Debit Card
ORD03706,2025-07-15,CUST0489,Furniture,Chair,4,23612,0.2,3350.75,West,Ahmedabad,Net Banking
ORD03707,2025-01-04,CUST1514,Beauty,Perfume,3,95478,0.21,15839.66,South,Chennai,Debit Card
ORD03708,2025-09-13,CUST0630,Furniture,Table,1,34809,0.04,6752.25,West,Pune,UPI
ORD03709,2025-11-06,CUST1031,Furniture,Chair,3,47478,0.19,3851.04,West,Ahmedabad,Net Banking
ORD03710,2025-03-24,CUST0280,Beauty,Face Cream,3,136380,0.17,7519.75,West,Mumbai,Credit Card
ORD03711,2025-03-04,CUST0434,Clothing,Jeans,5,10300,0.0,1954.27,North,Jaipur,Credit Card
ORD03712,2025-09-05,CUST0146,Electronics,Headphones,3,70530,0.13,14403.43,East,Patna,Debit Card
ORD03713,2025-10-08,CUST1207,Furniture,Sofa,4,104388,0.0,11809.43,West,Ahmedabad,Credit Card
ORD03714,2025-12-08,CUST1938,Books,Novel,3,74358,0.13,8418.58,North,Jaipur,Cash on Delivery
ORD03715,2025-07-21,CUST0096,Beauty,Face Wash,4,102888,0.12,9085.07,West,Ahmedabad,Net Banking
ORD03716,2025-06-18,CUST1804,Furniture,Chair,3,127476,0.04,16784.99,North,Lucknow,Debit Card
ORD03717,2025-09-11,CUST1084,Clothing,T-Shirt,1,19342,0.17,2527.8,West,Pune,Credit Card
ORD03718,2025-01-03,CUST0883,Books,Magazine,3,60300,0.22,3685.05,South,Bangalore,UPI
ORD03719,2025-12-14,CUST0476,Books,Textbook,5,58260,0.18,7511.95,North,Jaipur,Net Banking
ORD03720,2025-08-10,CUST0415,Beauty,Face Wash,4,127552,0.04,16283.04,North,Delhi,Net Banking
ORD03721,2025-12-23,CUST0389,Electronics,Smart Watch,3,50094,0.02,3328.07,South,Chennai,Net Banking
ORD03722,2025-12-09,CUST0044,Clothing,Jeans,1,7842,0.24,903.89,North,Delhi,Cash on Delivery
ORD03723,2025-05-29,CUST0729,Furniture,Table,5,165730,0.1,11438.25,East,Bhubaneswar,Credit Card
ORD03724,2025-05-10,CUST0710,Books,Magazine,1,18619,0.06,3005.46,North,Jaipur,Cash on Delivery
ORD03725,2025-09-14,CUST0935,Books,Comics,4,151912,0.26,10111.02,East,Kolkata,UPI
ORD03726,2025-12-03,CUST0417,Clothing,Dress,4,163904,0.13,32134.63,East,Bhubaneswar,Net Banking
ORD03727,2025-03-14,CUST0670,Books,Textbook,3,14925,0.14,2012.31,West,Ahmedabad,Cash on Delivery
ORD03728,2025-11-05,CUST0628,Electronics,Laptop,4,35792,0.08,4442.52,North,Lucknow,Cash on Delivery
ORD03729,2025-07-05,CUST1714,Beauty,Face Cream,5,95545,0.04,14220.96,South,Bangalore,UPI
ORD03730,2025-01-25,CUST0186,Beauty,Perfume,4,150000,0.22,20035.15,South,Bangalore,UPI
ORD03731,2025-12-13,CUST1770,Clothing,Shoes,1,45043,0.24,5957.52,North,Lucknow,Credit Card
ORD03732,2025-07-07,CUST1305,Electronics,Smart Watch,1,8928,0.04,1903.52,West,Mumbai,UPI
ORD03733,2025-05-19,CUST0855,Books,Novel,4,46960,0.25,7505.45,East,Bhubaneswar,Credit Card
ORD03734,2025-05-01,CUST1233,Clothing,T-Shirt,3,85062,0.12,13206.88,North,Jaipur,Credit Card
ORD03735,2025-05-04,CUST1380,Furniture,Sofa,2,96916,0.04,7037.99,South,Bangalore,Net Banking
ORD03736,2025-11-01,CUST1550,Electronics,Headphones,1,42653,0.15,4085.0,North,Delhi,Net Banking
ORD03737,2025-04-08,CUST1543,Furniture,Sofa,1,9749,0.27,1109.11,East,Kolkata,Debit Card
ORD03738,2025-05-07,CUST1929,Electronics,Mobile Phone,1,49365,0.18,7994.67,East,Bhubaneswar,Credit Card
ORD03739,2025-04-14,CUST0177,Books,Novel,2,35732,0.08,3631.07,West,Mumbai,UPI
ORD03740,2025-06-18,CUST1439,Books,Novel,1,44361,0.17,3575.99,West,Pune,Credit Card
ORD03741,2025-08-14,CUST0815,Clothing,Shoes,2,65162,0.13,6725.22,West,Ahmedabad,UPI
ORD03742,2025-02-24,CUST0591,Beauty,Face Cream,4,61044,0.1,6153.07,West,Pune,Cash on Delivery
ORD03743,2025-10-25,CUST0445,Electronics,Smart Watch,4,29720,0.1,4993.0,West,Pune,Net Banking
ORD03744,2025-11-25,CUST0202,Clothing,Dress,1,9598,0.29,811.95,South,Bangalore,Credit Card
ORD03745,2025-10-04,CUST1992,Furniture,Chair,1,29117,0.05,4806.01,South,Hyderabad,Net Banking
ORD03746,2025-10-17,CUST0144,Furniture,Chair,4,51528,0.06,10990.84,East,Bhubaneswar,Credit Card
ORD03747,2025-08-15,CUST0710,Books,Novel,1,45631,0.18,2978.71,South,Bangalore,Net Banking
ORD03748,2025-02-15,CUST0864,Clothing,Dress,1,19362,0.24,983.78,East,Bhubaneswar,Credit Card
ORD03749,2025-05-22,CUST1709,Clothing,T-Shirt,3,119079,0.03,5864.39,West,Ahmedabad,Debit Card
ORD03750,2025-03-24,CUST1534,Clothing,Shoes,4,72004,0.09,6031.65,East,Kolkata,Net Banking
ORD03751,2025-01-04,CUST1294,Beauty,Shampoo,2,91442,0.23,16522.1,East,Kolkata,UPI
ORD03752,2025-08-25,CUST1042,Beauty,Face Cream,4,190164,0.15,18399.09,South,Bangalore,UPI
ORD03753,2025-04-07,CUST1107,Books,Magazine,4,29896,0.02,6832.32,East,Patna,Debit Card
ORD03754,2025-04-19,CUST1299,Clothing,T-Shirt,5,16715,0.27,2234.42,North,Delhi,Credit Card
ORD03755,2025-03-03,CUST0982,Furniture,Bookshelf,3,57273,0.12,8079.45,West,Pune,Credit Card
ORD03756,2025-11-23,CUST0444,Books,Textbook,1,16315,0.09,3127.97,West,Ahmedabad,Credit Card
ORD03757,2025-02-03,CUST0685,Clothing,Dress,4,140504,0.09,27420.9,West,Pune,Debit Card
ORD03758,2025-02-04,CUST1675,Beauty,Face Cream,4,83948,0.15,8042.97,East,Kolkata,Net Banking
ORD03759,2025-10-17,CUST0740,Furniture,Sofa,5,223555,0.12,37521.44,West,Pune,Net Banking
ORD03760,2025-04-28,CUST1445,Beauty,Face Wash,1,42480,0.28,7147.1,West,Mumbai,Credit Card
ORD03761,2025-11-23,CUST0287,Beauty,Face Wash,5,131985,0.22,15768.33,South,Chennai,UPI
ORD03762,2025-09-03,CUST1880,Electronics,Smart Watch,3,19701,0.22,1808.71,South,Chennai,Net Banking
ORD03763,2025-05-20,CUST0144,Furniture,Chair,2,31126,0.15,3509.34,West,Ahmedabad,Debit Card
ORD03764,2025-10-07,CUST0159,Clothing,Shoes,1,12616,0.19,1475.34,East,Kolkata,Credit Card
ORD03765,2025-04-13,CUST0741,Beauty,Face Cream,5,49270,0.04,8229.43,South,Hyderabad,Credit Card
ORD03766,2025-12-11,CUST1367,Furniture,Chair,5,211545,0.11,12687.83,South,Chennai,Debit Card
ORD03767,2025-11-27,CUST1368,Books,Magazine,3,6528,0.14,766.34,South,Hyderabad,Net Banking
ORD03768,2025-12-03,CUST0603,Furniture,Chair,4,143160,0.28,18743.83,North,Lucknow,Cash on Delivery
ORD03769,2025-08-09,CUST0804,Beauty,Perfume,4,134584,0.05,14152.2,North,Delhi,Cash on Delivery
ORD03770,2025-04-18,CUST1061,Books,Textbook,1,45064,0.29,5655.4,South,Bangalore,Cash on Delivery
ORD03771,2025-06-21,CUST1613,Books,Comics,1,35193,0.1,5253.28,East,Patna,Cash on Delivery
ORD03772,2025-03-15,CUST0671,Clothing,Shoes,4,150256,0.23,9171.15,South,Bangalore,Cash on Delivery
ORD03773,2025-10-04,CUST1680,Clothing,Shoes,3,142632,0.25,14181.96,South,Hyderabad,Net Banking
ORD03774,2025-12-15,CUST0494,Clothing,Shoes,3,93417,0.05,18298.7,North,Lucknow,Debit Card
ORD03775,2025-06-02,CUST1228,Furniture,Bookshelf,1,3512,0.11,742.25,West,Pune,Cash on Delivery
ORD03776,2025-09-24,CUST1425,Electronics,Laptop,4,46248,0.15,6281.06,West,Ahmedabad,Net Banking
ORD03777,2025-12-15,CUST1916,Beauty,Face Cream,5,85995,0.27,12604.38,East,Bhubaneswar,Net Banking
ORD03778,2025-06-03,CUST0560,Furniture,Sofa,3,83502,0.24,6086.57,West,Ahmedabad,UPI
ORD03779,2025-10-24,CUST1518,Books,Comics,5,83625,0.16,5216.47,South,Chennai,Credit Card
ORD03780,2025-04-15,CUST1012,Furniture,Bookshelf,1,9361,0.19,1577.12,West,Ahmedabad,Cash on Delivery
ORD03781,2025-07-17,CUST0441,Books,Comics,2,21964,0.28,878.64,North,Delhi,UPI
ORD03782,2025-07-06,CUST0312,Books,Textbook,1,41603,0.05,6560.32,South,Chennai,Credit Card
ORD03783,2025-10-31,CUST1134,Electronics,Smart Watch,2,89982,0.02,17954.34,South,Bangalore,Credit Card
ORD03784,2025-08-07,CUST0992,Electronics,Smart Watch,2,33034,0.04,5358.2,West,Mumbai,Credit Card
ORD03785,2025-05-06,CUST0201,Electronics,Laptop,3,120327,0.01,26163.61,South,Hyderabad,Cash on Delivery
ORD03786,2025-12-02,CUST1192,Beauty,Face Wash,1,1011,0.21,150.2,West,Ahmedabad,UPI
ORD03787,2025-05-12,CUST0448,Beauty,Perfume,2,39538,0.25,4623.57,East,Kolkata,Net Banking
ORD03788,2025-11-13,CUST0237,Beauty,Shampoo,3,57468,0.22,4970.6,East,Kolkata,UPI
ORD03789,2025-01-17,CUST1729,Beauty,Shampoo,2,64258,0.04,15019.25,West,Mumbai,Debit Card
ORD03790,2025-04-14,CUST0580,Electronics,Laptop,5,5665,0.26,666.81,South,Hyderabad,Net Banking
ORD03791,2025-07-11,CUST1764,Electronics,Smart Watch,1,25432,0.2,1068.63,South,Chennai,Net Banking
ORD03792,2025-06-29,CUST0383,Clothing,Jeans,1,36307,0.07,6302.27,East,Patna,Cash on Delivery
ORD03793,2025-08-12,CUST0958,Beauty,Face Cream,1,11249,0.03,789.35,East,Kolkata,Net Banking
ORD03794,2025-01-14,CUST0208,Furniture,Table,2,22950,0.27,2493.28,South,Hyderabad,UPI
ORD03795,2025-07-30,CUST1510,Beauty,Perfume,4,124756,0.24,18810.65,North,Delhi,Credit Card
ORD03796,2025-05-12,CUST1545,Books,Novel,1,22329,0.06,2715.91,South,Bangalore,Credit Card
ORD03797,2025-02-12,CUST0990,Beauty,Perfume,2,23428,0.01,3819.41,South,Chennai,Debit Card
ORD03798,2025-09-25,CUST0576,Clothing,T-Shirt,1,24159,0.24,1203.02,East,Patna,UPI
ORD03799,2025-06-13,CUST0336,Electronics,Headphones,3,64359,0.0,6557.64,North,Jaipur,Net Banking
ORD03800,2025-08-12,CUST0926,Furniture,Bookshelf,1,15749,0.23,1829.21,West,Pune,Net Banking
ORD03801,2025-12-04,CUST0603,Beauty,Shampoo,2,4104,0.2,422.02,North,Lucknow,UPI
ORD03802,2025-03-27,CUST0931,Furniture,Chair,1,6018,0.15,422.95,East,Bhubaneswar,Net Banking
ORD03803,2025-10-08,CUST1860,Beauty,Face Cream,2,75016,0.01,16290.22,South,Hyderabad,Credit Card
ORD03804,2025-05-11,CUST0057,Clothing,T-Shirt,1,49744,0.05,10173.6,East,Kolkata,Cash on Delivery
ORD03805,2025-06-05,CUST0085,Clothing,Shoes,5,197970,0.01,10954.69,North,Delhi,Cash on Delivery
ORD03806,2025-09-01,CUST1643,Furniture,Sofa,4,169256,0.21,13990.72,North,Lucknow,UPI
ORD03807,2025-08-14,CUST1161,Electronics,Mobile Phone,4,73176,0.16,14619.02,North,Lucknow,Cash on Delivery
ORD03808,2025-05-11,CUST1699,Books,Magazine,1,11216,0.27,1695.55,South,Hyderabad,UPI
ORD03809,2025-10-05,CUST1347,Beauty,Shampoo,3,108261,0.21,20355.81,East,Patna,Net Banking
ORD03810,2025-12-22,CUST0824,Electronics,Laptop,3,67416,0.21,7987.17,North,Delhi,Cash on Delivery
ORD03811,2025-01-15,CUST0198,Beauty,Perfume,3,26910,0.08,3214.01,North,Lucknow,Cash on Delivery
ORD03812,2025-09-05,CUST1782,Electronics,Smart Watch,4,82324,0.1,17515.05,North,Jaipur,Cash on Delivery
ORD03813,2025-06-29,CUST1961,Electronics,Smart Watch,2,73760,0.0,14072.94,South,Hyderabad,Credit Card
ORD03814,2025-03-18,CUST0122,Furniture,Bookshelf,4,174256,0.04,37205.62,South,Bangalore,Net Banking
ORD03815,2025-12-29,CUST1029,Furniture,Chair,5,184565,0.14,15419.28,East,Patna,Cash on Delivery
ORD03816,2025-12-25,CUST0968,Clothing,Shoes,5,64815,0.06,11877.58,South,Hyderabad,UPI
ORD03817,2025-04-11,CUST1463,Clothing,Dress,2,76408,0.15,11897.97,North,Lucknow,Net Banking
ORD03818,2025-05-08,CUST1200,Books,Textbook,5,96215,0.08,16417.03,West,Pune,Net Banking
ORD03819,2025-10-11,CUST1502,Clothing,Dress,3,27228,0.21,3668.81,West,Ahmedabad,Net Banking
ORD03820,2025-04-26,CUST1701,Beauty,Perfume,2,63038,0.07,14343.39,West,Mumbai,Credit Card
ORD03821,2025-04-10,CUST0504,Furniture,Sofa,2,8408,0.26,822.55,West,Ahmedabad,Debit Card
ORD03822,2025-05-11,CUST1807,Electronics,Laptop,2,13040,0.11,2181.19,East,Patna,Debit Card
ORD03823,2025-04-22,CUST0400,Clothing,Shoes,2,70228,0.17,5035.58,South,Bangalore,Debit Card
ORD03824,2025-12-01,CUST1932,Beauty,Shampoo,3,73026,0.11,12564.5,East,Bhubaneswar,Debit Card
ORD03825,2025-10-22,CUST0543,Clothing,Dress,1,5578,0.03,637.95,East,Kolkata,Debit Card
ORD03826,2025-10-11,CUST1089,Books,Textbook,3,34272,0.23,1747.26,West,Ahmedabad,Debit Card
ORD03827,2025-11-16,CUST0228,Clothing,Dress,5,38430,0.27,1821.23,West,Mumbai,UPI
ORD03828,2025-05-28,CUST0365,Beauty,Face Wash,5,59395,0.27,7896.66,West,Ahmedabad,Net Banking
ORD03829,2025-11-15,CUST1267,Books,Magazine,4,192956,0.06,16846.73,South,Bangalore,Net Banking
ORD03830,2025-03-03,CUST0535,Beauty,Face Wash,2,1274,0.02,141.35,North,Jaipur,Debit Card
ORD03831,2025-01-25,CUST0696,Electronics,Smart Watch,5,60635,0.28,10020.94,East,Bhubaneswar,Cash on Delivery
ORD03832,2025-03-13,CUST0515,Books,Comics,2,10990,0.01,1638.92,East,Bhubaneswar,Cash on Delivery
ORD03833,2025-11-22,CUST0146,Furniture,Chair,4,46036,0.09,8334.79,West,Ahmedabad,Debit Card
ORD03834,2025-11-01,CUST1284,Beauty,Shampoo,5,130050,0.03,6975.63,West,Pune,Cash on Delivery
ORD03835,2025-09-23,CUST1870,Clothing,Shoes,1,10136,0.24,1611.24,East,Patna,Cash on Delivery
ORD03836,2025-08-13,CUST0172,Books,Novel,1,28335,0.02,5679.97,West,Pune,Debit Card
ORD03837,2025-04-08,CUST0167,Books,Novel,2,42736,0.0,8351.87,North,Delhi,Cash on Delivery
ORD03838,2025-11-14,CUST1109,Electronics,Laptop,2,63992,0.05,14327.02,East,Kolkata,Cash on Delivery
ORD03839,2025-05-16,CUST1531,Books,Comics,2,8874,0.17,1677.2,South,Chennai,Net Banking
ORD03840,2025-11-13,CUST1239,Books,Textbook,1,30783,0.19,5050.98,South,Bangalore,Cash on Delivery
ORD03841,2025-05-19,CUST0280,Books,Textbook,1,42923,0.02,2816.45,South,Chennai,Debit Card
ORD03842,2025-08-05,CUST0139,Beauty,Shampoo,4,46452,0.07,9451.73,West,Mumbai,Debit Card
ORD03843,2025-05-20,CUST0936,Books,Textbook,3,146961,0.18,26924.87,South,Hyderabad,Debit Card
ORD03844,2025-06-24,CUST0644,Beauty,Perfume,5,167595,0.05,15272.63,South,Bangalore,Cash on Delivery
ORD03845,2025-11-17,CUST0205,Beauty,Perfume,4,115912,0.0,13025.8,South,Bangalore,UPI
ORD03846,2025-04-28,CUST1167,Furniture,Chair,5,36370,0.09,6764.18,East,Patna,UPI
ORD03847,2025-11-20,CUST0840,Clothing,Dress,1,9240,0.16,1579.48,West,Ahmedabad,Net Banking
ORD03848,2025-07-21,CUST0036,Beauty,Perfume,4,57436,0.11,9472.31,North,Lucknow,Cash on Delivery
ORD03849,2025-03-26,CUST1359,Furniture,Sofa,1,6306,0.15,406.86,South,Chennai,Credit Card
ORD03850,2025-05-23,CUST0708,Beauty,Face Wash,5,10145,0.26,571.54,East,Kolkata,Net Banking
ORD03851,2025-03-22,CUST1641,Furniture,Sofa,2,43158,0.12,3725.0,East,Patna,Debit Card
ORD03852,2025-08-02,CUST1887,Clothing,Shoes,5,110910,0.01,15312.0,West,Ahmedabad,Debit Card
ORD03853,2025-06-30,CUST1490,Furniture,Bookshelf,3,111624,0.24,17796.57,South,Bangalore,Credit Card
ORD03854,2025-08-23,CUST1625,Furniture,Sofa,3,147867,0.17,13265.59,South,Chennai,Net Banking
ORD03855,2025-11-21,CUST1860,Electronics,Laptop,2,21682,0.26,2692.26,West,Pune,Credit Card
ORD03856,2025-05-11,CUST1390,Books,Textbook,2,28396,0.24,2794.34,West,Pune,Net Banking
ORD03857,2025-08-13,CUST0002,Books,Novel,2,88132,0.16,7687.44,South,Chennai,UPI
ORD03858,2025-03-15,CUST0850,Books,Textbook,5,236625,0.02,17572.94,North,Jaipur,Net Banking
ORD03859,2025-12-12,CUST1929,Furniture,Bookshelf,5,114140,0.02,27811.96,East,Kolkata,Net Banking
ORD03860,2025-03-08,CUST1481,Beauty,Perfume,2,81612,0.09,4757.88,South,Bangalore,Cash on Delivery
ORD03861,2025-05-06,CUST0419,Clothing,T-Shirt,5,118550,0.04,14746.61,East,Kolkata,Debit Card
ORD03862,2025-03-15,CUST1068,Beauty,Shampoo,5,165740,0.16,12219.63,North,Lucknow,Credit Card
ORD03863,2025-12-31,CUST1955,Beauty,Face Wash,2,91640,0.15,8363.56,South,Hyderabad,Net Banking
ORD03864,2025-12-13,CUST0474,Electronics,Mobile Phone,1,16570,0.06,3358.99,North,Jaipur,UPI
ORD03865,2025-12-01,CUST1648,Books,Textbook,1,35177,0.2,2813.04,East,Bhubaneswar,Cash on Delivery
ORD03866,2025-10-11,CUST1107,Electronics,Smart Watch,5,67775,0.03,9482.93,North,Lucknow,UPI
ORD03867,2025-07-31,CUST1022,Clothing,T-Shirt,2,55460,0.15,11563.13,North,Lucknow,Cash on Delivery
ORD03868,2025-06-02,CUST0678,Beauty,Perfume,3,91179,0.11,9852.83,South,Bangalore,Net Banking
ORD03869,2025-05-09,CUST0414,Electronics,Smart Watch,1,40698,0.1,8137.81,East,Patna,Debit Card
ORD03870,2025-04-16,CUST0482,Electronics,Laptop,4,165644,0.06,17598.88,North,Delhi,UPI
ORD03871,2025-04-16,CUST0748,Books,Comics,2,25718,0.2,4644.79,South,Hyderabad,UPI
ORD03872,2025-01-09,CUST0886,Furniture,Table,1,30942,0.01,3838.36,East,Patna,Credit Card
ORD03873,2025-03-05,CUST1529,Beauty,Shampoo,3,142527,0.03,24394.2,West,Pune,Debit Card
ORD03874,2025-05-06,CUST1505,Furniture,Bookshelf,1,28029,0.29,3233.79,West,Mumbai,Debit Card
ORD03875,2025-10-18,CUST0671,Clothing,Shoes,1,11920,0.17,600.9,West,Mumbai,Cash on Delivery
ORD03876,2025-07-04,CUST1039,Clothing,Dress,1,10833,0.07,2110.86,South,Hyderabad,Net Banking
ORD03877,2025-09-29,CUST1570,Clothing,Shoes,2,50052,0.16,6617.78,West,Mumbai,Net Banking
ORD03878,2025-11-16,CUST1193,Books,Novel,3,17730,0.12,3043.18,East,Patna,UPI
ORD03879,2025-03-15,CUST0488,Books,Textbook,3,60192,0.13,10656.22,East,Bhubaneswar,Net Banking
ORD03880,2025-09-27,CUST0770,Electronics,Laptop,3,34896,0.09,2579.88,East,Kolkata,Cash on Delivery
ORD03881,2025-08-29,CUST1561,Books,Textbook,4,4444,0.24,508.04,East,Bhubaneswar,Cash on Delivery
ORD03882,2025-11-12,CUST1391,Books,Textbook,3,75375,0.14,3804.93,North,Delhi,Credit Card
ORD03883,2025-12-24,CUST0058,Beauty,Perfume,3,10239,0.22,1848.99,South,Hyderabad,UPI
ORD03884,2025-08-05,CUST0088,Furniture,Sofa,1,42131,0.15,3723.3,West,Pune,Credit Card
ORD03885,2025-03-07,CUST1643,Electronics,Mobile Phone,3,3972,0.22,518.88,North,Delhi,UPI
ORD03886,2025-04-02,CUST1470,Beauty,Face Wash,3,36393,0.15,3332.1,East,Bhubaneswar,Net Banking
ORD03887,2025-12-15,CUST0107,Clothing,Jeans,5,113400,0.28,19750.19,West,Pune,Cash on Delivery
ORD03888,2025-08-01,CUST1388,Beauty,Shampoo,4,30784,0.21,2990.34,East,Bhubaneswar,Cash on Delivery
ORD03889,2025-08-04,CUST1914,Electronics,Mobile Phone,5,101300,0.29,11733.13,West,Ahmedabad,Credit Card
ORD03890,2025-03-03,CUST1425,Beauty,Face Wash,1,22889,0.17,2357.62,West,Ahmedabad,Cash on Delivery
ORD03891,2025-03-09,CUST0535,Electronics,Laptop,5,112015,0.12,8632.64,South,Chennai,Debit Card
ORD03892,2025-03-16,CUST1314,Electronics,Smart Watch,5,134910,0.02,10012.64,East,Bhubaneswar,Cash on Delivery
ORD03893,2025-09-04,CUST1170,Books,Magazine,4,153972,0.15,14505.6,East,Patna,Net Banking
ORD03894,2025-03-24,CUST1014,Books,Magazine,5,141715,0.28,6294.63,South,Chennai,UPI
ORD03895,2025-02-10,CUST0865,Furniture,Chair,2,24648,0.23,4037.6,West,Ahmedabad,Debit Card
ORD03896,2025-01-06,CUST0227,Clothing,Jeans,2,64264,0.08,9890.19,North,Delhi,Cash on Delivery
ORD03897,2025-05-05,CUST0956,Beauty,Face Cream,1,37899,0.25,6323.02,North,Lucknow,UPI
ORD03898,2025-04-09,CUST0025,Books,Textbook,4,3160,0.13,219.88,East,Kolkata,Cash on Delivery
ORD03899,2025-07-11,CUST0802,Clothing,Dress,2,85038,0.22,9821.19,West,Pune,Net Banking
ORD03900,2025-12-30,CUST0073,Furniture,Chair,1,20027,0.26,3225.11,East,Kolkata,Credit Card
ORD03901,2025-03-31,CUST1453,Clothing,Shoes,2,99618,0.04,19451.61,South,Chennai,Cash on Delivery
ORD03902,2025-06-24,CUST1719,Furniture,Bookshelf,3,26532,0.21,2009.12,South,Hyderabad,Cash on Delivery
ORD03903,2025-12-11,CUST1441,Electronics,Laptop,2,71784,0.0,15692.97,South,Chennai,Net Banking
ORD03904,2025-12-07,CUST1792,Furniture,Bookshelf,1,37343,0.1,7854.21,South,Hyderabad,UPI
ORD03905,2025-04-18,CUST1306,Electronics,Laptop,1,31081,0.15,4506.51,South,Hyderabad,Cash on Delivery
ORD03906,2025-09-03,CUST0359,Beauty,Perfume,4,172636,0.22,23340.65,West,Mumbai,Net Banking
ORD03907,2025-04-09,CUST0412,Electronics,Smart Watch,3,115830,0.15,11544.64,South,Bangalore,Cash on Delivery
ORD03908,2025-04-26,CUST1005,Books,Novel,5,93620,0.3,3681.26,South,Hyderabad,Debit Card
ORD03909,2025-06-25,CUST0259,Clothing,Dress,1,43763,0.06,7902.41,South,Hyderabad,Cash on Delivery
ORD03910,2025-05-08,CUST0112,Furniture,Bookshelf,5,209380,0.1,40073.76,West,Mumbai,Debit Card
ORD03911,2025-06-18,CUST0311,Beauty,Perfume,1,8744,0.21,1413.15,North,Jaipur,Debit Card
ORD03912,2025-09-16,CUST0488,Books,Textbook,3,32952,0.24,4254.36,North,Lucknow,Net Banking
ORD03913,2025-08-15,CUST1018,Books,Comics,1,21996,0.04,3535.27,North,Lucknow,Cash on Delivery
ORD03914,2025-06-27,CUST0282,Furniture,Sofa,1,27252,0.26,2784.84,South,Bangalore,Net Banking
ORD03915,2025-10-16,CUST1365,Clothing,Jeans,5,217295,0.1,20295.54,West,Mumbai,UPI
ORD03916,2025-05-12,CUST1517,Clothing,Dress,3,38796,0.2,6174.34,East,Patna,Debit Card
ORD03917,2025-10-02,CUST1730,Beauty,Perfume,1,47805,0.26,8267.7,West,Pune,Cash on Delivery
ORD03918,2025-12-24,CUST0753,Furniture,Table,1,46836,0.27,7527.44,North,Lucknow,Net Banking
ORD03919,2025-11-30,CUST1993,Furniture,Bookshelf,2,19564,0.28,2294.12,West,Ahmedabad,Debit Card
ORD03920,2025-11-23,CUST0942,Books,Comics,1,38456,0.23,1995.55,West,Mumbai,UPI
ORD03921,2025-09-29,CUST1010,Beauty,Perfume,3,133491,0.07,7059.91,North,Lucknow,Net Banking
ORD03922,2025-11-21,CUST1459,Electronics,Mobile Phone,2,4808,0.27,809.5,South,Chennai,Credit Card
ORD03923,2025-09-02,CUST0878,Books,Novel,1,38369,0.19,4015.5,North,Delhi,Credit Card
ORD03924,2025-04-25,CUST1835,Beauty,Face Cream,4,60600,0.09,5517.04,North,Delhi,Cash on Delivery
ORD03925,2025-01-02,CUST0712,Furniture,Bookshelf,4,169928,0.03,28974.72,West,Mumbai,Cash on Delivery
ORD03926,2025-05-14,CUST0801,Furniture,Bookshelf,5,136205,0.15,6575.22,East,Kolkata,Cash on Delivery
ORD03927,2025-06-24,CUST0555,Clothing,Jeans,3,144198,0.18,19872.84,North,Jaipur,Cash on Delivery
ORD03928,2025-08-08,CUST1094,Books,Magazine,1,49983,0.11,10837.46,South,Hyderabad,UPI
ORD03929,2025-08-05,CUST1719,Electronics,Smart Watch,1,9452,0.29,1410.37,East,Kolkata,Cash on Delivery
ORD03930,2025-09-22,CUST0106,Clothing,Dress,5,18455,0.21,2372.22,East,Bhubaneswar,Debit Card
ORD03931,2025-01-07,CUST0084,Electronics,Laptop,1,21175,0.18,2489.39,East,Bhubaneswar,UPI
ORD03932,2025-07-20,CUST0904,Electronics,Laptop,2,69032,0.15,6691.85,North,Jaipur,Credit Card
ORD03933,2025-11-22,CUST1986,Furniture,Bookshelf,4,199456,0.17,35436.69,East,Kolkata,UPI
ORD03934,2025-07-13,CUST1020,Books,Textbook,1,38142,0.16,7665.82,North,Delhi,UPI
ORD03935,2025-12-05,CUST1110,Books,Comics,2,2738,0.11,183.18,South,Chennai,Debit Card
ORD03936,2025-06-30,CUST1232,Clothing,Dress,1,38702,0.2,2763.75,North,Delhi,Debit Card
ORD03937,2025-10-17,CUST0919,Electronics,Headphones,5,95130,0.02,8044.43,South,Hyderabad,Net Banking
ORD03938,2025-08-03,CUST0959,Books,Novel,2,74114,0.16,8686.65,South,Chennai,Cash on Delivery
ORD03939,2025-02-06,CUST1832,Beauty,Shampoo,5,191645,0.28,31633.55,West,Mumbai,Credit Card
ORD03940,2025-05-27,CUST0595,Furniture,Sofa,5,156635,0.17,20378.69,South,Hyderabad,Credit Card
ORD03941,2025-04-15,CUST1298,Electronics,Laptop,2,22112,0.21,2859.5,South,Bangalore,Net Banking
ORD03942,2025-08-30,CUST0251,Beauty,Shampoo,4,65532,0.15,12560.37,South,Bangalore,Debit Card
ORD03943,2025-08-29,CUST1044,Furniture,Sofa,2,30262,0.25,1613.45,East,Kolkata,Cash on Delivery
ORD03944,2025-12-27,CUST1603,Electronics,Headphones,4,120572,0.15,17277.44,West,Pune,Net Banking
ORD03945,2025-08-16,CUST0655,Books,Comics,1,10729,0.16,2221.67,North,Delhi,Cash on Delivery
ORD03946,2025-01-07,CUST0429,Furniture,Sofa,5,249045,0.27,17752.22,East,Patna,Cash on Delivery
ORD03947,2025-03-28,CUST0546,Electronics,Mobile Phone,5,160495,0.03,34931.94,West,Pune,Net Banking
ORD03948,2025-07-27,CUST0578,Beauty,Face Cream,3,149082,0.26,6931.32,West,Pune,Net Banking
ORD03949,2025-04-28,CUST0927,Beauty,Perfume,3,20127,0.21,1778.21,East,Patna,Debit Card
ORD03950,2025-09-23,CUST1090,Clothing,Dress,3,59925,0.2,11497.3,West,Ahmedabad,Credit Card
ORD03951,2025-09-24,CUST0749,Furniture,Chair,5,190405,0.29,25880.2,West,Ahmedabad,UPI
ORD03952,2025-10-06,CUST1771,Electronics,Laptop,4,126864,0.27,19213.88,East,Patna,Debit Card
ORD03953,2025-11-29,CUST0755,Electronics,Headphones,3,146208,0.13,31626.91,West,Pune,UPI
ORD03954,2025-08-11,CUST0663,Beauty,Shampoo,2,9874,0.26,691.72,South,Hyderabad,UPI
ORD03955,2025-06-26,CUST0772,Clothing,Shoes,4,15532,0.07,2529.58,East,Patna,Credit Card
ORD03956,2025-05-23,CUST1576,Clothing,Jeans,3,124116,0.29,10743.27,South,Chennai,Debit Card
ORD03957,2025-11-23,CUST0274,Beauty,Shampoo,3,67803,0.22,11669.16,East,Kolkata,Cash on Delivery
ORD03958,2025-08-26,CUST0182,Clothing,T-Shirt,3,134649,0.22,24324.01,South,Chennai,Cash on Delivery
ORD03959,2025-05-09,CUST0986,Electronics,Mobile Phone,5,209570,0.11,44224.18,South,Hyderabad,Cash on Delivery
ORD03960,2025-05-23,CUST0962,Clothing,Jeans,2,90722,0.17,13575.74,West,Mumbai,Net Banking
ORD03961,2025-03-04,CUST1632,Beauty,Face Cream,1,37907,0.3,2330.88,West,Ahmedabad,Net Banking
ORD03962,2025-12-23,CUST0002,Clothing,Jeans,2,92972,0.07,13149.94,East,Kolkata,Cash on Delivery
ORD03963,2025-09-14,CUST0739,Clothing,Dress,5,84650,0.26,4319.64,South,Hyderabad,Debit Card
ORD03964,2025-09-29,CUST1819,Furniture,Table,5,203340,0.05,30473.9,East,Kolkata,Credit Card
ORD03965,2025-03-23,CUST1035,Electronics,Headphones,2,46502,0.12,2275.17,North,Delhi,Credit Card
ORD03966,2025-10-24,CUST1666,Beauty,Perfume,3,121896,0.0,30080.37,South,Bangalore,Net Banking
ORD03967,2025-03-13,CUST0190,Beauty,Face Wash,4,134052,0.18,15096.47,West,Mumbai,Credit Card
ORD03968,2025-10-02,CUST0643,Clothing,Dress,4,47248,0.26,4599.68,North,Lucknow,Cash on Delivery
ORD03969,2025-10-03,CUST0359,Furniture,Chair,4,15248,0.21,1864.35,East,Bhubaneswar,Credit Card
ORD03970,2025-11-24,CUST0593,Electronics,Smart Watch,4,48420,0.16,8471.53,East,Patna,Cash on Delivery
ORD03971,2025-10-11,CUST0602,Beauty,Face Cream,1,26493,0.06,1327.08,West,Mumbai,Cash on Delivery
ORD03972,2025-04-17,CUST1436,Electronics,Laptop,4,41908,0.15,1882.84,West,Mumbai,Cash on Delivery
ORD03973,2025-08-10,CUST1653,Furniture,Sofa,4,75736,0.17,11084.74,East,Patna,Credit Card
ORD03974,2025-07-18,CUST0844,Furniture,Chair,1,4501,0.21,668.26,North,Delhi,Credit Card
ORD03975,2025-02-07,CUST0595,Beauty,Perfume,5,92320,0.11,9336.45,South,Chennai,UPI
ORD03976,2025-02-08,CUST1565,Books,Textbook,4,41912,0.05,6569.21,West,Ahmedabad,UPI
ORD03977,2025-01-23,CUST1516,Electronics,Headphones,1,25577,0.22,4086.32,West,Mumbai,UPI
ORD03978,2025-05-15,CUST1255,Clothing,Shoes,4,156960,0.01,10998.65,North,Jaipur,Debit Card
ORD03979,2025-07-19,CUST1284,Clothing,T-Shirt,3,56049,0.02,3009.02,West,Mumbai,Cash on Delivery
ORD03980,2025-01-29,CUST1792,Books,Textbook,2,20332,0.27,2020.26,East,Bhubaneswar,Credit Card
ORD03981,2025-01-08,CUST0944,Furniture,Chair,5,66410,0.1,11864.57,South,Hyderabad,UPI
ORD03982,2025-12-05,CUST1350,Electronics,Laptop,5,171520,0.11,12790.19,West,Mumbai,UPI
ORD03983,2025-04-24,CUST1346,Furniture,Sofa,4,26716,0.08,2899.39,West,Pune,Credit Card
ORD03984,2025-02-03,CUST0350,Electronics,Mobile Phone,4,152708,0.23,14270.88,North,Jaipur,Net Banking
ORD03985,2025-09-17,CUST1963,Books,Comics,2,21526,0.0,4447.28,East,Patna,Net Banking
ORD03986,2025-03-13,CUST0227,Electronics,Headphones,5,194685,0.26,26798.32,South,Chennai,Cash on Delivery
ORD03987,2025-01-24,CUST1743,Beauty,Shampoo,4,161192,0.13,16384.3,North,Delhi,Debit Card
ORD03988,2025-04-29,CUST1818,Electronics,Mobile Phone,2,37510,0.22,4974.66,South,Hyderabad,Net Banking
ORD03989,2025-09-07,CUST0514,Furniture,Chair,2,48890,0.01,9735.07,North,Delhi,Net Banking
ORD03990,2025-12-14,CUST1720,Beauty,Face Cream,2,67298,0.29,5214.77,South,Hyderabad,Credit Card
ORD03991,2025-10-15,CUST1552,Beauty,Perfume,2,79134,0.18,6696.86,East,Bhubaneswar,Debit Card
ORD03992,2025-02-19,CUST0589,Books,Novel,1,34758,0.12,3087.21,South,Chennai,Net Banking
ORD03993,2025-01-30,CUST1545,Beauty,Face Cream,1,34273,0.1,1667.85,South,Hyderabad,Debit Card
ORD03994,2025-03-06,CUST1867,Books,Magazine,5,11585,0.25,639.35,North,Jaipur,Credit Card
ORD03995,2025-05-12,CUST0964,Beauty,Perfume,1,40758,0.02,4019.33,South,Chennai,Net Banking
ORD03996,2025-01-06,CUST0061,Clothing,T-Shirt,1,32247,0.28,5127.01,North,Jaipur,Credit Card
ORD03997,2025-07-22,CUST0675,Furniture,Table,5,227880,0.08,50235.08,West,Ahmedabad,Cash on Delivery
ORD03998,2025-08-15,CUST0277,Clothing,Shoes,5,126480,0.12,26615.27,East,Bhubaneswar,Credit Card
ORD03999,2025-02-24,CUST1113,Beauty,Perfume,4,71024,0.03,3536.71,North,Jaipur,UPI
ORD04000,2025-10-01,CUST1390,Clothing,Shoes,2,47606,0.25,2733.24,South,Hyderabad,Net Banking
ORD04001,2025-01-10,CUST0281,Furniture,Sofa,5,83455,0.23,4716.28,East,Kolkata,Cash on Delivery
ORD04002,2025-10-15,CUST0594,Books,Textbook,3,27528,0.21,2960.04,West,Pune,Net Banking
ORD04003,2025-06-11,CUST0307,Electronics,Smart Watch,2,53478,0.14,2938.81,North,Jaipur,Debit Card
ORD04004,2025-11-09,CUST1700,Books,Novel,2,64894,0.12,5912.05,South,Bangalore,Net Banking
ORD04005,2025-12-24,CUST1808,Clothing,Jeans,5,119775,0.07,13738.82,North,Delhi,Cash on Delivery
ORD04006,2025-05-29,CUST1444,Electronics,Headphones,5,185625,0.25,31454.08,South,Chennai,UPI
ORD04007,2025-06-18,CUST0558,Electronics,Laptop,5,162680,0.25,13532.87,East,Patna,Cash on Delivery
ORD04008,2025-08-02,CUST0940,Clothing,Shoes,3,117195,0.29,4823.61,West,Mumbai,Net Banking
ORD04009,2025-11-09,CUST0789,Electronics,Headphones,3,114540,0.14,13804.8,East,Bhubaneswar,UPI
ORD04010,2025-10-05,CUST1852,Electronics,Smart Watch,3,93933,0.06,20255.64,East,Kolkata,Net Banking
ORD04011,2025-06-10,CUST0880,Electronics,Laptop,1,46752,0.2,9098.88,North,Jaipur,Net Banking
ORD04012,2025-09-17,CUST0935,Furniture,Chair,2,14640,0.27,1609.19,North,Jaipur,Cash on Delivery
ORD04013,2025-05-07,CUST0632,Electronics,Mobile Phone,3,101040,0.14,8369.66,North,Jaipur,UPI
ORD04014,2025-08-03,CUST0921,Electronics,Laptop,3,87939,0.3,14369.92,East,Patna,UPI
ORD04015,2025-03-15,CUST1723,Clothing,Shoes,2,72986,0.25,8793.65,East,Bhubaneswar,Net Banking
ORD04016,2025-11-29,CUST0338,Electronics,Smart Watch,5,212650,0.25,24206.73,West,Ahmedabad,Debit Card
ORD04017,2025-12-13,CUST1148,Books,Novel,5,98245,0.03,18024.38,West,Mumbai,Debit Card
ORD04018,2025-08-22,CUST1842,Furniture,Chair,2,9088,0.21,758.3,West,Ahmedabad,Cash on Delivery
ORD04019,2025-03-05,CUST0892,Clothing,T-Shirt,5,134735,0.29,5200.15,East,Bhubaneswar,Net Banking
ORD04020,2025-05-20,CUST0075,Furniture,Table,3,1944,0.0,387.38,North,Jaipur,Cash on Delivery
ORD04021,2025-01-21,CUST0911,Furniture,Bookshelf,2,17126,0.02,2258.41,North,Delhi,Net Banking
ORD04022,2025-06-19,CUST1535,Beauty,Face Cream,2,24128,0.22,2835.41,West,Ahmedabad,Debit Card
ORD04023,2025-10-22,CUST1686,Clothing,Shoes,3,52347,0.3,7044.1,South,Hyderabad,Net Banking
ORD04024,2025-07-28,CUST1293,Clothing,Dress,5,159930,0.21,26846.93,North,Lucknow,Debit Card
ORD04025,2025-05-05,CUST1956,Furniture,Bookshelf,4,148876,0.21,27992.14,East,Patna,Cash on Delivery
ORD04026,2025-10-30,CUST0113,Electronics,Laptop,5,246570,0.21,23554.29,East,Kolkata,Cash on Delivery
ORD04027,2025-11-22,CUST0219,Beauty,Perfume,3,39846,0.21,1586.65,North,Lucknow,Cash on Delivery
ORD04028,2025-01-31,CUST0096,Furniture,Chair,1,10841,0.11,2323.53,North,Jaipur,Debit Card
ORD04029,2025-01-01,CUST0897,Electronics,Smart Watch,4,131552,0.14,8997.82,North,Jaipur,UPI
ORD04030,2025-01-05,CUST0841,Clothing,Shoes,4,114712,0.06,26040.45,West,Mumbai,Debit Card
ORD04031,2025-10-08,CUST1289,Clothing,Shoes,5,10205,0.21,742.76,South,Hyderabad,UPI
ORD04032,2025-03-15,CUST1512,Beauty,Perfume,2,23012,0.25,2376.23,West,Pune,Debit Card
ORD04033,2025-08-04,CUST0559,Furniture,Chair,2,76306,0.02,11370.66,North,Jaipur,Cash on Delivery
ORD04034,2025-09-20,CUST0323,Clothing,Dress,3,76986,0.24,14496.62,West,Mumbai,UPI
ORD04035,2025-01-17,CUST1359,Clothing,Shoes,1,21489,0.21,3235.47,North,Jaipur,Credit Card
ORD04036,2025-04-26,CUST0192,Beauty,Shampoo,1,46478,0.19,9341.75,South,Bangalore,Credit Card
ORD04037,2025-12-02,CUST0009,Clothing,T-Shirt,4,116144,0.12,11712.31,West,Pune,Debit Card
ORD04038,2025-05-23,CUST0454,Clothing,Jeans,1,45825,0.26,8327.31,East,Kolkata,Debit Card
ORD04039,2025-02-04,CUST0492,Clothing,Jeans,4,146216,0.2,14403.87,West,Mumbai,Net Banking
ORD04040,2025-08-16,CUST1756,Electronics,Headphones,2,16170,0.07,3085.12,West,Mumbai,Net Banking
ORD04041,2025-03-03,CUST0062,Books,Magazine,3,74694,0.04,5165.91,East,Bhubaneswar,Cash on Delivery
ORD04042,2025-07-11,CUST0074,Electronics,Headphones,1,24366,0.29,1406.27,East,Bhubaneswar,Net Banking
ORD04043,2025-12-11,CUST1202,Beauty,Perfume,1,8803,0.23,804.82,East,Bhubaneswar,Net Banking
ORD04044,2025-05-07,CUST0643,Books,Magazine,5,132635,0.18,24454.97,South,Bangalore,Cash on Delivery
ORD04045,2025-02-14,CUST0989,Electronics,Laptop,2,44872,0.2,2246.53,West,Ahmedabad,Net Banking
ORD04046,2025-06-21,CUST0447,Beauty,Face Wash,2,63208,0.26,4681.73,North,Lucknow,UPI
ORD04047,2025-02-03,CUST1279,Clothing,Shoes,3,67212,0.16,3047.54,South,Bangalore,Cash on Delivery
ORD04048,2025-12-16,CUST0772,Beauty,Face Cream,3,83460,0.23,8312.07,North,Delhi,UPI
ORD04049,2025-12-12,CUST1620,Furniture,Chair,2,20812,0.24,1194.21,West,Pune,Debit Card
ORD04050,2025-10-26,CUST1476,Beauty,Shampoo,1,18179,0.16,1093.79,North,Delhi,Cash on Delivery
ORD04051,2025-06-04,CUST1135,Electronics,Headphones,5,218210,0.08,28002.55,North,Lucknow,UPI
ORD04052,2025-01-10,CUST0663,Clothing,Shoes,5,84330,0.0,4456.08,North,Jaipur,Net Banking
ORD04053,2025-04-09,CUST0444,Books,Novel,5,16195,0.16,1408.73,East,Patna,Debit Card
ORD04054,2025-07-12,CUST1944,Electronics,Headphones,1,46039,0.22,2141.87,North,Lucknow,Credit Card
ORD04055,2025-02-19,CUST0842,Furniture,Bookshelf,2,14848,0.23,2857.44,North,Lucknow,Cash on Delivery
ORD04056,2025-05-29,CUST1855,Books,Textbook,2,84410,0.02,19234.31,West,Mumbai,Cash on Delivery
ORD04057,2025-06-27,CUST1160,Beauty,Perfume,5,40100,0.04,7202.0,East,Kolkata,Net Banking
ORD04058,2025-05-15,CUST1198,Clothing,Shoes,4,72116,0.19,12542.46,South,Chennai,Debit Card
ORD04059,2025-02-10,CUST1483,Books,Novel,1,38427,0.04,3649.83,South,Bangalore,Debit Card
ORD04060,2025-08-03,CUST0801,Beauty,Face Wash,3,98904,0.21,17528.66,West,Ahmedabad,Debit Card
ORD04061,2025-06-05,CUST0482,Beauty,Shampoo,3,114489,0.19,20390.16,South,Chennai,Net Banking
ORD04062,2025-07-17,CUST0296,Books,Magazine,1,26579,0.08,1415.64,East,Patna,Net Banking
ORD04063,2025-05-19,CUST1830,Furniture,Chair,2,4010,0.14,274.34,South,Chennai,Net Banking
ORD04064,2025-10-19,CUST0746,Beauty,Perfume,2,55160,0.03,5003.49,East,Kolkata,Debit Card
ORD04065,2025-06-15,CUST1752,Beauty,Face Wash,4,33080,0.15,1480.81,East,Patna,Net Banking
ORD04066,2025-05-23,CUST1722,Clothing,Jeans,5,74340,0.11,11690.79,East,Kolkata,Credit Card
ORD04067,2025-07-15,CUST1256,Beauty,Face Wash,2,2988,0.13,329.14,North,Lucknow,Credit Card
ORD04068,2025-08-01,CUST1104,Clothing,Dress,4,116184,0.21,7138.26,West,Mumbai,Credit Card
ORD04069,2025-11-07,CUST1442,Electronics,Smart Watch,2,34332,0.04,3004.91,West,Pune,Debit Card
ORD04070,2025-09-12,CUST0166,Furniture,Bookshelf,2,68360,0.01,15036.26,North,Delhi,UPI
ORD04071,2025-10-20,CUST0587,Beauty,Face Cream,1,9250,0.22,1313.91,East,Bhubaneswar,Debit Card
ORD04072,2025-11-25,CUST0578,Beauty,Face Cream,2,37382,0.03,8196.45,East,Patna,Credit Card
ORD04073,2025-03-05,CUST1694,Books,Novel,2,25414,0.28,3608.22,North,Lucknow,Net Banking
ORD04074,2025-05-12,CUST0964,Beauty,Perfume,1,28323,0.13,3628.89,West,Ahmedabad,Cash on Delivery
ORD04075,2025-05-09,CUST0506,Clothing,T-Shirt,1,19851,0.0,1907.53,North,Delhi,Cash on Delivery
ORD04076,2025-09-01,CUST1610,Books,Comics,1,42601,0.16,5144.25,West,Mumbai,Net Banking
ORD04077,2025-04-26,CUST1928,Furniture,Chair,3,29508,0.04,2616.02,South,Hyderabad,Net Banking
ORD04078,2025-08-22,CUST0935,Clothing,Jeans,3,98337,0.14,17251.61,East,Kolkata,Debit Card
ORD04079,2025-06-26,CUST0383,Furniture,Bookshelf,2,14978,0.2,1848.08,East,Kolkata,UPI
ORD04080,2025-04-28,CUST1193,Electronics,Headphones,1,15394,0.21,1069.23,East,Bhubaneswar,Cash on Delivery
ORD04081,2025-06-19,CUST1844,Books,Magazine,1,49526,0.24,4030.18,East,Kolkata,Net Banking
ORD04082,2025-01-29,CUST1804,Books,Comics,5,197160,0.09,35984.18,East,Patna,Cash on Delivery
ORD04083,2025-03-18,CUST1994,Books,Comics,3,48948,0.04,8354.54,South,Hyderabad,Debit Card
ORD04084,2025-08-16,CUST1321,Furniture,Bookshelf,4,157200,0.29,14766.48,North,Jaipur,Cash on Delivery
ORD04085,2025-10-21,CUST0667,Books,Novel,4,197636,0.28,31963.2,West,Mumbai,Net Banking
ORD04086,2025-08-13,CUST0355,Furniture,Table,1,8021,0.21,741.78,South,Hyderabad,Credit Card
ORD04087,2025-08-05,CUST0282,Furniture,Sofa,3,92061,0.06,12762.8,North,Lucknow,Cash on Delivery
ORD04088,2025-10-19,CUST0176,Clothing,Shoes,5,206405,0.26,28378.01,East,Bhubaneswar,Cash on Delivery
ORD04089,2025-01-16,CUST0200,Books,Comics,1,36554,0.22,2128.86,South,Chennai,Debit Card
ORD04090,2025-09-08,CUST0663,Clothing,Shoes,1,26394,0.05,1684.02,West,Ahmedabad,Net Banking
ORD04091,2025-11-20,CUST1429,Furniture,Sofa,1,37531,0.21,4123.09,East,Patna,UPI
ORD04092,2025-09-05,CUST1844,Books,Novel,3,125589,0.28,13832.07,North,Lucknow,Credit Card
ORD04093,2025-08-05,CUST0716,Furniture,Chair,3,143193,0.21,27344.07,South,Bangalore,Credit Card
ORD04094,2025-03-21,CUST1522,Books,Textbook,3,24102,0.14,3467.02,South,Chennai,Debit Card
ORD04095,2025-08-26,CUST0765,Electronics,Smart Watch,2,31802,0.1,6838.02,South,Bangalore,Cash on Delivery
ORD04096,2025-06-21,CUST1090,Beauty,Perfume,3,143487,0.24,8289.57,West,Mumbai,Cash on Delivery
ORD04097,2025-08-13,CUST1228,Furniture,Sofa,1,1094,0.09,178.61,South,Hyderabad,UPI
ORD04098,2025-09-19,CUST0062,Furniture,Sofa,1,41758,0.27,5351.36,West,Pune,Cash on Delivery
ORD04099,2025-11-06,CUST1563,Electronics,Laptop,4,105032,0.27,18851.64,West,Pune,Cash on Delivery
ORD04100,2025-05-29,CUST1573,Furniture,Bookshelf,1,30611,0.04,6968.92,South,Hyderabad,Credit Card
ORD04101,2025-04-11,CUST0793,Furniture,Bookshelf,2,97382,0.02,7704.21,West,Ahmedabad,Net Banking
ORD04102,2025-09-08,CUST0424,Furniture,Chair,5,148475,0.22,26392.14,East,Bhubaneswar,Debit Card
ORD04103,2025-04-25,CUST1337,Electronics,Mobile Phone,1,43831,0.15,5756.79,North,Lucknow,Net Banking
ORD04104,2025-04-04,CUST1393,Furniture,Bookshelf,4,198388,0.2,37760.86,West,Pune,Cash on Delivery
ORD04105,2025-10-21,CUST0809,Electronics,Headphones,4,177680,0.28,9142.28,South,Hyderabad,Credit Card
ORD04106,2025-01-20,CUST1195,Beauty,Face Wash,3,51765,0.07,10759.5,West,Ahmedabad,Debit Card
ORD04107,2025-07-19,CUST0298,Electronics,Headphones,2,3162,0.02,399.04,West,Pune,UPI
ORD04108,2025-12-31,CUST1735,Electronics,Headphones,3,12603,0.13,1562.06,North,Jaipur,UPI
ORD04109,2025-09-01,CUST1534,Furniture,Sofa,3,149691,0.06,33269.05,North,Delhi,Credit Card
ORD04110,2025-11-01,CUST0650,Books,Magazine,4,166784,0.27,24725.99,East,Kolkata,Net Banking
ORD04111,2025-09-22,CUST1214,Books,Magazine,4,184704,0.02,22102.83,West,Pune,Net Banking
ORD04112,2025-02-19,CUST0667,Electronics,Mobile Phone,5,200795,0.12,35890.47,North,Delhi,Debit Card
ORD04113,2025-12-23,CUST1691,Books,Comics,1,43547,0.04,4157.83,West,Mumbai,UPI
ORD04114,2025-01-11,CUST0321,Clothing,Jeans,5,66405,0.14,5845.83,West,Ahmedabad,UPI
ORD04115,2025-11-08,CUST0139,Clothing,Shoes,3,99747,0.14,16181.8,East,Kolkata,Net Banking
ORD04116,2025-08-31,CUST0893,Furniture,Chair,5,118230,0.24,18022.87,East,Kolkata,Debit Card
ORD04117,2025-06-15,CUST1140,Furniture,Chair,3,72579,0.26,10105.82,South,Chennai,Cash on Delivery
ORD04118,2025-04-01,CUST1246,Electronics,Mobile Phone,2,20376,0.16,3833.16,South,Chennai,Credit Card
ORD04119,2025-04-10,CUST0719,Clothing,Dress,4,140188,0.18,8135.77,South,Hyderabad,Net Banking
ORD04120,2025-09-13,CUST0545,Beauty,Face Wash,4,139952,0.2,24642.58,West,Mumbai,Cash on Delivery
ORD04121,2025-02-22,CUST1553,Furniture,Table,4,181424,0.05,26539.6,East,Kolkata,UPI
ORD04122,2025-07-26,CUST1516,Electronics,Headphones,5,18590,0.28,1954.67,North,Lucknow,Debit Card
ORD04123,2025-02-25,CUST0004,Furniture,Sofa,1,43131,0.0,6726.54,East,Patna,Net Banking
ORD04124,2025-10-29,CUST0435,Books,Magazine,4,70156,0.08,8845.58,West,Ahmedabad,Cash on Delivery
ORD04125,2025-05-05,CUST1917,Books,Magazine,4,168196,0.09,31003.31,West,Mumbai,Credit Card
ORD04126,2025-04-12,CUST1952,Clothing,Dress,3,147726,0.17,30017.2,West,Pune,Cash on Delivery
ORD04127,2025-02-08,CUST0707,Books,Comics,4,46632,0.15,6866.21,South,Hyderabad,UPI
ORD04128,2025-05-28,CUST0642,Clothing,Jeans,2,73012,0.27,7981.35,West,Pune,UPI
ORD04129,2025-05-10,CUST0970,Furniture,Chair,3,3204,0.1,509.47,North,Lucknow,Credit Card
ORD04130,2025-07-01,CUST1945,Beauty,Shampoo,5,142440,0.05,8823.69,West,Ahmedabad,Net Banking
ORD04131,2025-06-12,CUST1190,Beauty,Perfume,4,6212,0.17,1032.3,South,Bangalore,UPI
ORD04132,2025-04-15,CUST1258,Books,Novel,4,190924,0.07,24355.35,West,Pune,Cash on Delivery
ORD04133,2025-12-02,CUST1787,Books,Textbook,5,247440,0.18,37738.37,West,Pune,Debit Card
ORD04134,2025-11-04,CUST1911,Beauty,Shampoo,5,177880,0.08,16772.26,South,Chennai,Cash on Delivery
ORD04135,2025-09-02,CUST0990,Electronics,Mobile Phone,3,37101,0.1,3345.6,South,Hyderabad,Debit Card
ORD04136,2025-08-16,CUST0757,Clothing,Shoes,2,30132,0.15,3919.76,South,Chennai,Cash on Delivery
ORD04137,2025-04-24,CUST0260,Electronics,Laptop,3,98382,0.18,14824.73,West,Pune,Credit Card
ORD04138,2025-02-28,CUST0898,Books,Novel,3,117339,0.0,12594.06,North,Delhi,Credit Card
ORD04139,2025-04-25,CUST0568,Beauty,Face Wash,1,21636,0.22,1070.47,East,Bhubaneswar,Debit Card
ORD04140,2025-04-30,CUST0506,Clothing,Dress,4,29036,0.29,1807.75,West,Mumbai,UPI
ORD04141,2025-08-30,CUST0643,Beauty,Face Wash,3,39789,0.26,3641.78,South,Chennai,Net Banking
ORD04142,2025-07-26,CUST1877,Books,Novel,5,63415,0.22,3660.69,West,Mumbai,UPI
ORD04143,2025-10-10,CUST0300,Books,Magazine,3,125931,0.14,19529.66,West,Ahmedabad,Cash on Delivery
ORD04144,2025-10-25,CUST1314,Clothing,Shoes,1,39034,0.28,3966.42,West,Mumbai,Net Banking
ORD04145,2025-09-13,CUST1031,Clothing,Shoes,1,37804,0.15,5265.91,West,Pune,Debit Card
ORD04146,2025-08-16,CUST1443,Furniture,Sofa,3,56046,0.3,7154.07,North,Lucknow,Credit Card
ORD04147,2025-11-10,CUST0474,Books,Magazine,1,45475,0.02,10509.26,South,Hyderabad,Credit Card
ORD04148,2025-05-02,CUST0033,Clothing,Shoes,4,137472,0.05,14095.46,East,Kolkata,Debit Card
ORD04149,2025-08-15,CUST0655,Books,Textbook,3,85128,0.15,4597.5,North,Lucknow,Credit Card
ORD04150,2025-10-11,CUST0943,Books,Magazine,3,110343,0.03,24173.78,South,Bangalore,UPI
ORD04151,2025-10-09,CUST1652,Books,Textbook,3,141453,0.09,11597.4,North,Jaipur,UPI
ORD04152,2025-04-22,CUST1783,Furniture,Chair,5,207840,0.14,24572.74,West,Pune,Net Banking
ORD04153,2025-01-24,CUST0838,Furniture,Sofa,1,23385,0.02,2016.18,West,Ahmedabad,Net Banking
ORD04154,2025-05-05,CUST1133,Beauty,Perfume,2,71088,0.03,8800.45,South,Chennai,Cash on Delivery
ORD04155,2025-10-13,CUST1579,Electronics,Smart Watch,3,45615,0.13,8948.35,West,Ahmedabad,Credit Card
ORD04156,2025-01-02,CUST1784,Electronics,Headphones,1,15094,0.14,1893.76,South,Bangalore,Cash on Delivery
ORD04157,2025-09-14,CUST0419,Clothing,T-Shirt,2,5368,0.12,482.59,East,Patna,Cash on Delivery
ORD04158,2025-12-08,CUST0848,Books,Novel,2,27076,0.16,3073.0,West,Pune,UPI
ORD04159,2025-06-17,CUST0596,Beauty,Perfume,3,112410,0.11,20702.53,West,Pune,UPI
ORD04160,2025-04-02,CUST0673,Electronics,Headphones,2,47372,0.29,3657.13,West,Pune,Net Banking
ORD04161,2025-03-19,CUST0433,Books,Novel,5,107405,0.24,12711.06,North,Lucknow,Debit Card
ORD04162,2025-02-28,CUST0034,Beauty,Face Wash,2,7090,0.16,479.92,East,Bhubaneswar,Debit Card
ORD04163,2025-01-08,CUST1072,Electronics,Headphones,3,115503,0.07,14094.66,North,Jaipur,UPI
ORD04164,2025-04-29,CUST1327,Beauty,Shampoo,3,125301,0.11,15316.44,North,Jaipur,Debit Card
ORD04165,2025-06-09,CUST0688,Electronics,Headphones,3,10353,0.01,2299.33,West,Ahmedabad,Net Banking
ORD04166,2025-11-15,CUST1397,Furniture,Sofa,4,8056,0.12,1618.96,South,Chennai,UPI
ORD04167,2025-12-23,CUST1746,Beauty,Face Wash,2,44520,0.13,4634.6,East,Patna,Net Banking
ORD04168,2025-03-26,CUST0624,Electronics,Smart Watch,5,73780,0.12,9573.25,West,Mumbai,Debit Card
ORD04169,2025-06-01,CUST1785,Furniture,Sofa,5,241555,0.07,26934.1,West,Mumbai,Credit Card
ORD04170,2025-01-18,CUST0533,Furniture,Table,2,88974,0.18,14889.61,West,Pune,Debit Card
ORD04171,2025-11-20,CUST0340,Clothing,T-Shirt,5,180670,0.24,18320.31,East,Patna,Debit Card
ORD04172,2025-10-17,CUST1187,Electronics,Headphones,5,125860,0.03,16787.31,North,Lucknow,Net Banking
ORD04173,2025-07-23,CUST1986,Beauty,Face Cream,1,39165,0.15,2434.89,North,Jaipur,Cash on Delivery
ORD04174,2025-02-25,CUST1392,Books,Novel,2,83142,0.16,8795.95,South,Chennai,Credit Card
ORD04175,2025-07-29,CUST0789,Books,Novel,1,25470,0.08,2395.3,East,Kolkata,Credit Card
ORD04176,2025-08-14,CUST0825,Furniture,Bookshelf,2,46766,0.07,3114.1,South,Chennai,Net Banking
ORD04177,2025-11-24,CUST1197,Books,Magazine,2,77546,0.11,10327.15,West,Mumbai,Debit Card
ORD04178,2025-11-12,CUST1605,Beauty,Face Wash,5,22135,0.19,3218.54,East,Kolkata,Cash on Delivery
ORD04179,2025-02-18,CUST1911,Electronics,Mobile Phone,2,12736,0.23,2008.43,South,Hyderabad,Cash on Delivery
ORD04180,2025-08-18,CUST0180,Electronics,Headphones,1,17870,0.25,2734.1,South,Bangalore,Cash on Delivery
ORD04181,2025-06-26,CUST1398,Furniture,Sofa,1,24746,0.06,2378.4,East,Bhubaneswar,Net Banking
ORD04182,2025-10-21,CUST1635,Clothing,Shoes,3,52017,0.03,9315.96,East,Patna,UPI
ORD04183,2025-01-11,CUST1235,Clothing,Shoes,5,168300,0.15,19414.61,North,Jaipur,Credit Card
ORD04184,2025-06-09,CUST1842,Books,Comics,5,131005,0.28,18599.53,West,Mumbai,Credit Card
ORD04185,2025-08-12,CUST0536,Beauty,Perfume,4,75744,0.2,4496.95,North,Lucknow,Debit Card
ORD04186,2025-06-16,CUST0724,Electronics,Smart Watch,1,12973,0.11,1229.45,West,Ahmedabad,Debit Card
ORD04187,2025-10-01,CUST0524,Beauty,Shampoo,4,190708,0.05,12257.58,South,Chennai,UPI
ORD04188,2025-11-18,CUST0742,Furniture,Table,5,221065,0.11,46421.99,North,Delhi,Credit Card
ORD04189,2025-05-21,CUST1326,Beauty,Face Wash,4,143860,0.15,7624.44,North,Jaipur,Net Banking
ORD04190,2025-06-07,CUST0067,Clothing,T-Shirt,4,20824,0.05,1733.56,West,Mumbai,Credit Card
ORD04191,2025-08-29,CUST0325,Books,Comics,1,48557,0.23,3001.93,West,Ahmedabad,Cash on Delivery
ORD04192,2025-08-13,CUST0597,Clothing,Jeans,2,59828,0.13,10108.19,South,Bangalore,Cash on Delivery
ORD04193,2025-12-28,CUST0938,Books,Textbook,3,77154,0.16,9025.99,North,Lucknow,Debit Card
ORD04194,2025-08-02,CUST1002,Books,Comics,5,202570,0.06,12297.96,East,Bhubaneswar,Debit Card
ORD04195,2025-01-03,CUST1864,Beauty,Face Cream,5,87900,0.21,11854.11,West,Pune,Debit Card
ORD04196,2025-02-08,CUST0813,Clothing,Shoes,5,71060,0.23,3083.24,West,Pune,UPI
ORD04197,2025-04-17,CUST1136,Clothing,T-Shirt,5,7350,0.1,730.83,West,Pune,Net Banking
ORD04198,2025-09-20,CUST0033,Clothing,Jeans,3,132192,0.28,18618.54,South,Chennai,UPI
ORD04199,2025-01-30,CUST1780,Beauty,Perfume,1,10823,0.07,775.38,East,Patna,UPI
ORD04200,2025-12-09,CUST1832,Books,Comics,1,7731,0.11,1410.37,East,Kolkata,Credit Card
ORD04201,2025-06-12,CUST1188,Books,Magazine,4,66504,0.08,4118.72,North,Jaipur,UPI
ORD04202,2025-07-14,CUST0724,Electronics,Mobile Phone,5,140200,0.25,10213.86,West,Mumbai,UPI
ORD04203,2025-09-11,CUST1131,Furniture,Bookshelf,4,173184,0.05,12949.8,North,Delhi,Net Banking
ORD04204,2025-08-07,CUST1970,Clothing,Jeans,5,230665,0.04,53512.24,East,Kolkata,UPI
ORD04205,2025-02-09,CUST0662,Clothing,Dress,2,9526,0.02,1006.53,North,Jaipur,Cash on Delivery
ORD04206,2025-01-20,CUST1156,Books,Magazine,2,93942,0.18,11916.2,North,Jaipur,Net Banking
ORD04207,2025-10-01,CUST0440,Beauty,Face Wash,5,132145,0.13,14351.67,South,Bangalore,Cash on Delivery
ORD04208,2025-04-26,CUST0965,Books,Novel,2,15904,0.09,2004.53,West,Ahmedabad,Credit Card
ORD04209,2025-11-05,CUST1831,Electronics,Mobile Phone,2,76832,0.01,13221.71,North,Jaipur,Credit Card
ORD04210,2025-01-04,CUST1296,Electronics,Laptop,4,48420,0.12,2467.63,East,Patna,Credit Card
ORD04211,2025-10-01,CUST1727,Furniture,Bookshelf,3,129939,0.13,17486.91,East,Patna,Net Banking
ORD04212,2025-06-19,CUST1924,Books,Comics,2,61534,0.07,4202.77,North,Delhi,Credit Card
ORD04213,2025-06-17,CUST0525,Clothing,Jeans,5,151105,0.2,10266.77,South,Chennai,UPI
ORD04214,2025-05-01,CUST1313,Electronics,Headphones,3,97698,0.23,9295.53,South,Hyderabad,UPI
ORD04215,2025-09-01,CUST1668,Books,Magazine,5,90405,0.14,4697.74,East,Bhubaneswar,Net Banking
ORD04216,2025-05-04,CUST0980,Clothing,Dress,4,109764,0.3,16686.01,West,Mumbai,Debit Card
ORD04217,2025-01-20,CUST0028,Furniture,Table,3,108483,0.07,14988.86,North,Jaipur,Cash on Delivery
ORD04218,2025-11-19,CUST1800,Beauty,Shampoo,2,16146,0.13,1109.18,North,Lucknow,UPI
ORD04219,2025-07-11,CUST1379,Clothing,Dress,2,28456,0.07,5590.19,North,Jaipur,Cash on Delivery
ORD04220,2025-02-16,CUST1816,Books,Magazine,1,3695,0.03,470.03,East,Kolkata,Net Banking
ORD04221,2025-07-16,CUST0112,Clothing,Jeans,1,28993,0.05,2336.5,East,Kolkata,Net Banking
ORD04222,2025-04-27,CUST0474,Clothing,T-Shirt,3,27147,0.23,2711.59,West,Ahmedabad,UPI
ORD04223,2025-09-01,CUST0176,Beauty,Shampoo,5,53670,0.06,2601.21,East,Kolkata,Cash on Delivery
ORD04224,2025-12-07,CUST1305,Electronics,Headphones,3,10581,0.1,685.9,East,Bhubaneswar,Net Banking
ORD04225,2025-06-20,CUST0846,Furniture,Sofa,1,872,0.25,131.73,North,Lucknow,Cash on Delivery
ORD04226,2025-08-10,CUST0489,Clothing,Dress,2,48814,0.18,2698.08,South,Bangalore,Debit Card
ORD04227,2025-09-27,CUST1605,Clothing,Dress,1,10335,0.21,1724.84,North,Delhi,Cash on Delivery
ORD04228,2025-05-31,CUST1191,Beauty,Shampoo,4,87596,0.22,3712.8,North,Jaipur,Credit Card
ORD04229,2025-01-23,CUST0753,Clothing,Dress,4,77376,0.02,8356.51,West,Pune,Cash on Delivery
ORD04230,2025-11-16,CUST1905,Electronics,Mobile Phone,2,17842,0.21,3139.68,East,Kolkata,Net Banking
ORD04231,2025-09-25,CUST1279,Beauty,Face Wash,1,21203,0.16,4252.72,South,Bangalore,Net Banking
ORD04232,2025-06-12,CUST1774,Books,Novel,5,84180,0.03,19936.86,West,Ahmedabad,UPI
ORD04233,2025-09-14,CUST0639,Electronics,Laptop,3,24306,0.05,4395.17,East,Kolkata,Debit Card
ORD04234,2025-08-29,CUST1835,Furniture,Bookshelf,1,44592,0.28,4454.22,West,Mumbai,Debit Card
ORD04235,2025-12-02,CUST0110,Electronics,Laptop,5,107740,0.09,23411.42,West,Pune,Net Banking
ORD04236,2025-02-16,CUST1912,Furniture,Bookshelf,3,2961,0.27,388.87,North,Delhi,Cash on Delivery
ORD04237,2025-02-28,CUST0213,Beauty,Shampoo,4,29332,0.06,6213.85,West,Mumbai,Credit Card
ORD04238,2025-03-25,CUST0061,Beauty,Face Cream,5,209415,0.25,10612.56,South,Chennai,Credit Card
ORD04239,2025-02-02,CUST1364,Furniture,Bookshelf,4,70032,0.0,4393.13,West,Pune,Debit Card
ORD04240,2025-03-18,CUST1745,Furniture,Chair,1,47004,0.27,4719.31,West,Ahmedabad,Debit Card
ORD04241,2025-12-05,CUST1449,Electronics,Laptop,2,36550,0.23,2378.28,West,Pune,UPI
ORD04242,2025-05-21,CUST1863,Electronics,Headphones,3,131040,0.12,15832.73,West,Pune,Net Banking
ORD04243,2025-02-10,CUST0866,Clothing,Jeans,4,79028,0.04,4905.35,South,Chennai,Net Banking
ORD04244,2025-12-26,CUST0693,Furniture,Bookshelf,5,198320,0.24,10484.2,North,Delhi,Net Banking
ORD04245,2025-09-11,CUST0588,Clothing,Jeans,4,104472,0.1,5916.6,East,Patna,Cash on Delivery
ORD04246,2025-06-11,CUST0020,Furniture,Table,1,28887,0.23,2314.77,South,Chennai,Cash on Delivery
ORD04247,2025-12-01,CUST0214,Electronics,Headphones,1,45787,0.26,4918.4,East,Kolkata,Credit Card
ORD04248,2025-11-03,CUST1737,Furniture,Bookshelf,1,45300,0.0,6762.08,South,Hyderabad,UPI
ORD04249,2025-09-27,CUST0466,Beauty,Perfume,4,16028,0.03,3267.17,East,Bhubaneswar,UPI
ORD04250,2025-09-13,CUST0493,Furniture,Sofa,3,127077,0.09,12869.39,East,Patna,Credit Card
ORD04251,2025-09-02,CUST0071,Furniture,Chair,5,156115,0.07,29300.37,East,Patna,UPI
ORD04252,2025-09-05,CUST1633,Beauty,Face Wash,2,11026,0.2,1925.99,South,Bangalore,Debit Card
ORD04253,2025-03-01,CUST1062,Electronics,Headphones,2,63096,0.01,14516.08,North,Lucknow,Debit Card
ORD04254,2025-01-11,CUST0671,Books,Magazine,1,48849,0.19,3316.98,West,Pune,Debit Card
ORD04255,2025-03-20,CUST0800,Electronics,Headphones,2,66822,0.02,6769.91,West,Ahmedabad,Cash on Delivery
ORD04256,2025-02-09,CUST0873,Books,Novel,5,200940,0.19,13734.17,West,Mumbai,UPI
ORD04257,2025-11-10,CUST0054,Electronics,Headphones,4,48528,0.22,5774.67,East,Kolkata,Net Banking
ORD04258,2025-12-08,CUST1683,Books,Novel,2,12668,0.23,780.53,West,Ahmedabad,UPI
ORD04259,2025-04-05,CUST0675,Beauty,Face Wash,2,21996,0.06,4985.33,South,Hyderabad,Cash on Delivery
ORD04260,2025-06-26,CUST1932,Beauty,Perfume,1,45728,0.21,3353.78,South,Bangalore,Cash on Delivery
ORD04261,2025-02-17,CUST0389,Electronics,Mobile Phone,4,185316,0.03,43678.14,South,Hyderabad,Debit Card
ORD04262,2025-12-25,CUST1004,Clothing,Shoes,2,27416,0.09,3701.86,West,Mumbai,Debit Card
ORD04263,2025-08-13,CUST1217,Clothing,T-Shirt,2,2554,0.18,182.26,East,Patna,Credit Card
ORD04264,2025-05-28,CUST0294,Beauty,Face Wash,5,151705,0.02,28512.38,North,Jaipur,Debit Card
ORD04265,2025-01-02,CUST1769,Electronics,Headphones,3,45975,0.29,7532.61,South,Hyderabad,Net Banking
ORD04266,2025-12-10,CUST1606,Furniture,Table,5,233885,0.18,24754.98,West,Pune,Credit Card
ORD04267,2025-11-17,CUST0204,Beauty,Face Cream,3,90726,0.04,13422.89,West,Ahmedabad,Cash on Delivery
ORD04268,2025-11-22,CUST0151,Electronics,Smart Watch,2,43024,0.03,7592.99,South,Chennai,Credit Card
ORD04269,2025-12-13,CUST0091,Clothing,T-Shirt,4,88028,0.06,19785.29,North,Delhi,Credit Card
ORD04270,2025-04-19,CUST0286,Furniture,Bookshelf,3,141378,0.22,7798.36,East,Patna,Credit Card
ORD04271,2025-06-14,CUST1816,Clothing,Jeans,5,161125,0.24,18949.24,South,Chennai,Cash on Delivery
ORD04272,2025-06-30,CUST1151,Electronics,Headphones,1,16789,0.14,3563.38,South,Hyderabad,Cash on Delivery
ORD04273,2025-08-06,CUST1671,Books,Comics,2,17238,0.07,3967.56,West,Ahmedabad,Net Banking
ORD04274,2025-11-02,CUST0429,Clothing,Jeans,1,34307,0.0,8545.97,West,Ahmedabad,Cash on Delivery
ORD04275,2025-06-04,CUST0553,Electronics,Headphones,2,10766,0.28,1693.63,North,Lucknow,Net Banking
ORD04276,2025-04-29,CUST1114,Books,Comics,4,169232,0.08,28025.54,North,Delhi,UPI
ORD04277,2025-03-28,CUST0628,Electronics,Smart Watch,1,44484,0.08,4228.26,South,Bangalore,Debit Card
ORD04278,2025-07-02,CUST0660,Furniture,Table,4,5996,0.0,1395.6,North,Jaipur,Net Banking
ORD04279,2025-09-19,CUST0057,Books,Comics,5,239590,0.03,17398.51,South,Bangalore,Net Banking
ORD04280,2025-09-04,CUST1212,Clothing,Jeans,2,96572,0.27,7477.43,East,Kolkata,Net Banking
ORD04281,2025-08-07,CUST1578,Clothing,Dress,3,44592,0.14,9526.72,West,Ahmedabad,Debit Card
ORD04282,2025-08-02,CUST1395,Electronics,Headphones,1,29745,0.23,2891.93,South,Chennai,Cash on Delivery
ORD04283,2025-08-09,CUST1428,Electronics,Mobile Phone,1,7045,0.17,1446.54,South,Chennai,UPI
ORD04284,2025-02-28,CUST1723,Electronics,Headphones,2,4350,0.18,527.97,East,Patna,Credit Card
ORD04285,2025-04-21,CUST0995,Furniture,Sofa,4,165252,0.02,23207.4,South,Bangalore,Net Banking
ORD04286,2025-01-08,CUST0588,Clothing,T-Shirt,5,192785,0.04,11135.68,West,Mumbai,Debit Card
ORD04287,2025-08-18,CUST1995,Books,Comics,2,13648,0.12,2589.71,North,Jaipur,Debit Card
ORD04288,2025-06-14,CUST0125,Clothing,Dress,3,95514,0.07,10840.32,West,Ahmedabad,Cash on Delivery
ORD04289,2025-11-16,CUST1302,Furniture,Chair,2,51408,0.24,9299.08,North,Jaipur,UPI
ORD04290,2025-12-05,CUST1986,Clothing,T-Shirt,1,41223,0.1,5926.71,West,Mumbai,Net Banking
ORD04291,2025-10-19,CUST1238,Electronics,Smart Watch,3,3696,0.28,418.92,East,Patna,Cash on Delivery
ORD04292,2025-12-23,CUST1474,Books,Textbook,4,87624,0.29,8668.74,East,Bhubaneswar,Net Banking
ORD04293,2025-11-22,CUST0741,Electronics,Mobile Phone,2,5406,0.29,391.73,East,Bhubaneswar,UPI
ORD04294,2025-03-01,CUST1494,Furniture,Table,3,3390,0.17,238.76,West,Pune,Cash on Delivery
ORD04295,2025-11-18,CUST0161,Beauty,Face Wash,1,5189,0.07,489.81,South,Chennai,Debit Card
ORD04296,2025-05-20,CUST1953,Electronics,Headphones,4,7008,0.17,1271.41,North,Jaipur,Cash on Delivery
ORD04297,2025-01-12,CUST0600,Furniture,Table,1,1388,0.01,149.45,East,Kolkata,Cash on Delivery
ORD04298,2025-10-02,CUST1659,Furniture,Table,4,102936,0.16,7973.16,East,Patna,Cash on Delivery
ORD04299,2025-11-06,CUST0291,Furniture,Chair,1,18984,0.3,2130.45,East,Bhubaneswar,Debit Card
ORD04300,2025-09-29,CUST0081,Beauty,Perfume,4,112636,0.02,26849.39,South,Bangalore,Cash on Delivery
ORD04301,2025-07-16,CUST0723,Books,Textbook,5,39230,0.05,8515.49,North,Delhi,Credit Card
ORD04302,2025-02-25,CUST0693,Furniture,Sofa,5,110600,0.18,10126.23,North,Jaipur,UPI
ORD04303,2025-09-05,CUST1755,Beauty,Shampoo,1,41915,0.13,3825.45,West,Pune,Cash on Delivery
ORD04304,2025-08-23,CUST0824,Clothing,T-Shirt,2,21486,0.21,1261.64,North,Lucknow,Cash on Delivery
ORD04305,2025-05-30,CUST0570,Electronics,Smart Watch,4,28120,0.12,2494.25,East,Bhubaneswar,Cash on Delivery
ORD04306,2025-12-16,CUST0632,Books,Magazine,5,201380,0.27,12643.03,East,Bhubaneswar,UPI
ORD04307,2025-08-16,CUST1296,Books,Comics,1,6268,0.26,969.56,South,Hyderabad,Credit Card
ORD04308,2025-06-16,CUST1177,Furniture,Table,5,235230,0.05,37018.74,West,Ahmedabad,UPI
ORD04309,2025-10-06,CUST0523,Furniture,Table,1,38146,0.2,3872.51,East,Kolkata,Cash on Delivery
ORD04310,2025-09-02,CUST1540,Clothing,Jeans,5,164480,0.17,24410.03,East,Patna,Credit Card
ORD04311,2025-09-29,CUST0093,Beauty,Perfume,3,113991,0.14,8936.19,West,Pune,Debit Card
ORD04312,2025-03-04,CUST0868,Clothing,Dress,1,37390,0.03,5716.03,South,Bangalore,Credit Card
ORD04313,2025-07-24,CUST1544,Books,Magazine,4,121988,0.13,20041.51,East,Bhubaneswar,UPI
ORD04314,2025-03-06,CUST0702,Books,Novel,2,48812,0.05,10096.02,North,Lucknow,Net Banking
ORD04315,2025-01-08,CUST1088,Books,Comics,4,153876,0.15,30824.35,North,Jaipur,Debit Card
ORD04316,2025-08-12,CUST1503,Beauty,Perfume,1,2214,0.19,393.0,East,Patna,Credit Card
ORD04317,2025-09-04,CUST1878,Books,Magazine,3,56052,0.24,6197.96,West,Mumbai,UPI
ORD04318,2025-01-10,CUST1428,Furniture,Sofa,4,16524,0.04,1951.76,East,Bhubaneswar,UPI
ORD04319,2025-11-14,CUST1418,Furniture,Table,5,94960,0.01,20319.85,East,Bhubaneswar,Net Banking
ORD04320,2025-09-09,CUST0530,Books,Textbook,2,49522,0.12,7669.36,West,Pune,Debit Card
ORD04321,2025-12-11,CUST0840,Books,Textbook,3,140997,0.2,16319.54,East,Bhubaneswar,Credit Card
ORD04322,2025-10-17,CUST1841,Clothing,Dress,1,46937,0.27,4001.79,East,Kolkata,Debit Card
ORD04323,2025-12-28,CUST1425,Clothing,T-Shirt,4,194340,0.14,26004.87,West,Mumbai,Credit Card
ORD04324,2025-10-12,CUST1191,Beauty,Perfume,5,184790,0.15,37595.28,East,Patna,Debit Card
ORD04325,2025-10-04,CUST0064,Clothing,Shoes,2,54706,0.28,8357.86,West,Mumbai,Credit Card
ORD04326,2025-05-27,CUST0403,Beauty,Perfume,5,59015,0.19,9754.26,East,Bhubaneswar,Debit Card
ORD04327,2025-09-11,CUST1784,Electronics,Laptop,4,28896,0.13,2382.9,West,Ahmedabad,Cash on Delivery
ORD04328,2025-02-03,CUST1201,Books,Textbook,4,29832,0.13,2792.25,South,Bangalore,UPI
ORD04329,2025-03-30,CUST0703,Beauty,Face Cream,3,5766,0.26,799.26,West,Ahmedabad,Net Banking
ORD04330,2025-09-01,CUST1086,Clothing,Dress,4,160972,0.02,21362.59,North,Delhi,UPI
ORD04331,2025-04-11,CUST0442,Beauty,Face Cream,4,177604,0.01,27214.15,South,Chennai,Debit Card
ORD04332,2025-08-10,CUST1176,Books,Novel,4,80548,0.07,16198.49,South,Chennai,Credit Card
ORD04333,2025-11-24,CUST0722,Furniture,Table,1,6417,0.21,935.55,North,Lucknow,Net Banking
ORD04334,2025-05-15,CUST0081,Books,Novel,2,76020,0.25,7646.05,North,Lucknow,Credit Card
ORD04335,2025-07-02,CUST1209,Electronics,Laptop,4,159168,0.27,11925.26,South,Hyderabad,Debit Card
ORD04336,2025-01-31,CUST0753,Electronics,Laptop,2,31210,0.17,5988.72,South,Chennai,Net Banking
ORD04337,2025-05-29,CUST1694,Beauty,Perfume,5,85665,0.05,13411.03,West,Ahmedabad,Credit Card
ORD04338,2025-05-05,CUST0971,Books,Comics,3,32763,0.16,3026.8,West,Pune,Cash on Delivery
ORD04339,2025-08-18,CUST0973,Clothing,Dress,2,2274,0.24,339.09,East,Kolkata,Credit Card
ORD04340,2025-06-18,CUST0722,Electronics,Mobile Phone,4,43516,0.11,9285.64,South,Chennai,Credit Card
ORD04341,2025-11-21,CUST0626,Clothing,Shoes,5,50235,0.08,10092.7,West,Ahmedabad,Net Banking
ORD04342,2025-10-29,CUST1813,Clothing,Shoes,5,238000,0.14,39192.14,South,Bangalore,Credit Card
ORD04343,2025-09-03,CUST0527,Books,Textbook,5,145430,0.13,19141.21,North,Delhi,Cash on Delivery
ORD04344,2025-03-26,CUST1223,Books,Magazine,3,5040,0.13,837.46,North,Delhi,Cash on Delivery
ORD04345,2025-02-08,CUST1364,Books,Magazine,3,21225,0.22,2437.22,East,Kolkata,Net Banking
ORD04346,2025-08-24,CUST1651,Electronics,Smart Watch,1,17793,0.02,3995.95,North,Jaipur,UPI
ORD04347,2025-01-29,CUST1897,Books,Novel,3,50523,0.24,3828.18,South,Hyderabad,Credit Card
ORD04348,2025-07-03,CUST0651,Beauty,Face Wash,1,19577,0.19,1496.99,West,Ahmedabad,UPI
ORD04349,2025-06-15,CUST1047,Electronics,Smart Watch,1,43866,0.02,9734.87,East,Kolkata,Debit Card
ORD04350,2025-12-24,CUST1467,Furniture,Bookshelf,1,14845,0.14,2411.39,West,Mumbai,UPI
ORD04351,2025-09-13,CUST0478,Beauty,Face Wash,4,96228,0.12,4704.33,South,Chennai,UPI
ORD04352,2025-11-21,CUST1350,Clothing,T-Shirt,4,57856,0.07,9099.3,West,Mumbai,UPI
ORD04353,2025-10-10,CUST1263,Electronics,Laptop,3,112716,0.05,8705.29,North,Lucknow,Credit Card
ORD04354,2025-05-19,CUST1734,Clothing,Dress,4,22272,0.06,2643.21,North,Delhi,Net Banking
ORD04355,2025-06-24,CUST1112,Beauty,Perfume,3,18213,0.29,1347.03,North,Delhi,UPI
ORD04356,2025-01-17,CUST1960,Furniture,Bookshelf,5,235550,0.26,43364.17,North,Delhi,Debit Card
ORD04357,2025-06-17,CUST1252,Furniture,Sofa,2,10180,0.21,1322.42,North,Jaipur,Cash on Delivery
ORD04358,2025-05-21,CUST1632,Electronics,Smart Watch,5,64935,0.24,9404.08,West,Pune,Cash on Delivery
ORD04359,2025-06-20,CUST0771,Beauty,Perfume,3,51963,0.27,8289.72,West,Mumbai,Credit Card
ORD04360,2025-05-14,CUST1551,Furniture,Bookshelf,3,34752,0.05,4296.57,East,Kolkata,UPI
ORD04361,2025-09-23,CUST0327,Beauty,Face Wash,4,90476,0.26,15128.66,West,Mumbai,Cash on Delivery
ORD04362,2025-01-29,CUST0756,Beauty,Shampoo,5,185370,0.25,9652.33,North,Jaipur,Net Banking
ORD04363,2025-03-29,CUST0823,Electronics,Laptop,3,71121,0.27,3032.43,West,Ahmedabad,Cash on Delivery
ORD04364,2025-06-03,CUST1856,Books,Magazine,3,54747,0.22,2915.81,East,Kolkata,Debit Card
ORD04365,2025-10-03,CUST0125,Clothing,Dress,4,131416,0.24,5368.99,South,Hyderabad,Debit Card
ORD04366,2025-04-01,CUST0842,Electronics,Laptop,2,58442,0.2,8489.76,East,Kolkata,Net Banking
ORD04367,2025-12-07,CUST1035,Furniture,Bookshelf,2,34394,0.02,6576.87,North,Jaipur,UPI
ORD04368,2025-01-06,CUST0091,Furniture,Chair,4,174872,0.16,20245.85,North,Jaipur,Cash on Delivery
ORD04369,2025-04-26,CUST1221,Books,Novel,4,96356,0.17,6464.6,East,Kolkata,Cash on Delivery
ORD04370,2025-02-12,CUST0661,Beauty,Perfume,1,21005,0.08,4311.5,North,Lucknow,UPI
ORD04371,2025-02-26,CUST1455,Electronics,Mobile Phone,1,45576,0.25,4834.39,West,Mumbai,Net Banking
ORD04372,2025-07-08,CUST0743,Electronics,Laptop,5,84555,0.05,8578.12,West,Pune,Cash on Delivery
ORD04373,2025-12-19,CUST0190,Beauty,Shampoo,4,13988,0.13,1796.48,West,Pune,Net Banking
ORD04374,2025-11-22,CUST1213,Clothing,Jeans,5,40940,0.08,1963.64,South,Bangalore,Credit Card
ORD04375,2025-04-24,CUST0402,Electronics,Headphones,2,98690,0.11,12916.47,South,Bangalore,Cash on Delivery
ORD04376,2025-06-26,CUST1215,Beauty,Face Wash,5,36005,0.05,6980.23,North,Lucknow,Net Banking
ORD04377,2025-10-04,CUST0060,Furniture,Table,4,156900,0.22,19174.92,West,Ahmedabad,UPI
ORD04378,2025-01-08,CUST1761,Clothing,Jeans,2,8972,0.16,1002.26,East,Bhubaneswar,Net Banking
ORD04379,2025-07-26,CUST1792,Books,Novel,4,174536,0.01,11053.88,South,Bangalore,Credit Card
ORD04380,2025-11-13,CUST0721,Electronics,Mobile Phone,1,15342,0.27,2636.57,South,Bangalore,Net Banking
ORD04381,2025-07-31,CUST0311,Electronics,Headphones,4,101296,0.23,10694.97,North,Jaipur,Net Banking
ORD04382,2025-07-04,CUST0499,Beauty,Face Wash,2,51562,0.26,2322.55,West,Ahmedabad,Cash on Delivery
ORD04383,2025-05-22,CUST0737,Books,Magazine,1,41055,0.04,4542.14,South,Chennai,UPI
ORD04384,2025-08-26,CUST1679,Books,Novel,3,5106,0.18,677.57,West,Ahmedabad,Credit Card
ORD04385,2025-01-29,CUST0105,Books,Magazine,2,84360,0.27,14065.93,North,Lucknow,UPI
ORD04386,2025-05-04,CUST1745,Beauty,Perfume,3,102807,0.09,22642.89,East,Patna,Net Banking
ORD04387,2025-11-29,CUST1464,Clothing,T-Shirt,4,18244,0.07,3603.53,North,Jaipur,Cash on Delivery
ORD04388,2025-08-29,CUST0764,Electronics,Mobile Phone,3,112629,0.26,15556.29,North,Jaipur,Net Banking
ORD04389,2025-10-11,CUST1683,Electronics,Headphones,5,19190,0.19,3721.87,East,Bhubaneswar,Credit Card
ORD04390,2025-03-23,CUST1739,Electronics,Headphones,2,65038,0.2,8605.31,West,Mumbai,Cash on Delivery
ORD04391,2025-06-14,CUST1887,Beauty,Face Wash,2,1574,0.21,253.15,East,Kolkata,UPI
ORD04392,2025-01-01,CUST1110,Electronics,Headphones,3,96303,0.06,14341.23,West,Pune,Debit Card
ORD04393,2025-01-02,CUST0911,Clothing,Shoes,4,43920,0.15,5610.06,East,Kolkata,Credit Card
ORD04394,2025-07-04,CUST0150,Furniture,Table,1,24777,0.21,4744.92,South,Chennai,Debit Card
ORD04395,2025-08-13,CUST1133,Furniture,Sofa,3,32367,0.08,1969.02,North,Delhi,Net Banking
ORD04396,2025-12-21,CUST0247,Beauty,Face Wash,3,25500,0.06,5347.48,North,Lucknow,Net Banking
ORD04397,2025-01-02,CUST1009,Furniture,Sofa,1,19472,0.03,1027.75,North,Jaipur,Debit Card
ORD04398,2025-04-19,CUST0443,Electronics,Headphones,3,85611,0.17,16544.94,East,Kolkata,Credit Card
ORD04399,2025-08-18,CUST0464,Beauty,Perfume,5,189845,0.27,23113.95,South,Bangalore,Net Banking
ORD04400,2025-11-05,CUST0100,Beauty,Face Cream,2,89392,0.11,17515.22,North,Lucknow,Cash on Delivery
ORD04401,2025-03-05,CUST0417,Electronics,Headphones,4,13892,0.13,963.77,West,Mumbai,Cash on Delivery
ORD04402,2025-04-24,CUST1831,Clothing,Dress,3,106725,0.3,4774.09,North,Delhi,Cash on Delivery
ORD04403,2025-12-21,CUST0400,Beauty,Face Wash,3,42306,0.29,3604.14,South,Bangalore,UPI
ORD04404,2025-10-06,CUST1196,Furniture,Table,4,146680,0.23,13963.44,East,Bhubaneswar,Debit Card
ORD04405,2025-08-18,CUST1265,Electronics,Headphones,2,86600,0.28,4461.77,West,Ahmedabad,Net Banking
ORD04406,2025-01-05,CUST0576,Books,Magazine,2,89314,0.23,5209.16,West,Mumbai,Credit Card
ORD04407,2025-12-05,CUST1168,Clothing,Jeans,5,174580,0.19,13838.84,South,Hyderabad,Cash on Delivery
ORD04408,2025-01-09,CUST0530,Electronics,Smart Watch,5,240485,0.21,15333.91,East,Kolkata,UPI
ORD04409,2025-01-21,CUST1663,Electronics,Headphones,4,101492,0.13,9769.52,South,Hyderabad,Cash on Delivery
ORD04410,2025-11-07,CUST0858,Clothing,Shoes,2,61830,0.09,11069.54,North,Lucknow,Cash on Delivery
ORD04411,2025-10-12,CUST1587,Clothing,Shoes,2,64638,0.06,3741.39,North,Jaipur,Net Banking
ORD04412,2025-10-25,CUST1111,Clothing,Jeans,5,153360,0.01,26074.84,South,Chennai,Credit Card
ORD04413,2025-07-22,CUST0284,Furniture,Bookshelf,4,96876,0.03,17711.34,West,Mumbai,UPI
ORD04414,2025-09-16,CUST1329,Electronics,Mobile Phone,4,140252,0.28,18895.56,South,Bangalore,UPI
ORD04415,2025-09-26,CUST0130,Beauty,Perfume,4,106580,0.26,11896.61,North,Delhi,Credit Card
ORD04416,2025-07-13,CUST0661,Beauty,Shampoo,2,49428,0.05,8658.65,East,Patna,Net Banking
ORD04417,2025-02-21,CUST1364,Electronics,Mobile Phone,4,158440,0.04,26809.45,North,Lucknow,Net Banking
ORD04418,2025-04-19,CUST0542,Books,Magazine,2,17162,0.01,1061.18,West,Mumbai,Net Banking
ORD04419,2025-05-20,CUST1838,Electronics,Headphones,5,151935,0.17,7428.3,East,Bhubaneswar,Net Banking
ORD04420,2025-11-21,CUST0278,Clothing,Jeans,3,107508,0.11,18027.49,East,Bhubaneswar,Cash on Delivery
ORD04421,2025-08-05,CUST1441,Electronics,Smart Watch,1,44406,0.3,5829.8,North,Delhi,Cash on Delivery
ORD04422,2025-04-24,CUST1312,Beauty,Face Wash,5,191885,0.14,30817.75,North,Jaipur,UPI
ORD04423,2025-11-25,CUST1590,Books,Magazine,2,59344,0.16,11688.05,North,Lucknow,Debit Card
ORD04424,2025-09-12,CUST0048,Clothing,Shoes,4,194660,0.26,22352.99,North,Delhi,Debit Card
ORD04425,2025-08-14,CUST0411,Electronics,Headphones,5,211100,0.03,36110.25,East,Bhubaneswar,UPI
ORD04426,2025-11-01,CUST1234,Furniture,Chair,3,77724,0.29,5740.25,North,Jaipur,Debit Card
ORD04427,2025-01-20,CUST0721,Furniture,Chair,4,144768,0.05,13093.69,South,Chennai,Net Banking
ORD04428,2025-08-14,CUST1067,Beauty,Perfume,1,35094,0.09,1686.41,West,Mumbai,Debit Card
ORD04429,2025-07-17,CUST0285,Beauty,Face Wash,3,88443,0.13,10099.58,North,Delhi,UPI
ORD04430,2025-12-06,CUST1750,Books,Magazine,3,125583,0.04,27800.07,East,Bhubaneswar,Debit Card
ORD04431,2025-10-21,CUST1244,Clothing,Dress,4,107352,0.14,15881.95,East,Patna,UPI
ORD04432,2025-12-08,CUST0049,Beauty,Face Cream,4,125776,0.18,6057.64,South,Hyderabad,UPI
ORD04433,2025-04-30,CUST1141,Furniture,Table,5,56120,0.13,11465.49,North,Delhi,Cash on Delivery
ORD04434,2025-11-07,CUST1075,Books,Comics,2,27592,0.25,3792.83,South,Hyderabad,Cash on Delivery
ORD04435,2025-04-06,CUST1154,Clothing,Jeans,3,84705,0.19,13580.06,East,Patna,Cash on Delivery
ORD04436,2025-10-11,CUST0107,Beauty,Shampoo,3,80427,0.11,7425.5,North,Delhi,Net Banking
ORD04437,2025-03-24,CUST0841,Furniture,Chair,1,46770,0.09,8699.61,West,Ahmedabad,Credit Card
ORD04438,2025-08-08,CUST0845,Beauty,Face Cream,4,10244,0.02,656.86,East,Kolkata,Debit Card
ORD04439,2025-02-12,CUST0014,Beauty,Shampoo,3,120420,0.23,15142.96,West,Mumbai,UPI
ORD04440,2025-06-23,CUST1931,Books,Novel,3,132441,0.18,12447.38,West,Pune,Debit Card
ORD04441,2025-03-08,CUST1341,Clothing,T-Shirt,4,138032,0.26,22557.65,North,Delhi,Cash on Delivery
ORD04442,2025-12-07,CUST1382,Furniture,Chair,3,37065,0.25,2115.67,North,Lucknow,Net Banking
ORD04443,2025-07-23,CUST0765,Books,Magazine,4,53980,0.05,6786.18,South,Chennai,Cash on Delivery
ORD04444,2025-07-26,CUST1539,Books,Novel,4,17496,0.19,2632.42,North,Lucknow,UPI
ORD04445,2025-01-12,CUST0834,Electronics,Mobile Phone,3,1680,0.19,165.36,North,Delhi,Debit Card
ORD04446,2025-06-06,CUST1563,Clothing,Jeans,3,49707,0.09,7466.3,West,Pune,Cash on Delivery
ORD04447,2025-05-26,CUST1023,Furniture,Chair,3,13467,0.25,2470.83,West,Ahmedabad,Cash on Delivery
ORD04448,2025-06-30,CUST0394,Furniture,Sofa,1,10786,0.15,1743.99,North,Jaipur,Net Banking
ORD04449,2025-06-12,CUST1155,Books,Magazine,5,211990,0.27,23013.08,East,Bhubaneswar,Credit Card
ORD04450,2025-09-29,CUST1511,Electronics,Headphones,3,65031,0.05,12842.26,North,Lucknow,Credit Card
ORD04451,2025-05-07,CUST1285,Clothing,T-Shirt,3,144735,0.07,31235.82,North,Jaipur,Credit Card
ORD04452,2025-04-27,CUST1589,Books,Magazine,3,59481,0.19,5177.06,West,Ahmedabad,Credit Card
ORD04453,2025-09-13,CUST1420,Books,Textbook,4,139704,0.13,28415.0,East,Patna,Debit Card
ORD04454,2025-05-21,CUST1871,Electronics,Headphones,2,35318,0.19,5804.58,West,Pune,Net Banking
ORD04455,2025-08-19,CUST1286,Beauty,Face Cream,3,21705,0.17,937.41,South,Hyderabad,UPI
ORD04456,2025-03-26,CUST1186,Electronics,Laptop,3,58824,0.3,7112.13,West,Ahmedabad,Net Banking
ORD04457,2025-08-05,CUST0729,Clothing,T-Shirt,3,27282,0.04,3943.08,West,Ahmedabad,Net Banking
ORD04458,2025-11-26,CUST0745,Furniture,Bookshelf,3,102894,0.18,4248.44,North,Delhi,Cash on Delivery
ORD04459,2025-07-13,CUST0718,Books,Novel,3,46443,0.08,10579.07,East,Patna,UPI
ORD04460,2025-12-21,CUST0055,Clothing,Jeans,3,55611,0.02,12198.64,East,Kolkata,Net Banking
ORD04461,2025-05-03,CUST0661,Electronics,Mobile Phone,2,78452,0.1,12687.59,South,Chennai,Cash on Delivery
ORD04462,2025-03-05,CUST0320,Books,Textbook,1,49155,0.14,10541.4,East,Patna,Net Banking
ORD04463,2025-12-04,CUST1047,Clothing,T-Shirt,2,52570,0.09,3848.04,North,Delhi,UPI
ORD04464,2025-11-22,CUST1990,Furniture,Table,5,168050,0.18,28034.64,East,Bhubaneswar,Cash on Delivery
ORD04465,2025-11-27,CUST1478,Electronics,Mobile Phone,1,29594,0.01,3638.98,North,Jaipur,UPI
ORD04466,2025-05-11,CUST1462,Beauty,Face Cream,2,25314,0.13,1890.93,West,Ahmedabad,Credit Card
ORD04467,2025-09-26,CUST0108,Clothing,Shoes,2,1434,0.29,151.91,East,Bhubaneswar,Debit Card
ORD04468,2025-11-06,CUST1894,Beauty,Shampoo,5,245800,0.25,18125.93,West,Ahmedabad,Net Banking
ORD04469,2025-04-10,CUST0797,Beauty,Perfume,2,82306,0.18,9241.64,East,Kolkata,Net Banking
ORD04470,2025-10-07,CUST1380,Electronics,Headphones,3,22659,0.26,3543.0,East,Bhubaneswar,Credit Card
ORD04471,2025-03-17,CUST1521,Books,Textbook,5,52835,0.16,5767.54,West,Ahmedabad,Net Banking
ORD04472,2025-03-26,CUST0987,Electronics,Laptop,1,21188,0.18,2874.69,West,Pune,Debit Card
ORD04473,2025-02-06,CUST1999,Beauty,Perfume,3,145923,0.07,32873.59,North,Jaipur,Cash on Delivery
ORD04474,2025-07-16,CUST1802,Books,Comics,2,85036,0.09,11531.64,North,Lucknow,UPI
ORD04475,2025-01-11,CUST1643,Books,Magazine,4,96572,0.19,6140.5,North,Jaipur,UPI
ORD04476,2025-07-02,CUST1819,Electronics,Smart Watch,4,82656,0.2,13504.16,West,Ahmedabad,Net Banking
ORD04477,2025-09-20,CUST1839,Beauty,Shampoo,1,42213,0.04,4665.07,North,Jaipur,UPI
ORD04478,2025-07-16,CUST1225,Beauty,Face Cream,1,22186,0.27,3683.32,North,Lucknow,Credit Card
ORD04479,2025-04-06,CUST0367,Clothing,Shoes,4,77228,0.2,12893.32,South,Hyderabad,Cash on Delivery
ORD04480,2025-12-09,CUST0533,Books,Magazine,1,5527,0.22,515.53,East,Kolkata,Credit Card
ORD04481,2025-02-19,CUST0636,Books,Magazine,1,29628,0.1,4546.91,South,Hyderabad,Debit Card
ORD04482,2025-12-14,CUST1177,Furniture,Table,5,125575,0.2,11363.51,North,Lucknow,Cash on Delivery
ORD04483,2025-03-14,CUST1571,Clothing,Dress,3,2745,0.29,466.91,South,Hyderabad,Cash on Delivery
ORD04484,2025-01-03,CUST1326,Beauty,Shampoo,2,88262,0.19,11123.37,East,Bhubaneswar,Cash on Delivery
ORD04485,2025-01-16,CUST1921,Electronics,Headphones,2,46818,0.03,10516.68,North,Lucknow,Credit Card
ORD04486,2025-05-23,CUST1698,Electronics,Mobile Phone,1,31751,0.11,2008.69,West,Mumbai,Debit Card
ORD04487,2025-01-05,CUST1984,Beauty,Perfume,4,107492,0.22,15700.53,North,Lucknow,UPI
ORD04488,2025-04-05,CUST0804,Furniture,Sofa,3,1788,0.23,69.12,East,Kolkata,Debit Card
ORD04489,2025-07-22,CUST0743,Furniture,Bookshelf,3,92220,0.11,17960.77,West,Ahmedabad,Cash on Delivery
ORD04490,2025-08-10,CUST1065,Clothing,Jeans,3,17934,0.23,1622.75,West,Pune,Debit Card
ORD04491,2025-08-07,CUST1559,Books,Novel,2,8144,0.18,730.53,South,Chennai,Credit Card
ORD04492,2025-06-21,CUST0452,Electronics,Headphones,1,27904,0.25,4552.66,West,Ahmedabad,Cash on Delivery
ORD04493,2025-09-09,CUST1453,Clothing,T-Shirt,3,33921,0.16,1425.08,East,Kolkata,Net Banking
ORD04494,2025-07-13,CUST0229,Electronics,Mobile Phone,2,9180,0.28,1392.1,South,Hyderabad,Debit Card
ORD04495,2025-04-23,CUST0888,Electronics,Mobile Phone,4,106352,0.04,17436.3,North,Delhi,Cash on Delivery
ORD04496,2025-11-24,CUST1751,Electronics,Headphones,1,8339,0.14,1563.19,North,Jaipur,Cash on Delivery
ORD04497,2025-01-17,CUST1163,Beauty,Perfume,5,190995,0.29,17965.37,South,Chennai,Net Banking
ORD04498,2025-03-18,CUST1240,Beauty,Shampoo,5,140185,0.25,23403.83,West,Pune,Net Banking
ORD04499,2025-10-16,CUST1105,Clothing,T-Shirt,5,104395,0.21,11584.33,West,Ahmedabad,Net Banking
ORD04500,2025-07-20,CUST1102,Books,Comics,4,93280,0.19,18680.81,East,Kolkata,Cash on Delivery
ORD04501,2025-01-19,CUST1168,Clothing,Shoes,2,92228,0.07,19259.41,East,Patna,Cash on Delivery
ORD04502,2025-04-10,CUST1745,Electronics,Headphones,3,117579,0.3,4377.91,East,Bhubaneswar,Credit Card
ORD04503,2025-09-25,CUST1981,Beauty,Perfume,1,4801,0.25,455.03,South,Hyderabad,UPI
ORD04504,2025-11-08,CUST1316,Furniture,Sofa,2,39504,0.23,3989.12,South,Hyderabad,UPI
ORD04505,2025-03-27,CUST1360,Clothing,Shoes,3,12495,0.17,1908.46,North,Jaipur,Credit Card
ORD04506,2025-04-25,CUST0242,Electronics,Headphones,2,62496,0.3,2938.0,West,Ahmedabad,Net Banking
ORD04507,2025-01-12,CUST0054,Electronics,Headphones,1,46975,0.07,9236.68,North,Lucknow,Debit Card
ORD04508,2025-06-27,CUST1398,Beauty,Shampoo,3,56829,0.18,2889.03,East,Bhubaneswar,Net Banking
ORD04509,2025-10-14,CUST1157,Electronics,Headphones,2,81770,0.08,6104.24,North,Lucknow,UPI
ORD04510,2025-08-07,CUST1961,Electronics,Smart Watch,5,20305,0.01,3017.43,West,Ahmedabad,UPI
ORD04511,2025-07-19,CUST0197,Beauty,Shampoo,1,28608,0.27,2826.17,East,Bhubaneswar,UPI
ORD04512,2025-08-29,CUST0103,Beauty,Perfume,3,33582,0.29,3143.62,South,Hyderabad,Net Banking
ORD04513,2025-11-16,CUST1327,Electronics,Headphones,2,37716,0.3,1381.57,East,Patna,Cash on Delivery
ORD04514,2025-02-12,CUST0749,Beauty,Face Wash,3,2829,0.01,172.93,West,Mumbai,UPI
ORD04515,2025-03-19,CUST1406,Books,Magazine,3,117396,0.17,13353.07,North,Jaipur,Debit Card
ORD04516,2025-10-29,CUST1977,Books,Textbook,3,128364,0.29,15676.2,West,Pune,Debit Card
ORD04517,2025-03-11,CUST1764,Books,Comics,1,39761,0.17,2196.26,South,Bangalore,Cash on Delivery
ORD04518,2025-12-24,CUST1557,Clothing,Jeans,2,19994,0.13,3485.62,East,Patna,Cash on Delivery
ORD04519,2025-12-04,CUST1523,Electronics,Headphones,2,56396,0.15,4647.82,East,Patna,Debit Card
ORD04520,2025-05-04,CUST1071,Furniture,Table,3,51843,0.16,3761.13,South,Hyderabad,UPI
ORD04521,2025-02-21,CUST1377,Electronics,Laptop,3,95337,0.12,8833.71,East,Patna,Debit Card
ORD04522,2025-07-05,CUST0029,Electronics,Smart Watch,2,21590,0.27,1433.54,East,Bhubaneswar,Net Banking
ORD04523,2025-03-18,CUST1396,Clothing,Shoes,4,85784,0.27,13348.71,South,Chennai,Credit Card
ORD04524,2025-09-05,CUST1622,Clothing,Dress,2,13582,0.22,1735.16,South,Bangalore,Net Banking
ORD04525,2025-07-11,CUST0039,Beauty,Face Wash,5,4625,0.15,893.56,West,Mumbai,UPI
ORD04526,2025-09-23,CUST0350,Beauty,Face Wash,5,17015,0.3,1321.64,East,Bhubaneswar,Net Banking
ORD04527,2025-06-27,CUST1069,Furniture,Sofa,5,54675,0.16,4015.69,West,Ahmedabad,Cash on Delivery
ORD04528,2025-09-17,CUST1950,Clothing,Jeans,4,199308,0.05,33695.21,West,Mumbai,Cash on Delivery
ORD04529,2025-12-13,CUST0279,Clothing,Shoes,1,24564,0.11,1674.53,North,Lucknow,Cash on Delivery
ORD04530,2025-07-09,CUST0406,Clothing,Jeans,4,99848,0.25,4695.6,North,Jaipur,Credit Card
ORD04531,2025-06-22,CUST1551,Beauty,Shampoo,1,19216,0.28,1919.9,South,Bangalore,Cash on Delivery
ORD04532,2025-10-30,CUST1204,Books,Magazine,4,25524,0.07,3273.76,South,Hyderabad,Net Banking
ORD04533,2025-10-26,CUST1128,Beauty,Shampoo,3,50292,0.15,6751.0,North,Lucknow,UPI
ORD04534,2025-12-19,CUST1532,Clothing,Jeans,5,130405,0.24,11498.39,South,Hyderabad,Debit Card
ORD04535,2025-07-16,CUST0317,Clothing,Shoes,3,66807,0.03,11356.86,West,Pune,Credit Card
ORD04536,2025-03-09,CUST1205,Clothing,T-Shirt,4,69208,0.2,11626.75,South,Bangalore,Net Banking
ORD04537,2025-07-12,CUST0091,Beauty,Shampoo,1,29831,0.02,5424.59,South,Hyderabad,Cash on Delivery
ORD04538,2025-09-28,CUST0409,Books,Comics,1,2920,0.29,376.5,East,Bhubaneswar,Net Banking
ORD04539,2025-01-08,CUST0627,Clothing,Jeans,2,77312,0.15,12888.51,North,Jaipur,Credit Card
ORD04540,2025-01-07,CUST0738,Beauty,Face Wash,1,16586,0.13,1271.7,West,Mumbai,Cash on Delivery
ORD04541,2025-11-11,CUST0615,Books,Textbook,3,124683,0.01,20521.77,West,Mumbai,UPI
ORD04542,2025-01-01,CUST1388,Clothing,Jeans,5,175740,0.16,24577.05,East,Kolkata,Net Banking
ORD04543,2025-02-20,CUST0579,Books,Magazine,1,6513,0.27,241.17,North,Lucknow,Net Banking
ORD04544,2025-06-20,CUST1144,Clothing,Jeans,2,55262,0.15,7117.24,West,Mumbai,Net Banking
ORD04545,2025-03-30,CUST0884,Furniture,Table,4,37212,0.23,6248.77,East,Kolkata,Cash on Delivery
ORD04546,2025-09-16,CUST0113,Beauty,Perfume,2,10522,0.21,541.84,South,Hyderabad,Debit Card
ORD04547,2025-07-12,CUST1050,Clothing,Dress,5,156170,0.17,19137.57,South,Chennai,Debit Card
ORD04548,2025-08-30,CUST0572,Clothing,T-Shirt,1,4806,0.24,802.27,North,Lucknow,Cash on Delivery
ORD04549,2025-12-21,CUST0903,Clothing,T-Shirt,1,10952,0.29,943.69,South,Chennai,Debit Card
ORD04550,2025-09-08,CUST1081,Beauty,Shampoo,2,90920,0.06,6545.43,South,Chennai,UPI
ORD04551,2025-10-06,CUST1130,Beauty,Shampoo,2,19422,0.15,1864.54,East,Kolkata,UPI
ORD04552,2025-07-15,CUST0705,Electronics,Headphones,4,59316,0.01,6009.84,South,Chennai,Credit Card
ORD04553,2025-04-26,CUST0199,Beauty,Face Cream,5,188105,0.03,30098.72,West,Mumbai,UPI
ORD04554,2025-11-23,CUST0348,Electronics,Laptop,2,43448,0.02,5509.36,West,Ahmedabad,Credit Card
ORD04555,2025-12-01,CUST1818,Clothing,T-Shirt,4,10384,0.05,2171.38,North,Delhi,Net Banking
ORD04556,2025-12-27,CUST0484,Electronics,Headphones,3,77814,0.18,4241.48,North,Delhi,Cash on Delivery
ORD04557,2025-07-06,CUST0100,Electronics,Mobile Phone,4,43080,0.01,8470.06,West,Mumbai,Net Banking
ORD04558,2025-04-28,CUST0494,Books,Novel,2,91424,0.21,16395.26,West,Ahmedabad,Credit Card
ORD04559,2025-01-19,CUST0640,Furniture,Sofa,2,56208,0.04,13210.77,North,Jaipur,Net Banking
ORD04560,2025-02-08,CUST1660,Furniture,Bookshelf,2,5652,0.26,512.93,North,Jaipur,Debit Card
ORD04561,2025-01-29,CUST1772,Electronics,Smart Watch,2,4842,0.18,550.41,South,Hyderabad,Net Banking
ORD04562,2025-10-18,CUST1294,Clothing,Dress,3,19854,0.19,1452.3,North,Jaipur,Cash on Delivery
ORD04563,2025-12-05,CUST1060,Beauty,Face Wash,5,18845,0.07,2221.9,South,Chennai,Debit Card
ORD04564,2025-01-10,CUST1439,Beauty,Face Wash,5,35650,0.18,6569.2,South,Chennai,UPI
ORD04565,2025-02-17,CUST1461,Electronics,Headphones,2,90346,0.11,9819.09,North,Jaipur,Debit Card
ORD04566,2025-01-10,CUST0462,Beauty,Face Cream,4,97084,0.0,20977.26,North,Jaipur,Net Banking
ORD04567,2025-03-24,CUST0121,Furniture,Table,3,77883,0.26,6196.45,East,Patna,UPI
ORD04568,2025-06-28,CUST0216,Books,Novel,2,23174,0.0,2898.15,North,Delhi,Net Banking
ORD04569,2025-06-28,CUST0067,Books,Novel,1,39417,0.03,5632.74,West,Ahmedabad,Cash on Delivery
ORD04570,2025-05-24,CUST0822,Furniture,Sofa,4,126036,0.19,21488.0,South,Bangalore,UPI
ORD04571,2025-11-06,CUST1381,Beauty,Face Cream,5,208050,0.28,37197.46,South,Hyderabad,Cash on Delivery
ORD04572,2025-10-12,CUST0996,Furniture,Bookshelf,1,9818,0.27,726.88,West,Mumbai,UPI
ORD04573,2025-06-01,CUST0182,Electronics,Smart Watch,3,46224,0.09,5271.4,West,Ahmedabad,Debit Card
ORD04574,2025-02-02,CUST1769,Furniture,Chair,5,145970,0.28,12340.99,West,Mumbai,Debit Card
ORD04575,2025-01-10,CUST0874,Furniture,Table,5,19185,0.01,3335.69,East,Kolkata,Net Banking
ORD04576,2025-08-18,CUST1409,Furniture,Table,3,85002,0.27,6258.22,West,Mumbai,Credit Card
ORD04577,2025-10-17,CUST1067,Books,Textbook,1,2991,0.29,365.35,South,Bangalore,Credit Card
ORD04578,2025-06-02,CUST0906,Furniture,Table,5,40650,0.08,5090.66,North,Lucknow,UPI
ORD04579,2025-08-08,CUST0027,Clothing,Jeans,4,79488,0.03,4768.82,West,Mumbai,Credit Card
ORD04580,2025-05-11,CUST1522,Clothing,Dress,3,41244,0.2,2179.41,South,Bangalore,UPI
ORD04581,2025-02-05,CUST1008,Beauty,Perfume,5,11725,0.27,1021.0,South,Chennai,Debit Card
ORD04582,2025-10-09,CUST0550,Furniture,Sofa,2,59868,0.18,5900.78,North,Jaipur,Net Banking
ORD04583,2025-07-27,CUST1267,Clothing,T-Shirt,5,69400,0.06,14323.53,West,Mumbai,UPI
ORD04584,2025-02-01,CUST1601,Electronics,Smart Watch,3,86841,0.29,4767.55,West,Ahmedabad,Cash on Delivery
ORD04585,2025-07-02,CUST0784,Furniture,Bookshelf,4,127700,0.11,16219.11,East,Patna,Credit Card
ORD04586,2025-06-06,CUST0508,Furniture,Sofa,1,49303,0.2,7089.94,East,Bhubaneswar,Net Banking
ORD04587,2025-08-10,CUST0246,Books,Comics,1,38518,0.17,2689.51,East,Bhubaneswar,UPI
ORD04588,2025-06-15,CUST1400,Clothing,Dress,3,48372,0.16,9006.77,East,Kolkata,Debit Card
ORD04589,2025-10-02,CUST1562,Clothing,T-Shirt,5,136650,0.1,20032.27,South,Chennai,UPI
ORD04590,2025-01-22,CUST1742,Books,Novel,5,69725,0.24,10824.69,East,Kolkata,Debit Card
ORD04591,2025-01-28,CUST0465,Clothing,T-Shirt,2,2962,0.22,365.62,West,Pune,Net Banking
ORD04592,2025-10-31,CUST0292,Books,Textbook,4,169076,0.14,30295.14,North,Delhi,UPI
ORD04593,2025-01-18,CUST1233,Books,Novel,1,32586,0.26,3996.3,North,Jaipur,Debit Card
ORD04594,2025-03-01,CUST1822,Beauty,Face Wash,3,6315,0.25,796.73,East,Bhubaneswar,Debit Card
ORD04595,2025-12-21,CUST1896,Clothing,Shoes,2,73390,0.19,5893.27,West,Pune,Debit Card
ORD04596,2025-03-25,CUST1154,Furniture,Bookshelf,5,105540,0.18,12320.96,West,Pune,Cash on Delivery
ORD04597,2025-04-27,CUST1002,Clothing,Shoes,4,59260,0.05,5792.64,South,Chennai,UPI
ORD04598,2025-02-25,CUST1893,Clothing,T-Shirt,4,108296,0.23,15564.14,North,Jaipur,Debit Card
ORD04599,2025-04-29,CUST0308,Electronics,Smart Watch,1,29881,0.12,4743.02,East,Kolkata,Net Banking
ORD04600,2025-01-18,CUST1910,Books,Magazine,5,30630,0.19,4954.8,West,Ahmedabad,Debit Card
ORD04601,2025-08-08,CUST1535,Electronics,Laptop,2,90220,0.08,18521.12,West,Mumbai,Credit Card
ORD04602,2025-02-08,CUST1077,Beauty,Face Wash,2,71006,0.01,6577.66,South,Bangalore,Debit Card
ORD04603,2025-08-12,CUST1536,Clothing,Dress,3,134004,0.14,8512.34,North,Delhi,Net Banking
ORD04604,2025-03-29,CUST0052,Clothing,Shoes,1,49025,0.3,4881.78,North,Delhi,Cash on Delivery
ORD04605,2025-03-03,CUST0575,Clothing,Dress,4,198636,0.07,21939.06,West,Ahmedabad,Debit Card
ORD04606,2025-09-20,CUST1094,Furniture,Bookshelf,2,9416,0.2,1549.41,East,Bhubaneswar,Debit Card
ORD04607,2025-10-07,CUST1779,Books,Comics,2,63050,0.19,2745.9,West,Pune,Net Banking
ORD04608,2025-07-07,CUST0971,Books,Textbook,2,6942,0.04,1062.3,South,Hyderabad,Net Banking
ORD04609,2025-12-14,CUST1623,Electronics,Mobile Phone,1,34518,0.16,1723.7,East,Bhubaneswar,Debit Card
ORD04610,2025-09-27,CUST1602,Electronics,Laptop,3,80565,0.24,5321.85,South,Bangalore,Credit Card
ORD04611,2025-10-07,CUST0937,Beauty,Shampoo,3,137646,0.11,28850.04,West,Mumbai,Credit Card
ORD04612,2025-04-08,CUST0925,Beauty,Face Cream,5,66445,0.21,8044.64,North,Jaipur,Credit Card
ORD04613,2025-11-25,CUST1075,Clothing,Jeans,3,2826,0.19,115.96,North,Jaipur,Credit Card
ORD04614,2025-09-02,CUST0405,Furniture,Sofa,3,97854,0.12,14305.38,North,Jaipur,Net Banking
ORD04615,2025-11-22,CUST0999,Beauty,Shampoo,4,172124,0.04,31350.88,South,Chennai,Net Banking
ORD04616,2025-09-15,CUST1096,Electronics,Laptop,2,87396,0.17,8922.89,East,Bhubaneswar,Credit Card
ORD04617,2025-05-03,CUST0501,Electronics,Smart Watch,4,129580,0.02,7653.67,North,Delhi,Net Banking
ORD04618,2025-06-08,CUST1225,Furniture,Sofa,4,107816,0.0,16407.44,West,Ahmedabad,UPI
ORD04619,2025-12-22,CUST0063,Beauty,Face Cream,3,105849,0.15,4566.97,West,Ahmedabad,Credit Card
ORD04620,2025-05-05,CUST0910,Books,Novel,5,26920,0.05,3890.97,West,Pune,Net Banking
ORD04621,2025-08-18,CUST1324,Clothing,Dress,5,53375,0.29,7903.53,South,Chennai,Net Banking
ORD04622,2025-08-04,CUST1209,Electronics,Headphones,3,50637,0.18,4111.43,West,Ahmedabad,Net Banking
ORD04623,2025-08-01,CUST0204,Clothing,Jeans,4,45880,0.19,7909.88,South,Chennai,UPI
ORD04624,2025-02-03,CUST1391,Furniture,Bookshelf,1,46048,0.12,6504.15,South,Chennai,Net Banking
ORD04625,2025-03-19,CUST1150,Furniture,Bookshelf,1,18650,0.21,964.93,West,Mumbai,UPI
ORD04626,2025-08-03,CUST0263,Furniture,Table,2,5868,0.3,370.95,West,Mumbai,Debit Card
ORD04627,2025-10-06,CUST1325,Books,Magazine,3,80670,0.06,16171.14,East,Patna,Net Banking
ORD04628,2025-12-27,CUST0852,Beauty,Shampoo,2,60256,0.14,6811.53,West,Mumbai,Credit Card
ORD04629,2025-01-26,CUST0874,Books,Textbook,2,54430,0.17,10027.58,North,Lucknow,Debit Card
ORD04630,2025-08-01,CUST0829,Beauty,Face Wash,4,157624,0.16,23684.88,North,Lucknow,Credit Card
ORD04631,2025-09-04,CUST0928,Clothing,Shoes,1,33739,0.08,2926.62,East,Bhubaneswar,Cash on Delivery
ORD04632,2025-07-31,CUST0151,Beauty,Face Wash,5,93125,0.29,9985.27,South,Hyderabad,Net Banking
ORD04633,2025-04-08,CUST1554,Books,Comics,3,107928,0.26,18432.79,West,Pune,Net Banking
ORD04634,2025-07-19,CUST1017,Beauty,Shampoo,3,53988,0.1,4202.14,East,Kolkata,UPI
ORD04635,2025-10-12,CUST1120,Clothing,T-Shirt,2,81982,0.1,17849.84,West,Ahmedabad,UPI
ORD04636,2025-10-29,CUST0598,Beauty,Shampoo,4,190944,0.12,34078.53,North,Delhi,UPI
ORD04637,2025-11-09,CUST1827,Clothing,T-Shirt,4,68964,0.03,5442.1,East,Kolkata,Net Banking
ORD04638,2025-02-22,CUST1259,Electronics,Mobile Phone,1,1494,0.16,257.69,East,Bhubaneswar,Net Banking
ORD04639,2025-02-10,CUST0482,Beauty,Shampoo,5,70320,0.19,5201.8,West,Ahmedabad,Credit Card
ORD04640,2025-01-22,CUST0136,Books,Textbook,4,98244,0.18,6954.12,North,Delhi,Cash on Delivery
ORD04641,2025-11-21,CUST0305,Furniture,Bookshelf,3,94845,0.09,10840.86,East,Bhubaneswar,Net Banking
ORD04642,2025-06-22,CUST0645,Electronics,Laptop,1,22839,0.12,4507.85,West,Ahmedabad,Cash on Delivery
ORD04643,2025-08-09,CUST1901,Clothing,Dress,5,135120,0.0,7531.1,North,Delhi,Cash on Delivery
ORD04644,2025-07-27,CUST0043,Electronics,Mobile Phone,3,39576,0.3,3825.84,North,Lucknow,Credit Card
ORD04645,2025-02-13,CUST0601,Furniture,Table,5,154220,0.21,8318.88,East,Bhubaneswar,Credit Card
ORD04646,2025-07-21,CUST1609,Clothing,Shoes,4,89136,0.25,8181.87,West,Pune,UPI
ORD04647,2025-09-26,CUST1120,Beauty,Face Cream,4,7608,0.11,657.43,East,Kolkata,Credit Card
ORD04648,2025-12-17,CUST0237,Furniture,Bookshelf,1,36330,0.21,6342.53,West,Pune,Net Banking
ORD04649,2025-04-25,CUST1921,Beauty,Face Wash,1,19448,0.19,1395.59,North,Jaipur,Debit Card
ORD04650,2025-10-16,CUST1802,Books,Magazine,1,9551,0.24,929.62,East,Bhubaneswar,Credit Card
ORD04651,2025-12-19,CUST0597,Beauty,Shampoo,5,70750,0.26,8907.27,South,Chennai,Debit Card
ORD04652,2025-06-19,CUST1703,Clothing,T-Shirt,2,37002,0.3,4988.5,South,Chennai,Cash on Delivery
ORD04653,2025-10-13,CUST0994,Books,Novel,2,45910,0.12,8335.83,North,Jaipur,Credit Card
ORD04654,2025-04-12,CUST0906,Clothing,T-Shirt,2,55930,0.1,11210.23,West,Ahmedabad,UPI
ORD04655,2025-07-14,CUST0997,Furniture,Sofa,1,15975,0.12,1983.39,North,Jaipur,Net Banking
ORD04656,2025-04-22,CUST0959,Furniture,Chair,2,36560,0.26,3425.25,South,Hyderabad,UPI
ORD04657,2025-03-09,CUST0062,Books,Magazine,3,90276,0.17,5518.83,West,Pune,Net Banking
ORD04658,2025-12-19,CUST0569,Furniture,Table,1,11197,0.16,1645.17,East,Patna,Debit Card
ORD04659,2025-05-01,CUST1383,Clothing,Jeans,4,107820,0.17,21584.43,West,Ahmedabad,Cash on Delivery
ORD04660,2025-10-26,CUST0801,Beauty,Perfume,5,142230,0.25,18226.81,East,Patna,Net Banking
ORD04661,2025-10-04,CUST1419,Electronics,Mobile Phone,5,28290,0.3,2166.52,West,Mumbai,Credit Card
ORD04662,2025-08-27,CUST0572,Furniture,Sofa,1,45523,0.08,4531.79,East,Patna,Credit Card
ORD04663,2025-09-03,CUST1149,Beauty,Shampoo,3,60513,0.08,10870.98,West,Mumbai,Cash on Delivery
ORD04664,2025-01-29,CUST0935,Electronics,Laptop,4,172188,0.05,23727.2,East,Bhubaneswar,Debit Card
ORD04665,2025-10-14,CUST1927,Electronics,Smart Watch,4,3908,0.07,578.7,North,Jaipur,UPI
ORD04666,2025-01-10,CUST1147,Clothing,Dress,5,202155,0.21,29575.76,West,Ahmedabad,Debit Card
ORD04667,2025-04-08,CUST1180,Books,Magazine,1,47658,0.14,2290.32,West,Pune,Net Banking
ORD04668,2025-09-02,CUST1417,Clothing,Jeans,4,162420,0.28,29231.32,East,Bhubaneswar,Debit Card
ORD04669,2025-07-28,CUST1498,Beauty,Face Cream,4,19576,0.16,1418.43,North,Jaipur,Cash on Delivery
ORD04670,2025-10-01,CUST0245,Books,Magazine,2,30682,0.23,3035.02,North,Jaipur,Credit Card
ORD04671,2025-09-22,CUST0863,Electronics,Smart Watch,4,36032,0.09,7012.04,South,Hyderabad,Debit Card
ORD04672,2025-06-10,CUST0461,Electronics,Headphones,3,55920,0.17,6521.19,West,Pune,Cash on Delivery
ORD04673,2025-02-25,CUST1337,Furniture,Table,5,215435,0.1,13695.93,South,Bangalore,Cash on Delivery
ORD04674,2025-11-12,CUST0512,Beauty,Face Cream,1,5497,0.21,967.57,North,Lucknow,Debit Card
ORD04675,2025-07-17,CUST0659,Books,Comics,5,55875,0.25,5073.59,North,Delhi,UPI
ORD04676,2025-02-10,CUST1232,Furniture,Table,4,164264,0.13,8272.43,West,Ahmedabad,Credit Card
ORD04677,2025-03-04,CUST1901,Clothing,Jeans,2,40382,0.0,4218.98,North,Jaipur,Debit Card
ORD04678,2025-02-17,CUST1335,Beauty,Face Wash,2,61576,0.13,7148.99,East,Patna,Credit Card
ORD04679,2025-11-12,CUST0637,Beauty,Perfume,2,32328,0.25,3326.02,South,Chennai,Credit Card
ORD04680,2025-08-01,CUST1780,Electronics,Laptop,3,89529,0.12,9898.7,East,Bhubaneswar,Credit Card
ORD04681,2025-10-01,CUST0629,Books,Textbook,4,75752,0.02,6886.31,North,Lucknow,UPI
ORD04682,2025-11-21,CUST0877,Beauty,Face Cream,4,98624,0.25,6833.91,South,Hyderabad,Debit Card
ORD04683,2025-04-23,CUST1559,Furniture,Table,1,8854,0.25,1394.78,West,Ahmedabad,Net Banking
ORD04684,2025-02-08,CUST1788,Furniture,Bookshelf,2,58094,0.08,9886.17,West,Ahmedabad,Net Banking
ORD04685,2025-11-24,CUST0537,Books,Comics,2,44770,0.29,3748.61,North,Jaipur,Credit Card
ORD04686,2025-09-19,CUST0174,Furniture,Bookshelf,4,198068,0.19,23953.16,South,Hyderabad,Credit Card
ORD04687,2025-01-23,CUST0949,Books,Textbook,1,16547,0.22,1309.55,West,Pune,Debit Card
ORD04688,2025-03-12,CUST1372,Books,Novel,3,138888,0.26,23324.18,East,Kolkata,Debit Card
ORD04689,2025-07-25,CUST1264,Electronics,Headphones,4,188752,0.11,12805.48,East,Bhubaneswar,UPI
ORD04690,2025-03-21,CUST0673,Beauty,Shampoo,3,117864,0.14,18025.94,North,Lucknow,Credit Card
ORD04691,2025-11-02,CUST1603,Electronics,Smart Watch,5,91910,0.11,7818.44,North,Jaipur,Debit Card
ORD04692,2025-03-26,CUST1597,Furniture,Chair,3,51471,0.2,2562.69,North,Lucknow,Credit Card
ORD04693,2025-06-25,CUST1402,Electronics,Headphones,5,165195,0.07,34736.53,North,Jaipur,Credit Card
ORD04694,2025-04-06,CUST1528,Books,Novel,3,126153,0.22,17366.5,North,Delhi,Net Banking
ORD04695,2025-12-28,CUST0710,Clothing,Shoes,3,135459,0.11,23123.05,South,Chennai,Cash on Delivery
ORD04696,2025-12-21,CUST0450,Clothing,Dress,4,92464,0.22,9989.93,West,Pune,Credit Card
ORD04697,2025-10-04,CUST1034,Books,Comics,1,2432,0.17,242.67,East,Kolkata,Net Banking
ORD04698,2025-10-17,CUST0697,Furniture,Bookshelf,2,70382,0.28,2687.05,West,Ahmedabad,Cash on Delivery
ORD04699,2025-11-05,CUST1152,Clothing,Jeans,2,2588,0.2,133.0,West,Ahmedabad,Cash on Delivery
ORD04700,2025-08-03,CUST0323,Furniture,Table,1,30049,0.23,2737.07,West,Ahmedabad,Debit Card
ORD04701,2025-11-24,CUST1040,Beauty,Perfume,2,59654,0.03,9076.5,North,Delhi,Cash on Delivery
ORD04702,2025-01-18,CUST0995,Furniture,Bookshelf,5,183430,0.26,24827.36,East,Kolkata,Debit Card
ORD04703,2025-04-17,CUST1190,Clothing,T-Shirt,5,17895,0.27,3215.86,East,Bhubaneswar,UPI
ORD04704,2025-06-02,CUST1289,Beauty,Face Wash,4,51844,0.18,2477.89,East,Bhubaneswar,Debit Card
ORD04705,2025-12-01,CUST1279,Furniture,Sofa,1,38127,0.15,7511.68,West,Mumbai,UPI
ORD04706,2025-12-15,CUST1988,Electronics,Laptop,2,53108,0.15,3880.42,South,Chennai,UPI
ORD04707,2025-12-06,CUST0861,Beauty,Face Wash,1,42352,0.23,4189.26,South,Bangalore,Debit Card
ORD04708,2025-08-04,CUST0751,Beauty,Shampoo,5,74545,0.1,9298.31,North,Jaipur,Credit Card
ORD04709,2025-07-17,CUST0164,Electronics,Smart Watch,2,2498,0.2,129.99,North,Lucknow,Net Banking
ORD04710,2025-09-10,CUST0605,Clothing,Jeans,2,75544,0.28,3365.92,North,Jaipur,UPI
ORD04711,2025-03-17,CUST1140,Beauty,Perfume,1,36534,0.11,6846.73,East,Kolkata,Credit Card
ORD04712,2025-05-10,CUST0576,Electronics,Mobile Phone,2,18130,0.26,1477.65,West,Mumbai,Cash on Delivery
ORD04713,2025-05-02,CUST1007,Electronics,Laptop,4,18068,0.13,3802.12,West,Mumbai,Cash on Delivery
ORD04714,2025-03-24,CUST1652,Books,Comics,1,36111,0.04,2149.07,North,Jaipur,Net Banking
ORD04715,2025-02-18,CUST0935,Electronics,Headphones,5,238425,0.01,16746.26,West,Ahmedabad,UPI
ORD04716,2025-08-21,CUST1549,Furniture,Bookshelf,4,196036,0.1,31044.85,East,Bhubaneswar,Debit Card
ORD04717,2025-06-13,CUST1297,Beauty,Shampoo,2,53226,0.19,9663.23,South,Hyderabad,Net Banking
ORD04718,2025-11-17,CUST0446,Furniture,Bookshelf,5,205000,0.21,27012.47,North,Delhi,Cash on Delivery
ORD04719,2025-05-28,CUST0647,Books,Textbook,2,29470,0.23,3576.46,West,Pune,Credit Card
ORD04720,2025-08-26,CUST1739,Clothing,Dress,3,121797,0.25,7748.07,South,Chennai,UPI
ORD04721,2025-04-14,CUST1664,Electronics,Laptop,4,93620,0.1,11740.02,South,Bangalore,Net Banking
ORD04722,2025-08-30,CUST1749,Beauty,Face Wash,2,70336,0.04,4465.52,North,Jaipur,Credit Card
ORD04723,2025-03-31,CUST0796,Clothing,T-Shirt,5,56190,0.03,11462.34,South,Bangalore,Credit Card
ORD04724,2025-11-23,CUST1307,Clothing,T-Shirt,3,110298,0.28,17358.61,North,Lucknow,UPI
ORD04725,2025-12-26,CUST1802,Books,Magazine,2,49146,0.15,4616.75,North,Delhi,Credit Card
ORD04726,2025-08-16,CUST0220,Electronics,Mobile Phone,4,128800,0.04,8653.47,East,Patna,Cash on Delivery
ORD04727,2025-08-21,CUST0852,Books,Novel,5,33545,0.29,5244.65,North,Lucknow,Cash on Delivery
ORD04728,2025-12-01,CUST0925,Clothing,Dress,3,31431,0.28,3322.1,South,Chennai,UPI
ORD04729,2025-05-21,CUST0859,Electronics,Laptop,4,142016,0.12,22364.82,West,Mumbai,Debit Card
ORD04730,2025-10-19,CUST0688,Electronics,Headphones,3,120816,0.25,12282.12,West,Mumbai,Credit Card
ORD04731,2025-10-03,CUST1194,Beauty,Face Wash,2,42616,0.14,8615.51,South,Bangalore,Net Banking
ORD04732,2025-07-17,CUST0070,Beauty,Perfume,5,125025,0.03,21259.1,South,Hyderabad,Credit Card
ORD04733,2025-11-11,CUST0723,Clothing,Jeans,1,7043,0.08,1262.86,West,Ahmedabad,UPI
ORD04734,2025-12-08,CUST1293,Beauty,Shampoo,1,41196,0.18,4256.23,East,Patna,Credit Card
ORD04735,2025-10-30,CUST0858,Clothing,Jeans,3,97377,0.27,5700.28,North,Lucknow,UPI
ORD04736,2025-05-30,CUST0188,Electronics,Headphones,2,31160,0.24,3576.51,East,Patna,Cash on Delivery
ORD04737,2025-12-23,CUST1494,Clothing,T-Shirt,5,243380,0.23,12634.29,West,Mumbai,Cash on Delivery
ORD04738,2025-11-24,CUST1070,Beauty,Shampoo,5,177855,0.02,41540.3,South,Chennai,Credit Card
ORD04739,2025-02-01,CUST1419,Furniture,Chair,2,54400,0.07,6932.3,East,Patna,Net Banking
ORD04740,2025-02-18,CUST1442,Beauty,Perfume,4,40000,0.09,6925.33,South,Bangalore,Cash on Delivery
ORD04741,2025-11-13,CUST0834,Beauty,Perfume,5,163315,0.22,12519.8,South,Chennai,Debit Card
ORD04742,2025-06-04,CUST1071,Beauty,Face Wash,2,19356,0.12,1656.51,South,Hyderabad,Cash on Delivery
ORD04743,2025-01-21,CUST1140,Electronics,Smart Watch,4,178164,0.05,32482.12,East,Kolkata,Debit Card
ORD04744,2025-02-22,CUST1765,Furniture,Table,2,58418,0.14,4579.15,South,Bangalore,Credit Card
ORD04745,2025-05-17,CUST0015,Furniture,Sofa,5,154855,0.12,17781.56,South,Hyderabad,Debit Card
ORD04746,2025-03-08,CUST0622,Electronics,Mobile Phone,4,113496,0.1,8827.59,East,Bhubaneswar,Cash on Delivery
ORD04747,2025-02-06,CUST0945,Books,Magazine,4,157376,0.05,21728.31,East,Kolkata,UPI
ORD04748,2025-01-15,CUST1458,Clothing,Dress,5,99840,0.1,16037.44,South,Hyderabad,Debit Card
ORD04749,2025-01-23,CUST0993,Electronics,Laptop,3,135771,0.1,18977.83,East,Bhubaneswar,Cash on Delivery
ORD04750,2025-03-02,CUST0367,Beauty,Face Wash,3,24114,0.07,4110.64,West,Ahmedabad,Cash on Delivery
ORD04751,2025-04-01,CUST1305,Beauty,Shampoo,2,26756,0.11,2553.45,West,Ahmedabad,Credit Card
ORD04752,2025-12-06,CUST0388,Furniture,Table,5,178380,0.04,38449.64,South,Bangalore,Debit Card
ORD04753,2025-02-24,CUST1654,Clothing,Dress,4,185544,0.25,15624.75,North,Jaipur,Debit Card
ORD04754,2025-04-24,CUST1164,Electronics,Laptop,1,19695,0.2,2245.15,North,Delhi,UPI
ORD04755,2025-01-05,CUST1381,Clothing,Jeans,3,56889,0.17,10814.42,East,Patna,UPI
ORD04756,2025-06-14,CUST0789,Clothing,Shoes,2,58990,0.29,7935.2,West,Mumbai,Net Banking
ORD04757,2025-10-19,CUST1864,Furniture,Chair,1,45139,0.14,4048.19,North,Lucknow,Debit Card
ORD04758,2025-11-22,CUST0092,Electronics,Laptop,5,197500,0.22,12834.66,South,Chennai,Cash on Delivery
ORD04759,2025-10-17,CUST0502,Furniture,Sofa,5,247880,0.09,18251.07,West,Pune,Cash on Delivery
ORD04760,2025-03-08,CUST1075,Beauty,Face Wash,4,169760,0.1,21471.21,East,Kolkata,UPI
ORD04761,2025-01-07,CUST1136,Clothing,Jeans,4,48768,0.3,2005.57,West,Pune,UPI
ORD04762,2025-01-01,CUST0001,Furniture,Sofa,5,170090,0.0,32283.21,North,Lucknow,Debit Card
ORD04763,2025-12-02,CUST1735,Clothing,Shoes,4,139332,0.22,19119.43,South,Hyderabad,Credit Card
ORD04764,2025-08-06,CUST1170,Electronics,Smart Watch,1,4524,0.3,501.87,North,Jaipur,Credit Card
ORD04765,2025-06-28,CUST1744,Clothing,Jeans,4,45864,0.03,4618.88,West,Pune,UPI
ORD04766,2025-03-27,CUST1704,Books,Novel,2,60550,0.22,8214.54,West,Mumbai,Net Banking
ORD04767,2025-10-26,CUST0344,Furniture,Chair,3,107262,0.23,8056.18,West,Mumbai,Cash on Delivery
ORD04768,2025-03-14,CUST1580,Clothing,Shoes,3,70536,0.18,3505.27,East,Patna,Credit Card
ORD04769,2025-09-21,CUST1331,Clothing,Dress,5,116675,0.14,24410.09,East,Patna,Credit Card
ORD04770,2025-12-06,CUST1229,Furniture,Bookshelf,5,202050,0.03,26837.71,South,Hyderabad,UPI
ORD04771,2025-07-29,CUST0177,Furniture,Table,2,3430,0.21,216.55,West,Pune,Debit Card
ORD04772,2025-03-22,CUST1336,Books,Novel,4,124684,0.17,18156.24,East,Kolkata,UPI
ORD04773,2025-02-06,CUST1152,Clothing,Shoes,3,53256,0.28,2537.45,North,Jaipur,Net Banking
ORD04774,2025-09-05,CUST0554,Electronics,Mobile Phone,3,67791,0.23,5750.79,South,Hyderabad,Net Banking
ORD04775,2025-09-22,CUST1987,Furniture,Sofa,2,56166,0.06,12262.58,North,Lucknow,Cash on Delivery
ORD04776,2025-12-05,CUST0047,Furniture,Sofa,2,3804,0.25,460.73,West,Ahmedabad,Debit Card
ORD04777,2025-12-03,CUST1361,Beauty,Shampoo,4,76768,0.26,13797.86,North,Lucknow,Debit Card
ORD04778,2025-12-24,CUST1556,Beauty,Face Wash,5,44720,0.1,10017.39,South,Hyderabad,Debit Card
ORD04779,2025-12-22,CUST1338,Beauty,Shampoo,5,241350,0.0,17084.76,East,Bhubaneswar,Net Banking
ORD04780,2025-11-27,CUST1400,Electronics,Smart Watch,2,36808,0.21,3160.22,South,Bangalore,Debit Card
ORD04781,2025-11-30,CUST0919,Beauty,Shampoo,3,24324,0.17,1170.09,North,Delhi,Credit Card
ORD04782,2025-09-06,CUST1839,Furniture,Table,5,120310,0.24,13222.28,West,Mumbai,Credit Card
ORD04783,2025-01-28,CUST1934,Furniture,Bookshelf,4,103276,0.07,22050.51,West,Pune,Net Banking
ORD04784,2025-12-12,CUST0117,Clothing,Dress,5,200160,0.01,34399.21,West,Mumbai,UPI
ORD04785,2025-09-16,CUST0030,Beauty,Face Cream,4,82580,0.19,12372.55,East,Patna,Debit Card
ORD04786,2025-09-02,CUST1794,Clothing,T-Shirt,2,3018,0.09,614.06,South,Chennai,Debit Card
ORD04787,2025-09-03,CUST0775,Beauty,Face Cream,5,216300,0.23,39331.4,South,Bangalore,Debit Card
ORD04788,2025-07-16,CUST1796,Beauty,Face Wash,2,44496,0.15,6107.8,East,Bhubaneswar,Net Banking
ORD04789,2025-07-25,CUST0635,Furniture,Sofa,3,99993,0.14,7185.72,West,Pune,Net Banking
ORD04790,2025-07-27,CUST1313,Beauty,Shampoo,1,4022,0.05,460.3,South,Chennai,Debit Card
ORD04791,2025-05-16,CUST1302,Furniture,Chair,4,164976,0.15,10832.22,South,Bangalore,Net Banking
ORD04792,2025-01-19,CUST0674,Furniture,Table,3,24750,0.21,2195.23,West,Mumbai,Cash on Delivery
ORD04793,2025-02-03,CUST1071,Clothing,Jeans,4,160164,0.27,21016.55,West,Mumbai,UPI
ORD04794,2025-12-02,CUST1264,Books,Magazine,5,213830,0.13,41845.53,North,Delhi,Debit Card
ORD04795,2025-05-07,CUST1812,Furniture,Table,5,174365,0.28,22978.64,South,Chennai,Credit Card
ORD04796,2025-12-22,CUST0773,Furniture,Sofa,1,5807,0.16,1083.62,West,Pune,Cash on Delivery
ORD04797,2025-10-31,CUST1065,Beauty,Face Wash,1,17802,0.16,3654.95,South,Bangalore,Debit Card
ORD04798,2025-05-19,CUST0964,Books,Comics,3,45411,0.21,5908.14,West,Mumbai,Debit Card
ORD04799,2025-04-19,CUST1465,Books,Comics,4,184776,0.28,20839.54,East,Bhubaneswar,Net Banking
ORD04800,2025-08-24,CUST0785,Beauty,Shampoo,1,46415,0.28,6117.66,West,Ahmedabad,Debit Card
ORD04801,2025-02-04,CUST1854,Furniture,Sofa,1,41021,0.12,4101.27,East,Kolkata,Cash on Delivery
ORD04802,2025-01-11,CUST0759,Books,Novel,2,87932,0.02,21419.74,North,Jaipur,Debit Card
ORD04803,2025-11-15,CUST0753,Beauty,Face Wash,5,249075,0.28,42195.04,North,Delhi,Net Banking
ORD04804,2025-02-16,CUST0466,Beauty,Perfume,5,33325,0.19,3594.21,East,Bhubaneswar,UPI
ORD04805,2025-10-25,CUST1882,Beauty,Face Cream,1,34592,0.21,2687.78,West,Mumbai,Debit Card
ORD04806,2025-04-01,CUST1661,Electronics,Smart Watch,3,65943,0.17,4624.12,South,Hyderabad,Debit Card
ORD04807,2025-02-22,CUST1569,Books,Novel,3,64266,0.25,3157.65,South,Bangalore,Cash on Delivery
ORD04808,2025-03-06,CUST1054,Clothing,Shoes,3,21687,0.27,1687.62,East,Kolkata,Cash on Delivery
ORD04809,2025-11-21,CUST1849,Clothing,Jeans,1,10583,0.06,1421.91,West,Ahmedabad,UPI
ORD04810,2025-06-01,CUST0561,Clothing,T-Shirt,1,41874,0.26,3953.11,North,Jaipur,Credit Card
ORD04811,2025-07-12,CUST1988,Clothing,Dress,2,86138,0.3,13706.31,West,Mumbai,Credit Card
ORD04812,2025-10-08,CUST1360,Clothing,Dress,1,47053,0.12,3554.58,West,Pune,Cash on Delivery
ORD04813,2025-05-18,CUST1389,Electronics,Smart Watch,1,24092,0.22,4231.35,East,Kolkata,Credit Card
ORD04814,2025-01-23,CUST0540,Furniture,Sofa,2,88628,0.11,11947.58,West,Mumbai,Debit Card
ORD04815,2025-05-06,CUST0684,Books,Textbook,1,42017,0.27,2402.95,South,Bangalore,Debit Card
ORD04816,2025-05-02,CUST0094,Beauty,Face Cream,1,21442,0.28,3652.08,South,Bangalore,Cash on Delivery
ORD04817,2025-11-06,CUST0277,Electronics,Laptop,1,779,0.08,129.87,South,Hyderabad,Cash on Delivery
ORD04818,2025-08-03,CUST1152,Furniture,Chair,1,33699,0.15,5740.34,South,Bangalore,Credit Card
ORD04819,2025-02-02,CUST1077,Clothing,Dress,4,64876,0.15,9265.02,East,Bhubaneswar,Credit Card
ORD04820,2025-10-24,CUST1148,Books,Textbook,5,146270,0.09,27691.51,South,Hyderabad,UPI
ORD04821,2025-11-16,CUST1994,Electronics,Headphones,2,27534,0.27,1018.25,East,Bhubaneswar,Credit Card
ORD04822,2025-07-09,CUST0054,Beauty,Perfume,3,3474,0.09,446.35,North,Lucknow,UPI
ORD04823,2025-06-15,CUST1057,Beauty,Face Wash,4,180100,0.25,16128.22,North,Jaipur,Net Banking
ORD04824,2025-12-31,CUST1460,Books,Novel,5,132555,0.26,14651.55,West,Pune,Credit Card
ORD04825,2025-07-24,CUST0490,Clothing,Jeans,2,6522,0.08,321.78,South,Bangalore,UPI
ORD04826,2025-05-07,CUST0782,Books,Novel,5,156290,0.25,8222.34,North,Jaipur,Credit Card
ORD04827,2025-07-23,CUST0223,Furniture,Sofa,2,7476,0.29,428.87,North,Jaipur,Credit Card
ORD04828,2025-03-03,CUST0553,Clothing,Jeans,4,180080,0.26,32564.61,South,Hyderabad,UPI
ORD04829,2025-03-29,CUST0589,Clothing,Dress,2,20088,0.08,3121.88,East,Bhubaneswar,Credit Card
ORD04830,2025-04-08,CUST0266,Electronics,Smart Watch,2,93072,0.02,5057.25,South,Hyderabad,Cash on Delivery
ORD04831,2025-09-08,CUST1162,Books,Comics,2,44634,0.02,7314.0,South,Bangalore,UPI
ORD04832,2025-09-06,CUST0842,Clothing,Dress,5,108245,0.29,5634.53,South,Chennai,Credit Card
ORD04833,2025-10-03,CUST1544,Books,Textbook,4,100524,0.09,21032.58,East,Bhubaneswar,Net Banking
ORD04834,2025-04-07,CUST0001,Beauty,Perfume,4,20116,0.27,744.44,East,Kolkata,Cash on Delivery
ORD04835,2025-04-07,CUST1864,Electronics,Laptop,2,50376,0.02,7258.69,West,Mumbai,UPI
ORD04836,2025-04-12,CUST0880,Furniture,Bookshelf,2,56232,0.02,10976.14,West,Ahmedabad,Credit Card
ORD04837,2025-08-19,CUST1772,Books,Comics,5,221555,0.16,26825.11,East,Bhubaneswar,Cash on Delivery
ORD04838,2025-11-01,CUST0328,Clothing,Jeans,5,53680,0.02,7177.37,East,Kolkata,Credit Card
ORD04839,2025-06-16,CUST0362,Clothing,Jeans,5,238665,0.24,16210.36,South,Chennai,Credit Card
ORD04840,2025-12-28,CUST0597,Clothing,Dress,2,64614,0.2,10559.59,North,Jaipur,UPI
ORD04841,2025-10-30,CUST0318,Electronics,Headphones,2,41828,0.1,3089.94,East,Kolkata,Debit Card
ORD04842,2025-04-23,CUST1179,Furniture,Bookshelf,1,34736,0.2,4974.32,West,Ahmedabad,Credit Card
ORD04843,2025-04-11,CUST1317,Furniture,Sofa,2,91982,0.29,12298.23,East,Bhubaneswar,Cash on Delivery
ORD04844,2025-04-30,CUST0425,Furniture,Sofa,3,110187,0.25,16154.64,East,Kolkata,Net Banking
ORD04845,2025-10-24,CUST1309,Beauty,Face Wash,5,9585,0.1,1746.77,North,Lucknow,Debit Card
ORD04846,2025-06-26,CUST1657,Furniture,Bookshelf,3,13137,0.15,2772.18,East,Patna,Cash on Delivery
ORD04847,2025-08-04,CUST1790,Clothing,Jeans,2,2836,0.0,144.34,South,Hyderabad,UPI
ORD04848,2025-11-19,CUST1543,Books,Magazine,3,78927,0.2,6757.78,East,Patna,Debit Card
ORD04849,2025-07-05,CUST0085,Clothing,T-Shirt,2,97986,0.11,15633.2,East,Patna,Net Banking
ORD04850,2025-12-13,CUST1400,Beauty,Face Cream,1,49408,0.05,10033.02,South,Bangalore,Debit Card
ORD04851,2025-07-30,CUST0365,Furniture,Sofa,1,49680,0.26,4448.98,North,Lucknow,Debit Card
ORD04852,2025-01-14,CUST1610,Electronics,Smart Watch,4,118836,0.13,18503.29,West,Ahmedabad,Net Banking
ORD04853,2025-08-06,CUST1683,Furniture,Sofa,4,81224,0.15,6881.33,East,Patna,Debit Card
ORD04854,2025-04-26,CUST0288,Clothing,Dress,2,4074,0.13,369.08,East,Kolkata,Cash on Delivery
ORD04855,2025-04-17,CUST0980,Electronics,Headphones,1,46079,0.2,8439.59,South,Bangalore,UPI
ORD04856,2025-07-30,CUST1093,Furniture,Chair,1,3318,0.18,318.41,East,Kolkata,Credit Card
ORD04857,2025-07-06,CUST0335,Electronics,Headphones,1,49484,0.3,2864.86,South,Hyderabad,Cash on Delivery
ORD04858,2025-11-17,CUST1369,Furniture,Bookshelf,5,154390,0.02,20828.78,East,Bhubaneswar,Cash on Delivery
ORD04859,2025-08-27,CUST1350,Furniture,Table,4,166428,0.28,11569.56,South,Hyderabad,UPI
ORD04860,2025-05-29,CUST1073,Beauty,Shampoo,1,48548,0.01,3702.8,North,Lucknow,UPI
ORD04861,2025-10-28,CUST1338,Furniture,Bookshelf,1,7870,0.22,899.14,East,Kolkata,UPI
ORD04862,2025-02-01,CUST0900,Electronics,Headphones,1,4081,0.2,672.07,East,Patna,Credit Card
ORD04863,2025-01-09,CUST1461,Clothing,T-Shirt,2,5032,0.08,787.88,East,Patna,Cash on Delivery
ORD04864,2025-05-21,CUST1403,Furniture,Sofa,2,10618,0.02,603.74,East,Kolkata,Credit Card
ORD04865,2025-09-20,CUST0934,Electronics,Laptop,1,14723,0.03,2793.25,East,Bhubaneswar,Net Banking
ORD04866,2025-11-28,CUST0238,Furniture,Sofa,1,28723,0.13,5296.96,West,Pune,Debit Card
ORD04867,2025-03-03,CUST0545,Electronics,Headphones,1,22266,0.12,3200.92,South,Bangalore,Credit Card
ORD04868,2025-07-18,CUST0236,Beauty,Perfume,2,9524,0.1,823.45,North,Lucknow,UPI
ORD04869,2025-02-19,CUST0525,Furniture,Sofa,4,47656,0.26,5084.45,North,Delhi,Credit Card
ORD04870,2025-06-16,CUST0022,Furniture,Chair,1,26248,0.03,5637.01,East,Kolkata,Debit Card
ORD04871,2025-04-13,CUST1023,Beauty,Face Cream,2,16922,0.25,726.04,East,Bhubaneswar,UPI
ORD04872,2025-06-06,CUST0658,Clothing,Jeans,2,43192,0.22,5361.66,North,Jaipur,Credit Card
ORD04873,2025-03-07,CUST0651,Furniture,Sofa,1,48976,0.18,7423.66,West,Ahmedabad,Credit Card
ORD04874,2025-05-02,CUST1602,Clothing,Shoes,1,38662,0.22,5205.6,North,Delhi,UPI
ORD04875,2025-03-26,CUST1710,Books,Novel,1,39499,0.18,4891.21,East,Kolkata,Net Banking
ORD04876,2025-06-06,CUST1502,Beauty,Shampoo,2,68678,0.16,12779.62,South,Hyderabad,UPI
ORD04877,2025-01-23,CUST0305,Furniture,Table,3,126525,0.06,22780.36,South,Bangalore,Cash on Delivery
ORD04878,2025-11-01,CUST1750,Beauty,Face Wash,2,70800,0.28,6968.35,South,Bangalore,Cash on Delivery
ORD04879,2025-10-17,CUST1312,Beauty,Face Wash,1,22407,0.02,4461.76,North,Delhi,Credit Card
ORD04880,2025-11-13,CUST1059,Beauty,Face Cream,1,48729,0.13,6111.1,East,Kolkata,Credit Card
ORD04881,2025-03-10,CUST0515,Beauty,Perfume,1,1258,0.15,162.68,West,Ahmedabad,UPI
ORD04882,2025-07-01,CUST0931,Books,Comics,2,26034,0.22,1409.63,East,Kolkata,Net Banking
ORD04883,2025-07-18,CUST1317,Clothing,T-Shirt,2,57658,0.12,10945.72,South,Hyderabad,Credit Card
ORD04884,2025-07-15,CUST1320,Electronics,Laptop,5,109120,0.22,15817.67,West,Mumbai,Cash on Delivery
ORD04885,2025-05-03,CUST1280,Electronics,Mobile Phone,1,1804,0.17,75.36,West,Mumbai,UPI
ORD04886,2025-09-28,CUST0855,Books,Comics,4,58712,0.23,2447.02,West,Pune,Credit Card
ORD04887,2025-09-10,CUST0877,Clothing,Jeans,4,104508,0.21,14741.61,East,Kolkata,UPI
ORD04888,2025-01-25,CUST1391,Furniture,Table,1,43007,0.01,9209.21,North,Lucknow,Net Banking
ORD04889,2025-10-30,CUST1560,Electronics,Smart Watch,5,63715,0.11,10681.67,North,Jaipur,Net Banking
ORD04890,2025-05-28,CUST1587,Electronics,Headphones,3,62766,0.24,7966.63,East,Bhubaneswar,UPI
ORD04891,2025-04-03,CUST1222,Clothing,Dress,1,26218,0.01,1364.51,South,Bangalore,Net Banking
ORD04892,2025-02-26,CUST1520,Books,Novel,1,38593,0.04,6523.25,West,Pune,Debit Card
ORD04893,2025-02-17,CUST0922,Books,Comics,5,88850,0.18,7096.42,West,Pune,Cash on Delivery
ORD04894,2025-12-21,CUST1368,Furniture,Sofa,4,117048,0.1,5757.86,North,Jaipur,UPI
ORD04895,2025-08-17,CUST0726,Furniture,Chair,2,97706,0.26,8421.85,West,Pune,Credit Card
ORD04896,2025-04-12,CUST1940,Clothing,Dress,5,83695,0.25,8080.7,North,Lucknow,Net Banking
ORD04897,2025-07-22,CUST0967,Electronics,Smart Watch,3,110658,0.13,21186.19,West,Pune,Debit Card
ORD04898,2025-09-10,CUST0583,Clothing,Dress,2,34908,0.2,6875.36,North,Jaipur,Credit Card
ORD04899,2025-01-23,CUST1562,Books,Comics,5,36790,0.05,4950.35,West,Mumbai,UPI
ORD04900,2025-01-03,CUST1030,Clothing,Shoes,1,700,0.07,51.21,North,Delhi,Credit Card
ORD04901,2025-08-26,CUST0712,Clothing,Dress,1,39643,0.21,1719.91,North,Jaipur,Cash on Delivery
ORD04902,2025-07-22,CUST0534,Books,Textbook,4,24116,0.17,2997.17,North,Jaipur,Debit Card
ORD04903,2025-07-24,CUST1470,Furniture,Sofa,5,97175,0.22,14493.68,East,Kolkata,UPI
ORD04904,2025-03-09,CUST0884,Beauty,Face Cream,2,62110,0.21,11104.29,South,Hyderabad,UPI
ORD04905,2025-04-03,CUST1072,Electronics,Headphones,1,11600,0.22,487.37,East,Patna,Debit Card
ORD04906,2025-07-16,CUST1108,Beauty,Face Wash,2,12930,0.21,1711.48,East,Patna,Net Banking
ORD04907,2025-11-07,CUST1974,Beauty,Face Wash,5,149885,0.29,12818.67,South,Chennai,UPI
ORD04908,2025-11-24,CUST0623,Books,Novel,5,98845,0.17,10839.62,South,Chennai,Debit Card
ORD04909,2025-01-19,CUST1271,Furniture,Chair,4,62776,0.11,9990.85,South,Hyderabad,UPI
ORD04910,2025-07-20,CUST1544,Books,Textbook,2,97752,0.14,9347.55,West,Pune,Credit Card
ORD04911,2025-10-31,CUST0340,Electronics,Smart Watch,5,7755,0.0,830.58,East,Kolkata,Cash on Delivery
ORD04912,2025-06-12,CUST0143,Books,Textbook,3,80043,0.22,11343.96,South,Chennai,Credit Card
ORD04913,2025-02-15,CUST0041,Electronics,Mobile Phone,1,34778,0.28,3299.78,West,Pune,Cash on Delivery
ORD04914,2025-08-04,CUST0739,Beauty,Face Wash,2,93494,0.09,16761.48,West,Ahmedabad,Net Banking
ORD04915,2025-11-17,CUST0690,Clothing,Jeans,1,41653,0.2,6477.2,East,Bhubaneswar,UPI
ORD04916,2025-07-19,CUST1235,Clothing,Shoes,2,98844,0.08,22372.01,South,Hyderabad,UPI
ORD04917,2025-11-06,CUST1457,Books,Novel,5,176515,0.12,9119.58,East,Bhubaneswar,Cash on Delivery
ORD04918,2025-06-26,CUST1358,Furniture,Chair,5,235045,0.27,38290.01,South,Hyderabad,Credit Card
ORD04919,2025-12-28,CUST1080,Electronics,Mobile Phone,5,36710,0.19,6220.16,North,Jaipur,Cash on Delivery
ORD04920,2025-04-26,CUST1868,Books,Magazine,3,13710,0.15,2366.0,North,Delhi,Credit Card
ORD04921,2025-05-09,CUST0711,Furniture,Table,5,175450,0.04,41831.23,North,Delhi,Debit Card
ORD04922,2025-12-29,CUST0630,Electronics,Smart Watch,5,173180,0.03,30257.53,South,Bangalore,Credit Card
ORD04923,2025-04-13,CUST1219,Furniture,Sofa,2,69990,0.25,3105.71,West,Pune,Debit Card
ORD04924,2025-01-01,CUST0071,Electronics,Laptop,4,119240,0.13,12094.75,West,Ahmedabad,Debit Card
ORD04925,2025-08-20,CUST0428,Clothing,Dress,4,188900,0.02,17399.48,West,Ahmedabad,Credit Card
ORD04926,2025-02-17,CUST1702,Beauty,Shampoo,3,94251,0.08,21592.63,East,Kolkata,Cash on Delivery
ORD04927,2025-12-20,CUST0321,Clothing,Jeans,4,187800,0.02,19333.92,East,Bhubaneswar,Debit Card
ORD04928,2025-08-19,CUST1396,Clothing,Shoes,3,16281,0.13,1167.05,East,Patna,Debit Card
ORD04929,2025-01-16,CUST0164,Beauty,Perfume,4,19908,0.08,4258.0,South,Chennai,Cash on Delivery
ORD04930,2025-10-29,CUST0318,Furniture,Sofa,1,48059,0.02,10127.98,West,Pune,Debit Card
ORD04931,2025-10-13,CUST0971,Beauty,Face Cream,4,35136,0.13,3053.2,East,Patna,Cash on Delivery
ORD04932,2025-08-30,CUST1561,Beauty,Perfume,1,9286,0.07,2053.46,East,Bhubaneswar,UPI
ORD04933,2025-03-07,CUST1089,Furniture,Table,4,73444,0.2,3014.25,North,Delhi,Credit Card
ORD04934,2025-09-03,CUST0742,Beauty,Face Wash,2,75720,0.07,12923.79,West,Pune,Cash on Delivery
ORD04935,2025-06-06,CUST1197,Clothing,Shoes,3,134055,0.25,5306.08,East,Bhubaneswar,Net Banking
ORD04936,2025-06-02,CUST1287,Books,Comics,5,119815,0.1,14003.48,West,Pune,Credit Card
ORD04937,2025-07-23,CUST0734,Clothing,T-Shirt,1,22237,0.08,2086.58,East,Bhubaneswar,Net Banking
ORD04938,2025-03-26,CUST1710,Clothing,T-Shirt,4,102948,0.23,17816.69,North,Lucknow,Cash on Delivery
ORD04939,2025-09-23,CUST0924,Electronics,Headphones,5,111010,0.27,6430.22,South,Hyderabad,UPI
ORD04940,2025-11-14,CUST1412,Furniture,Chair,3,45678,0.01,9704.2,East,Patna,Cash on Delivery
ORD04941,2025-05-13,CUST1680,Clothing,Dress,2,37738,0.02,6400.25,East,Bhubaneswar,Net Banking
ORD04942,2025-11-14,CUST1457,Electronics,Headphones,5,128730,0.21,23184.38,West,Ahmedabad,Net Banking
ORD04943,2025-03-26,CUST0630,Books,Novel,2,34414,0.28,2101.67,West,Pune,Cash on Delivery
ORD04944,2025-10-02,CUST0175,Beauty,Shampoo,4,146144,0.14,18360.53,North,Jaipur,Debit Card
ORD04945,2025-08-31,CUST1731,Beauty,Shampoo,1,49032,0.15,5235.37,West,Mumbai,UPI
ORD04946,2025-02-08,CUST1166,Clothing,Shoes,3,5442,0.21,1058.77,South,Chennai,UPI
ORD04947,2025-12-05,CUST0814,Beauty,Perfume,1,28300,0.05,5359.43,West,Ahmedabad,Net Banking
ORD04948,2025-06-09,CUST0952,Books,Magazine,2,97540,0.02,7429.5,West,Pune,Net Banking
ORD04949,2025-08-05,CUST0902,Clothing,Jeans,4,172984,0.29,28945.76,East,Bhubaneswar,UPI
ORD04950,2025-07-03,CUST0943,Beauty,Shampoo,1,42303,0.08,7126.72,West,Pune,Net Banking
ORD04951,2025-03-19,CUST1224,Clothing,Dress,3,137523,0.05,31527.82,West,Ahmedabad,Net Banking
ORD04952,2025-06-24,CUST0552,Electronics,Laptop,1,15095,0.23,1137.16,South,Bangalore,Credit Card
ORD04953,2025-04-03,CUST1943,Furniture,Bookshelf,3,63369,0.16,4638.36,North,Delhi,UPI
ORD04954,2025-08-19,CUST1686,Books,Novel,4,26136,0.23,4902.18,East,Kolkata,UPI
ORD04955,2025-03-01,CUST0430,Beauty,Perfume,4,176972,0.18,31249.73,West,Ahmedabad,UPI
ORD04956,2025-03-24,CUST0715,Beauty,Face Wash,5,66870,0.06,14327.92,East,Kolkata,Debit Card
ORD04957,2025-03-31,CUST1670,Electronics,Smart Watch,2,92010,0.28,13214.31,East,Kolkata,UPI
ORD04958,2025-11-02,CUST0142,Electronics,Laptop,3,138753,0.12,14102.99,South,Bangalore,Debit Card
ORD04959,2025-01-01,CUST0739,Books,Textbook,1,15735,0.03,3219.56,West,Pune,Cash on Delivery
ORD04960,2025-04-21,CUST0676,Books,Comics,2,25458,0.01,5791.6,East,Patna,Debit Card
ORD04961,2025-04-28,CUST0895,Furniture,Bookshelf,4,163500,0.15,26028.89,South,Bangalore,Net Banking
ORD04962,2025-10-24,CUST1040,Beauty,Face Cream,3,133041,0.09,13545.68,West,Ahmedabad,UPI
ORD04963,2025-11-21,CUST0056,Electronics,Mobile Phone,4,119560,0.23,14997.45,South,Chennai,Cash on Delivery
ORD04964,2025-02-09,CUST0184,Electronics,Headphones,3,30366,0.18,5546.65,South,Hyderabad,Net Banking
ORD04965,2025-01-26,CUST0883,Clothing,Dress,2,85186,0.23,11553.53,West,Pune,Net Banking
ORD04966,2025-03-02,CUST0194,Beauty,Face Cream,5,244280,0.06,33531.0,North,Lucknow,Credit Card
ORD04967,2025-11-02,CUST1803,Electronics,Smart Watch,5,204085,0.15,29057.41,South,Hyderabad,UPI
ORD04968,2025-08-07,CUST0162,Electronics,Headphones,3,123726,0.1,12205.82,North,Lucknow,Cash on Delivery
ORD04969,2025-01-16,CUST0013,Books,Novel,1,16063,0.01,3108.57,West,Ahmedabad,Debit Card
ORD04970,2025-04-19,CUST1880,Furniture,Bookshelf,2,16532,0.25,2858.54,North,Delhi,Credit Card
ORD04971,2025-02-25,CUST0246,Beauty,Shampoo,3,40041,0.06,7417.56,East,Bhubaneswar,Debit Card
ORD04972,2025-02-25,CUST1222,Furniture,Table,1,45287,0.14,7675.69,South,Hyderabad,Cash on Delivery
ORD04973,2025-06-12,CUST1955,Books,Novel,4,78752,0.02,13790.63,North,Delhi,Net Banking
ORD04974,2025-01-13,CUST1846,Clothing,T-Shirt,3,108066,0.19,18140.02,East,Patna,Net Banking
ORD04975,2025-12-05,CUST0444,Electronics,Laptop,1,7539,0.23,685.37,West,Ahmedabad,Cash on Delivery
ORD04976,2025-04-11,CUST1342,Electronics,Mobile Phone,5,100600,0.11,19601.33,East,Kolkata,Debit Card
ORD04977,2025-03-01,CUST0762,Books,Magazine,1,695,0.26,68.3,South,Chennai,Credit Card
ORD04978,2025-08-10,CUST1526,Furniture,Chair,2,24470,0.24,2208.93,North,Jaipur,Credit Card
ORD04979,2025-12-25,CUST0677,Furniture,Sofa,4,13324,0.08,1290.22,East,Patna,Debit Card
ORD04980,2025-06-20,CUST1828,Furniture,Sofa,2,22362,0.22,982.32,West,Ahmedabad,Cash on Delivery
ORD04981,2025-11-17,CUST0004,Furniture,Sofa,5,69625,0.11,10122.89,North,Lucknow,Credit Card
ORD04982,2025-12-14,CUST0738,Books,Novel,4,117500,0.21,16234.54,West,Pune,Credit Card
ORD04983,2025-05-14,CUST0296,Electronics,Headphones,1,17615,0.21,1222.19,West,Ahmedabad,Net Banking
ORD04984,2025-04-13,CUST1247,Electronics,Laptop,5,210385,0.1,28929.18,South,Bangalore,Net Banking
ORD04985,2025-03-20,CUST0106,Electronics,Smart Watch,2,60270,0.14,10382.23,West,Mumbai,Debit Card
ORD04986,2025-09-24,CUST0940,Books,Magazine,3,41853,0.21,4674.66,East,Patna,Net Banking
ORD04987,2025-05-21,CUST0030,Electronics,Smart Watch,5,116880,0.21,6788.34,East,Kolkata,Debit Card
ORD04988,2025-01-20,CUST1984,Electronics,Laptop,4,21648,0.15,1043.26,North,Delhi,Debit Card
ORD04989,2025-03-11,CUST1397,Books,Textbook,1,47930,0.26,8622.27,East,Patna,Credit Card
ORD04990,2025-06-17,CUST1811,Furniture,Sofa,5,95695,0.2,6360.48,North,Lucknow,Credit Card
ORD04991,2025-03-21,CUST1359,Books,Magazine,3,86307,0.02,8778.31,South,Bangalore,Net Banking
ORD04992,2025-06-20,CUST0299,Books,Magazine,1,40618,0.06,2895.66,North,Delhi,Net Banking
ORD04993,2025-09-21,CUST1986,Furniture,Sofa,1,7753,0.03,1656.0,West,Pune,Credit Card
ORD04994,2025-12-13,CUST0843,Clothing,Dress,4,198464,0.1,35978.35,North,Lucknow,UPI
ORD04995,2025-11-23,CUST0124,Clothing,T-Shirt,5,100335,0.15,19903.22,West,Pune,UPI
ORD04996,2025-08-03,CUST0932,Electronics,Laptop,2,29736,0.29,1152.46,South,Hyderabad,Net Banking
ORD04997,2025-04-24,CUST1124,Beauty,Face Wash,4,172532,0.14,14711.25,East,Patna,Credit Card
ORD04998,2025-03-31,CUST1643,Beauty,Face Wash,2,41276,0.08,8665.11,North,Jaipur,Net Banking
ORD04999,2025-09-20,CUST1381,Electronics,Mobile Phone,5,213245,0.02,51467.78,East,Patna,Net Banking
ORD05000,2025-11-25,CUST0141,Electronics,Headphones,5,241510,0.29,14122.81,East,Kolkata,Cash on Delivery
ORD05001,2025-12-25,CUST1028,Books,Comics,3,89109,0.15,5086.64,West,Mumbai,Cash on Delivery
ORD05002,2025-06-29,CUST1518,Clothing,Shoes,1,24924,0.17,4825.67,East,Kolkata,Cash on Delivery
ORD05003,2025-07-08,CUST0343,Books,Novel,3,19404,0.17,2715.21,East,Bhubaneswar,Net Banking
ORD05004,2025-03-07,CUST1130,Beauty,Face Wash,3,29133,0.04,4105.17,South,Hyderabad,Debit Card
ORD05005,2025-01-12,CUST1826,Clothing,Dress,2,75254,0.16,11544.71,West,Ahmedabad,Credit Card
ORD05006,2025-05-05,CUST1473,Books,Novel,4,84404,0.23,11747.41,West,Mumbai,Debit Card
ORD05007,2025-05-06,CUST0219,Clothing,T-Shirt,3,97962,0.15,6015.49,East,Patna,Debit Card
ORD05008,2025-03-12,CUST0575,Furniture,Bookshelf,3,46155,0.02,2808.56,South,Hyderabad,UPI
ORD05009,2025-06-07,CUST0379,Clothing,T-Shirt,1,14323,0.02,1892.95,North,Delhi,UPI
ORD05010,2025-07-10,CUST0688,Furniture,Chair,4,133640,0.2,19820.7,West,Ahmedabad,Net Banking
ORD05011,2025-06-06,CUST1154,Clothing,Jeans,1,43792,0.04,2548.27,West,Pune,Cash on Delivery
ORD05012,2025-11-28,CUST1597,Beauty,Perfume,2,47076,0.12,6973.39,West,Ahmedabad,Debit Card
ORD05013,2025-11-13,CUST1276,Electronics,Laptop,1,29849,0.21,4887.15,South,Bangalore,Cash on Delivery
ORD05014,2025-01-14,CUST1937,Beauty,Face Cream,4,51804,0.07,6367.91,West,Ahmedabad,UPI
ORD05015,2025-07-02,CUST1301,Beauty,Shampoo,3,99627,0.09,16466.91,North,Lucknow,Credit Card
ORD05016,2025-05-25,CUST0292,Clothing,T-Shirt,2,64384,0.24,11969.1,North,Delhi,Credit Card
ORD05017,2025-06-05,CUST0476,Furniture,Chair,2,28554,0.23,1476.24,South,Hyderabad,Credit Card
ORD05018,2025-08-30,CUST0630,Electronics,Mobile Phone,4,195632,0.26,32708.89,North,Jaipur,Debit Card
ORD05019,2025-10-24,CUST0677,Beauty,Perfume,1,7840,0.18,999.1,North,Jaipur,UPI
ORD05020,2025-04-11,CUST1014,Electronics,Laptop,5,151150,0.04,24171.35,East,Bhubaneswar,UPI
ORD05021,2025-04-02,CUST1483,Furniture,Table,2,53734,0.09,4500.9,West,Mumbai,Debit Card
ORD05022,2025-08-25,CUST1325,Furniture,Table,5,70160,0.13,12970.15,West,Ahmedabad,Net Banking
ORD05023,2025-02-03,CUST0139,Beauty,Face Wash,1,23894,0.19,2746.44,North,Lucknow,Cash on Delivery
ORD05024,2025-05-14,CUST1585,Books,Textbook,1,4461,0.05,624.97,East,Bhubaneswar,Net Banking
ORD05025,2025-07-27,CUST0799,Books,Textbook,3,46926,0.13,8783.7,South,Bangalore,Cash on Delivery
ORD05026,2025-09-26,CUST0156,Electronics,Headphones,4,194576,0.14,12367.05,East,Patna,Cash on Delivery
ORD05027,2025-08-26,CUST0591,Electronics,Smart Watch,4,170980,0.07,34143.86,West,Ahmedabad,Net Banking
ORD05028,2025-05-05,CUST1316,Beauty,Perfume,2,61660,0.27,8476.73,East,Bhubaneswar,UPI
ORD05029,2025-04-20,CUST1621,Books,Novel,4,87744,0.26,4816.65,East,Bhubaneswar,Debit Card
ORD05030,2025-08-24,CUST1232,Furniture,Table,4,158544,0.14,28828.2,East,Patna,UPI
ORD05031,2025-01-11,CUST0146,Beauty,Perfume,3,67833,0.29,2666.22,North,Jaipur,Cash on Delivery
ORD05032,2025-03-31,CUST0223,Clothing,T-Shirt,2,62702,0.05,7165.2,East,Kolkata,Credit Card
ORD05033,2025-11-27,CUST1875,Books,Textbook,2,34860,0.02,4209.04,West,Pune,Credit Card
ORD05034,2025-03-21,CUST1891,Furniture,Sofa,3,126276,0.16,14448.47,West,Pune,Cash on Delivery
ORD05035,2025-03-20,CUST0049,Furniture,Chair,4,82688,0.05,15622.91,East,Kolkata,Credit Card
ORD05036,2025-01-22,CUST0938,Clothing,T-Shirt,1,27919,0.09,4170.88,East,Kolkata,Credit Card
ORD05037,2025-08-25,CUST0859,Beauty,Face Wash,1,45494,0.03,4665.28,South,Hyderabad,UPI
ORD05038,2025-05-03,CUST0330,Books,Magazine,4,46624,0.11,2530.77,West,Mumbai,UPI
ORD05039,2025-01-01,CUST0866,Books,Textbook,5,66435,0.24,3122.43,West,Ahmedabad,Debit Card
ORD05040,2025-10-04,CUST1065,Electronics,Mobile Phone,1,44607,0.22,8565.69,West,Ahmedabad,Debit Card
ORD05041,2025-02-22,CUST1855,Furniture,Table,4,67544,0.17,5767.46,South,Chennai,UPI
ORD05042,2025-06-02,CUST0120,Electronics,Smart Watch,5,125475,0.15,21261.18,North,Lucknow,Cash on Delivery
ORD05043,2025-06-11,CUST0256,Clothing,Jeans,3,25056,0.21,4276.73,South,Chennai,Net Banking
ORD05044,2025-04-30,CUST0166,Beauty,Perfume,4,9196,0.1,1126.27,South,Hyderabad,Debit Card
ORD05045,2025-04-22,CUST0162,Clothing,Dress,1,32957,0.25,5695.38,South,Chennai,UPI
ORD05046,2025-11-02,CUST1783,Beauty,Perfume,2,74578,0.14,11132.9,South,Chennai,Debit Card
ORD05047,2025-02-12,CUST0996,Books,Comics,3,33819,0.16,3678.86,West,Pune,Cash on Delivery
ORD05048,2025-04-16,CUST0068,Beauty,Perfume,5,21290,0.04,1282.47,South,Hyderabad,Debit Card
ORD05049,2025-04-18,CUST0954,Clothing,Jeans,2,48724,0.28,2907.53,South,Hyderabad,Cash on Delivery
ORD05050,2025-04-06,CUST0541,Furniture,Sofa,5,12320,0.12,1067.15,East,Bhubaneswar,Debit Card
ORD05051,2025-03-28,CUST0857,Books,Magazine,1,18767,0.25,3311.25,East,Bhubaneswar,UPI
ORD05052,2025-12-04,CUST1205,Beauty,Face Wash,3,27018,0.14,2312.54,East,Patna,Net Banking
ORD05053,2025-11-10,CUST1699,Beauty,Shampoo,3,133293,0.11,23518.87,South,Chennai,UPI
ORD05054,2025-12-05,CUST1553,Furniture,Bookshelf,1,10252,0.29,1611.99,West,Mumbai,Debit Card
ORD05055,2025-01-17,CUST0342,Furniture,Table,1,17879,0.06,2403.02,North,Lucknow,Net Banking
ORD05056,2025-03-28,CUST0487,Beauty,Perfume,1,13973,0.1,2586.86,North,Jaipur,Cash on Delivery
ORD05057,2025-01-05,CUST0603,Clothing,Dress,3,65493,0.29,9844.01,West,Ahmedabad,Net Banking
ORD05058,2025-07-21,CUST1500,Furniture,Sofa,5,12775,0.27,1063.56,North,Lucknow,Credit Card
ORD05059,2025-09-09,CUST1042,Clothing,Jeans,5,25855,0.23,1301.75,West,Pune,Debit Card
ORD05060,2025-10-25,CUST0159,Electronics,Smart Watch,2,90334,0.14,16260.19,East,Patna,Cash on Delivery
ORD05061,2025-10-07,CUST0527,Books,Textbook,2,80550,0.04,9250.77,South,Chennai,UPI
ORD05062,2025-09-06,CUST0332,Books,Magazine,4,24708,0.15,2622.57,East,Bhubaneswar,Credit Card
ORD05063,2025-05-01,CUST1358,Furniture,Table,4,5684,0.15,782.33,South,Bangalore,Debit Card
ORD05064,2025-06-30,CUST1707,Electronics,Smart Watch,5,73980,0.12,11529.76,South,Bangalore,Net Banking
ORD05065,2025-01-12,CUST0986,Clothing,Shoes,4,102280,0.19,4533.31,West,Ahmedabad,Net Banking
ORD05066,2025-09-06,CUST0747,Furniture,Bookshelf,1,2154,0.01,452.75,East,Kolkata,UPI
ORD05067,2025-03-21,CUST1148,Books,Comics,1,18909,0.14,831.71,West,Ahmedabad,UPI
ORD05068,2025-08-30,CUST0592,Clothing,Jeans,3,29418,0.2,2193.03,West,Mumbai,Cash on Delivery
ORD05069,2025-12-27,CUST1031,Clothing,Shoes,2,83688,0.04,10567.02,South,Hyderabad,Net Banking
ORD05070,2025-05-07,CUST1493,Furniture,Table,4,111204,0.22,6522.12,East,Kolkata,Credit Card
ORD05071,2025-09-21,CUST0176,Beauty,Face Cream,1,45001,0.14,8113.29,South,Bangalore,Net Banking
ORD05072,2025-01-16,CUST1229,Furniture,Sofa,5,10840,0.18,1344.28,West,Mumbai,Net Banking
ORD05073,2025-08-13,CUST0301,Books,Novel,5,70610,0.07,12781.17,East,Kolkata,Debit Card
ORD05074,2025-09-08,CUST0477,Furniture,Table,4,96212,0.18,6091.96,South,Chennai,Credit Card
ORD05075,2025-06-13,CUST0103,Beauty,Face Cream,1,21168,0.3,1446.53,South,Chennai,UPI
ORD05076,2025-12-07,CUST0809,Beauty,Face Cream,4,68480,0.11,4087.66,South,Hyderabad,Debit Card
ORD05077,2025-10-31,CUST1605,Electronics,Mobile Phone,4,47476,0.23,3993.24,North,Lucknow,Debit Card
ORD05078,2025-06-24,CUST1696,Electronics,Smart Watch,4,113696,0.24,4400.86,South,Hyderabad,Cash on Delivery
ORD05079,2025-09-20,CUST0176,Furniture,Chair,3,95655,0.02,17439.7,West,Pune,Credit Card
ORD05080,2025-02-14,CUST1101,Clothing,T-Shirt,2,97576,0.17,13491.82,West,Mumbai,Debit Card
ORD05081,2025-09-18,CUST0697,Beauty,Face Wash,4,58964,0.13,9696.07,East,Kolkata,UPI
ORD05082,2025-10-25,CUST0155,Beauty,Perfume,3,71334,0.19,13740.53,West,Ahmedabad,Net Banking
ORD05083,2025-05-21,CUST0628,Beauty,Perfume,1,49038,0.06,4123.83,West,Pune,Net Banking
ORD05084,2025-04-11,CUST1818,Books,Textbook,2,60022,0.2,9487.82,North,Jaipur,Debit Card
ORD05085,2025-08-29,CUST1565,Clothing,Dress,2,57338,0.06,8057.19,North,Jaipur,Debit Card
ORD05086,2025-11-27,CUST0221,Furniture,Chair,1,12685,0.2,773.66,South,Chennai,Net Banking
ORD05087,2025-04-15,CUST0213,Beauty,Face Cream,5,11755,0.28,858.84,North,Lucknow,Cash on Delivery
ORD05088,2025-10-14,CUST0670,Furniture,Sofa,2,78452,0.28,8929.77,North,Lucknow,UPI
ORD05089,2025-06-15,CUST0180,Books,Comics,4,28508,0.01,3183.96,South,Chennai,Credit Card
ORD05090,2025-02-09,CUST1240,Furniture,Bookshelf,3,45768,0.02,6185.14,South,Hyderabad,UPI
ORD05091,2025-05-14,CUST1773,Beauty,Face Cream,3,89232,0.19,13755.55,South,Bangalore,Credit Card
ORD05092,2025-03-14,CUST1412,Clothing,Jeans,1,32269,0.24,3896.98,East,Bhubaneswar,Credit Card
ORD05093,2025-12-19,CUST0086,Electronics,Mobile Phone,5,240340,0.08,45217.37,South,Hyderabad,Credit Card
ORD05094,2025-12-18,CUST0205,Books,Textbook,1,44689,0.17,6104.61,East,Bhubaneswar,Net Banking
ORD05095,2025-04-11,CUST0219,Books,Novel,2,49384,0.28,6022.71,West,Ahmedabad,Debit Card
ORD05096,2025-08-11,CUST0228,Furniture,Chair,1,13627,0.07,1944.8,West,Pune,Credit Card
ORD05097,2025-06-13,CUST0559,Beauty,Perfume,1,28751,0.03,6001.79,East,Bhubaneswar,Credit Card
ORD05098,2025-12-25,CUST0532,Clothing,Shoes,2,51142,0.14,3316.72,North,Jaipur,Cash on Delivery
ORD05099,2025-11-01,CUST0620,Electronics,Mobile Phone,1,11908,0.03,2401.25,East,Kolkata,UPI
ORD05100,2025-05-20,CUST0183,Beauty,Perfume,4,118996,0.3,18392.82,South,Hyderabad,Net Banking
ORD05101,2025-10-10,CUST1896,Beauty,Face Cream,5,37140,0.19,6852.21,South,Chennai,Cash on Delivery
ORD05102,2025-11-08,CUST1681,Furniture,Bookshelf,3,4305,0.27,712.45,East,Bhubaneswar,Credit Card
ORD05103,2025-07-20,CUST1717,Furniture,Table,4,89784,0.1,4059.85,South,Chennai,UPI
ORD05104,2025-05-20,CUST0101,Beauty,Shampoo,2,71974,0.25,12443.33,East,Patna,Credit Card
ORD05105,2025-10-29,CUST1295,Books,Magazine,4,90156,0.08,11446.32,South,Bangalore,UPI
ORD05106,2025-11-12,CUST0723,Books,Textbook,2,47632,0.28,6875.53,North,Jaipur,Cash on Delivery
ORD05107,2025-09-25,CUST0382,Clothing,Shoes,5,110660,0.19,7358.35,North,Delhi,Credit Card
ORD05108,2025-06-08,CUST0416,Electronics,Smart Watch,5,142580,0.15,11299.7,South,Hyderabad,Debit Card
ORD05109,2025-09-20,CUST1908,Books,Textbook,4,124192,0.12,16661.02,North,Lucknow,Cash on Delivery
ORD05110,2025-08-04,CUST0830,Books,Comics,3,46047,0.15,5142.88,South,Bangalore,Credit Card
ORD05111,2025-04-19,CUST1977,Books,Magazine,4,32372,0.29,3159.03,North,Delhi,Debit Card
ORD05112,2025-08-06,CUST1363,Books,Textbook,5,90755,0.28,13810.88,East,Kolkata,Net Banking
ORD05113,2025-02-01,CUST1243,Books,Textbook,3,107298,0.12,19484.89,South,Hyderabad,Net Banking
ORD05114,2025-11-12,CUST0613,Beauty,Face Cream,3,25368,0.13,2005.63,East,Bhubaneswar,Credit Card
ORD05115,2025-01-17,CUST1188,Electronics,Headphones,2,10334,0.11,1030.13,North,Jaipur,Cash on Delivery
ORD05116,2025-05-14,CUST0068,Beauty,Perfume,2,73120,0.29,6341.22,South,Bangalore,Debit Card
ORD05117,2025-01-11,CUST0412,Electronics,Headphones,4,168884,0.21,33136.2,South,Hyderabad,Debit Card
ORD05118,2025-12-04,CUST1806,Furniture,Bookshelf,2,7552,0.29,1114.59,West,Pune,Cash on Delivery
ORD05119,2025-07-01,CUST1570,Books,Magazine,1,38692,0.01,7308.56,East,Kolkata,UPI
ORD05120,2025-02-22,CUST0743,Books,Textbook,2,30944,0.08,6005.4,North,Jaipur,UPI
ORD05121,2025-01-27,CUST1204,Furniture,Sofa,1,34144,0.05,2604.97,North,Jaipur,Credit Card
ORD05122,2025-01-23,CUST0132,Furniture,Sofa,1,786,0.05,140.12,South,Hyderabad,UPI
ORD05123,2025-06-27,CUST0759,Furniture,Bookshelf,4,48264,0.19,2383.27,East,Patna,Debit Card
ORD05124,2025-09-11,CUST0707,Clothing,Jeans,2,91992,0.19,7487.93,West,Ahmedabad,Cash on Delivery
ORD05125,2025-04-11,CUST0432,Furniture,Table,3,57246,0.04,6948.39,West,Ahmedabad,Credit Card
ORD05126,2025-05-29,CUST1150,Books,Textbook,1,37903,0.28,2495.28,West,Pune,Credit Card
ORD05127,2025-07-27,CUST1356,Electronics,Smart Watch,2,6392,0.04,1282.06,East,Kolkata,Debit Card
ORD05128,2025-03-02,CUST1977,Furniture,Sofa,5,82150,0.26,6573.43,South,Bangalore,Cash on Delivery
ORD05129,2025-12-27,CUST1709,Beauty,Face Cream,2,99426,0.21,4594.53,South,Bangalore,Cash on Delivery
ORD05130,2025-01-09,CUST1812,Electronics,Smart Watch,5,54795,0.03,6727.94,North,Lucknow,Cash on Delivery
ORD05131,2025-09-24,CUST0233,Clothing,Jeans,5,125775,0.14,19140.42,South,Chennai,UPI
ORD05132,2025-10-23,CUST1393,Electronics,Laptop,5,185050,0.07,22342.15,South,Chennai,Cash on Delivery
ORD05133,2025-06-08,CUST0554,Electronics,Smart Watch,5,106195,0.07,12003.61,East,Bhubaneswar,UPI
ORD05134,2025-10-31,CUST1159,Electronics,Smart Watch,4,183916,0.06,22152.7,East,Bhubaneswar,Cash on Delivery
ORD05135,2025-11-15,CUST0295,Clothing,Dress,2,31348,0.15,2730.81,North,Lucknow,UPI
ORD05136,2025-11-07,CUST0091,Clothing,T-Shirt,3,123993,0.02,13871.38,West,Ahmedabad,Net Banking
ORD05137,2025-11-11,CUST0697,Electronics,Smart Watch,2,69312,0.27,8760.63,East,Bhubaneswar,Credit Card
ORD05138,2025-04-05,CUST0911,Books,Novel,4,61368,0.07,13351.22,North,Jaipur,Cash on Delivery
ORD05139,2025-07-20,CUST1068,Furniture,Chair,1,12165,0.21,1588.56,East,Patna,Net Banking
ORD05140,2025-04-04,CUST0056,Books,Comics,3,109209,0.1,11425.01,South,Hyderabad,UPI
ORD05141,2025-06-08,CUST1007,Electronics,Laptop,3,61020,0.23,7523.01,East,Patna,Net Banking
ORD05142,2025-12-20,CUST1126,Clothing,T-Shirt,1,24514,0.03,4650.21,West,Pune,Cash on Delivery
ORD05143,2025-11-12,CUST1254,Electronics,Smart Watch,1,47854,0.2,5407.6,South,Chennai,UPI
ORD05144,2025-04-17,CUST0361,Clothing,Dress,5,176045,0.07,10623.58,East,Patna,UPI
ORD05145,2025-03-18,CUST1862,Furniture,Sofa,4,36400,0.15,1965.12,North,Delhi,Net Banking
ORD05146,2025-08-09,CUST0440,Beauty,Face Cream,3,71727,0.27,3816.3,East,Bhubaneswar,Cash on Delivery
ORD05147,2025-01-12,CUST1632,Electronics,Laptop,4,173764,0.22,12410.97,West,Ahmedabad,Credit Card
ORD05148,2025-11-09,CUST0357,Clothing,Dress,4,114568,0.13,15599.75,North,Jaipur,UPI
ORD05149,2025-07-06,CUST1182,Clothing,Shoes,2,13930,0.26,956.77,East,Bhubaneswar,Debit Card
ORD05150,2025-03-29,CUST1225,Books,Comics,3,79701,0.05,12569.66,East,Bhubaneswar,Debit Card
ORD05151,2025-04-17,CUST1559,Books,Novel,1,49698,0.09,5557.99,East,Bhubaneswar,Cash on Delivery
ORD05152,2025-09-18,CUST0725,Beauty,Face Cream,2,46724,0.29,7863.51,West,Ahmedabad,Net Banking
ORD05153,2025-12-13,CUST1018,Beauty,Face Wash,4,154972,0.11,25213.64,West,Pune,Cash on Delivery
ORD05154,2025-08-26,CUST1227,Electronics,Headphones,4,97772,0.28,4255.53,North,Lucknow,Net Banking
ORD05155,2025-11-12,CUST0282,Beauty,Face Wash,1,25014,0.18,1047.09,East,Kolkata,Debit Card
ORD05156,2025-09-13,CUST1265,Beauty,Perfume,2,56672,0.08,12590.63,North,Jaipur,Debit Card
ORD05157,2025-11-18,CUST0799,Electronics,Laptop,4,108752,0.25,15376.81,East,Patna,Credit Card
ORD05158,2025-06-19,CUST0001,Books,Comics,3,21594,0.13,3806.3,East,Kolkata,Credit Card
ORD05159,2025-04-25,CUST1150,Electronics,Smart Watch,2,15404,0.06,2969.54,South,Bangalore,UPI
ORD05160,2025-06-15,CUST1959,Clothing,Dress,4,37236,0.27,3414.27,East,Patna,UPI
ORD05161,2025-03-09,CUST1379,Furniture,Bookshelf,4,167160,0.03,29846.76,East,Patna,Net Banking
ORD05162,2025-04-25,CUST1839,Furniture,Table,5,81270,0.22,10094.15,East,Patna,Credit Card
ORD05163,2025-11-27,CUST1327,Furniture,Table,5,116350,0.07,12945.22,North,Jaipur,Net Banking
ORD05164,2025-01-04,CUST1171,Furniture,Chair,4,172988,0.2,9110.73,South,Hyderabad,UPI
ORD05165,2025-02-02,CUST0251,Electronics,Laptop,3,149754,0.17,12415.36,West,Ahmedabad,UPI
ORD05166,2025-02-19,CUST1904,Furniture,Bookshelf,4,8672,0.17,1238.25,South,Chennai,UPI
ORD05167,2025-02-22,CUST1267,Furniture,Sofa,3,120480,0.23,16422.28,East,Patna,Cash on Delivery
ORD05168,2025-04-17,CUST0537,Furniture,Sofa,3,122808,0.15,21431.49,North,Lucknow,Debit Card
ORD05169,2025-09-18,CUST1854,Furniture,Table,1,47429,0.09,2302.14,South,Chennai,Debit Card
ORD05170,2025-08-15,CUST0357,Electronics,Smart Watch,3,113619,0.01,16089.86,West,Pune,Debit Card
ORD05171,2025-01-25,CUST1176,Furniture,Sofa,1,22427,0.3,1164.22,East,Bhubaneswar,Credit Card
ORD05172,2025-07-14,CUST1347,Beauty,Face Wash,1,29520,0.25,3671.97,West,Pune,UPI
ORD05173,2025-02-21,CUST0352,Beauty,Shampoo,3,23664,0.06,2736.26,West,Ahmedabad,Net Banking
ORD05174,2025-03-23,CUST0993,Furniture,Chair,3,72282,0.18,7284.32,West,Ahmedabad,Cash on Delivery
ORD05175,2025-07-11,CUST0796,Electronics,Mobile Phone,4,159036,0.25,8597.94,South,Chennai,Net Banking
ORD05176,2025-01-10,CUST0023,Furniture,Sofa,5,213850,0.05,27414.78,West,Mumbai,Credit Card
ORD05177,2025-05-13,CUST0749,Clothing,Dress,2,4554,0.28,664.17,North,Lucknow,Net Banking
ORD05178,2025-04-10,CUST1152,Beauty,Shampoo,2,93260,0.08,8774.75,East,Bhubaneswar,Debit Card
ORD05179,2025-05-18,CUST1213,Beauty,Face Cream,3,112992,0.26,15802.9,South,Bangalore,UPI
ORD05180,2025-12-06,CUST1411,Clothing,Shoes,1,37276,0.15,5575.74,West,Mumbai,UPI
ORD05181,2025-04-17,CUST0414,Electronics,Smart Watch,5,109255,0.26,19181.06,South,Bangalore,UPI
ORD05182,2025-08-27,CUST1799,Furniture,Chair,1,41754,0.27,1599.93,South,Bangalore,UPI
ORD05183,2025-11-12,CUST1323,Clothing,Shoes,4,64908,0.07,9174.07,West,Ahmedabad,UPI
ORD05184,2025-03-14,CUST0371,Books,Novel,2,23632,0.22,3983.5,South,Hyderabad,UPI
ORD05185,2025-10-15,CUST0201,Furniture,Table,2,42688,0.03,6134.98,East,Patna,Cash on Delivery
ORD05186,2025-06-24,CUST1275,Furniture,Table,1,19565,0.29,2552.13,West,Mumbai,Net Banking
ORD05187,2025-09-13,CUST0090,Electronics,Laptop,3,33756,0.04,6577.48,South,Hyderabad,UPI
ORD05188,2025-01-18,CUST0460,Books,Comics,4,131024,0.2,9635.25,North,Delhi,UPI
ORD05189,2025-06-27,CUST1067,Furniture,Bookshelf,1,33137,0.07,3056.65,South,Bangalore,UPI
ORD05190,2025-03-21,CUST1256,Clothing,Shoes,1,5854,0.19,554.47,South,Chennai,Cash on Delivery
ORD05191,2025-08-20,CUST0018,Books,Magazine,4,48052,0.02,5984.09,East,Bhubaneswar,UPI
ORD05192,2025-08-23,CUST1720,Beauty,Face Cream,2,14862,0.25,1154.39,North,Lucknow,Cash on Delivery
ORD05193,2025-03-01,CUST1550,Beauty,Face Wash,2,51970,0.05,8146.69,East,Patna,Credit Card
ORD05194,2025-10-05,CUST1883,Furniture,Sofa,2,36502,0.08,5747.48,North,Delhi,Net Banking
ORD05195,2025-10-31,CUST0526,Furniture,Sofa,1,35013,0.09,7586.29,South,Hyderabad,Debit Card
ORD05196,2025-01-29,CUST0592,Furniture,Table,3,59448,0.14,4056.56,West,Mumbai,Cash on Delivery
ORD05197,2025-10-19,CUST0527,Furniture,Table,1,29844,0.25,2963.18,South,Hyderabad,Net Banking
ORD05198,2025-12-22,CUST1641,Electronics,Headphones,1,19079,0.09,1927.73,West,Pune,Debit Card
ORD05199,2025-09-19,CUST1549,Beauty,Face Wash,3,32967,0.1,5657.01,North,Jaipur,Net Banking
ORD05200,2025-01-13,CUST0513,Books,Magazine,3,4875,0.27,612.37,East,Bhubaneswar,Credit Card
ORD05201,2025-08-12,CUST1440,Electronics,Mobile Phone,1,16071,0.28,805.16,East,Kolkata,Net Banking
ORD05202,2025-09-05,CUST1834,Books,Magazine,5,74190,0.18,8975.42,East,Bhubaneswar,Credit Card
ORD05203,2025-06-12,CUST1988,Beauty,Shampoo,2,22394,0.08,1706.58,East,Bhubaneswar,UPI
ORD05204,2025-08-22,CUST1872,Clothing,Jeans,2,38744,0.14,2868.36,East,Kolkata,Credit Card
ORD05205,2025-01-26,CUST1932,Electronics,Mobile Phone,5,160770,0.1,31054.0,East,Kolkata,UPI
ORD05206,2025-09-08,CUST1922,Beauty,Face Cream,5,200460,0.17,29183.84,South,Chennai,Cash on Delivery
ORD05207,2025-04-07,CUST1982,Clothing,Jeans,1,542,0.16,106.18,East,Kolkata,Cash on Delivery
ORD05208,2025-05-24,CUST1639,Furniture,Table,2,21854,0.28,2446.61,South,Bangalore,Debit Card
ORD05209,2025-12-30,CUST1369,Electronics,Laptop,5,233785,0.21,28290.59,East,Patna,UPI
ORD05210,2025-12-30,CUST1148,Books,Novel,5,91060,0.05,6403.33,North,Lucknow,Credit Card
ORD05211,2025-12-02,CUST1830,Furniture,Chair,3,38796,0.06,8520.7,North,Jaipur,Debit Card
ORD05212,2025-02-20,CUST1575,Furniture,Chair,2,38196,0.17,4462.11,East,Kolkata,Net Banking
ORD05213,2025-05-30,CUST0304,Beauty,Face Cream,1,37534,0.2,2796.79,North,Jaipur,Debit Card
ORD05214,2025-04-26,CUST0229,Clothing,T-Shirt,1,45109,0.22,7127.72,North,Lucknow,Cash on Delivery
ORD05215,2025-12-07,CUST1020,Clothing,Jeans,2,1498,0.2,216.99,South,Bangalore,Credit Card
ORD05216,2025-03-02,CUST1835,Furniture,Table,2,76082,0.22,13919.62,West,Ahmedabad,Credit Card
ORD05217,2025-11-04,CUST0160,Electronics,Smart Watch,5,179345,0.28,17604.7,East,Bhubaneswar,UPI
ORD05218,2025-05-24,CUST0596,Clothing,Dress,5,218455,0.05,42138.85,North,Lucknow,Net Banking
ORD05219,2025-07-02,CUST0294,Furniture,Chair,4,151560,0.17,26785.44,North,Jaipur,Net Banking
ORD05220,2025-08-07,CUST0831,Clothing,T-Shirt,4,131236,0.15,13538.65,North,Lucknow,Debit Card
ORD05221,2025-03-15,CUST0956,Electronics,Laptop,3,55770,0.09,2749.07,North,Delhi,Cash on Delivery
ORD05222,2025-08-30,CUST0754,Beauty,Shampoo,2,30132,0.03,2265.85,North,Lucknow,UPI
ORD05223,2025-06-09,CUST0490,Electronics,Laptop,4,109740,0.23,10119.92,North,Delhi,Net Banking
ORD05224,2025-07-07,CUST1030,Beauty,Face Cream,1,49330,0.21,4048.92,East,Bhubaneswar,UPI
ORD05225,2025-03-23,CUST0394,Beauty,Face Cream,1,11905,0.18,639.98,North,Delhi,Cash on Delivery
ORD05226,2025-01-17,CUST1524,Clothing,Shoes,1,6619,0.04,1161.26,South,Bangalore,Credit Card
ORD05227,2025-07-16,CUST1603,Electronics,Laptop,2,31470,0.13,3356.26,South,Bangalore,Cash on Delivery
ORD05228,2025-07-21,CUST0690,Furniture,Chair,2,76464,0.05,7719.55,East,Kolkata,Debit Card
ORD05229,2025-11-01,CUST1951,Beauty,Perfume,4,159784,0.03,19236.9,South,Chennai,UPI
ORD05230,2025-03-23,CUST1707,Clothing,Shoes,3,148536,0.28,24370.26,East,Kolkata,Credit Card
ORD05231,2025-03-06,CUST0343,Beauty,Face Cream,4,120460,0.26,17745.29,East,Bhubaneswar,Cash on Delivery
ORD05232,2025-07-02,CUST1540,Beauty,Perfume,3,128118,0.13,5837.69,North,Jaipur,Debit Card
ORD05233,2025-08-07,CUST0534,Clothing,Jeans,2,91712,0.01,15387.4,East,Patna,Credit Card
ORD05234,2025-11-13,CUST1725,Furniture,Table,1,25104,0.08,3382.53,West,Ahmedabad,Cash on Delivery
ORD05235,2025-02-25,CUST0877,Electronics,Smart Watch,5,161690,0.27,11145.09,East,Patna,UPI
ORD05236,2025-02-17,CUST0197,Electronics,Headphones,2,75206,0.18,5366.79,West,Pune,Debit Card
ORD05237,2025-04-20,CUST1722,Furniture,Chair,1,23260,0.01,4565.55,East,Kolkata,Cash on Delivery
ORD05238,2025-09-27,CUST1472,Books,Novel,1,35314,0.24,2635.35,West,Ahmedabad,Debit Card
ORD05239,2025-11-10,CUST0920,Furniture,Chair,3,53190,0.19,6017.38,West,Pune,Net Banking
ORD05240,2025-10-25,CUST1328,Books,Magazine,3,145740,0.09,10928.79,East,Kolkata,UPI
ORD05241,2025-10-27,CUST1014,Furniture,Chair,2,63578,0.1,8756.19,West,Ahmedabad,Net Banking
ORD05242,2025-04-30,CUST0117,Furniture,Sofa,4,128144,0.28,18691.92,West,Ahmedabad,Net Banking
ORD05243,2025-11-01,CUST0536,Electronics,Headphones,4,117100,0.16,20218.3,North,Lucknow,Debit Card
ORD05244,2025-11-25,CUST1153,Electronics,Laptop,2,38146,0.12,2155.28,South,Hyderabad,Net Banking
ORD05245,2025-01-05,CUST1483,Books,Comics,2,29358,0.13,1816.0,West,Pune,Credit Card
ORD05246,2025-09-06,CUST0719,Books,Textbook,3,15996,0.24,1968.19,West,Mumbai,Cash on Delivery
ORD05247,2025-04-24,CUST1401,Electronics,Headphones,1,37378,0.22,3651.76,South,Chennai,UPI
ORD05248,2025-12-30,CUST1156,Electronics,Headphones,3,22800,0.19,2705.14,East,Bhubaneswar,Debit Card
ORD05249,2025-10-18,CUST1599,Electronics,Laptop,4,88008,0.16,3906.42,South,Bangalore,Credit Card
ORD05250,2025-01-18,CUST1537,Clothing,Dress,1,30388,0.02,2618.27,North,Delhi,Credit Card
ORD05251,2025-01-30,CUST1131,Beauty,Shampoo,5,89160,0.12,11123.71,West,Mumbai,Cash on Delivery
ORD05252,2025-08-18,CUST0707,Beauty,Face Cream,1,27772,0.24,4409.85,West,Mumbai,Net Banking
ORD05253,2025-11-23,CUST1248,Clothing,Shoes,1,6027,0.01,1455.26,East,Bhubaneswar,Cash on Delivery
ORD05254,2025-04-21,CUST0271,Beauty,Face Wash,5,228280,0.14,12289.25,North,Delhi,Debit Card
ORD05255,2025-06-23,CUST1611,Beauty,Perfume,1,25267,0.03,3806.97,North,Lucknow,Credit Card
ORD05256,2025-03-13,CUST0272,Beauty,Shampoo,1,1855,0.03,420.77,North,Jaipur,UPI
ORD05257,2025-03-04,CUST1890,Clothing,Shoes,1,21381,0.03,4128.0,South,Hyderabad,UPI
ORD05258,2025-07-15,CUST1876,Books,Novel,2,36206,0.22,2044.07,West,Ahmedabad,Cash on Delivery
ORD05259,2025-08-06,CUST0470,Beauty,Perfume,1,18955,0.18,1023.84,North,Delhi,Credit Card
ORD05260,2025-10-30,CUST1919,Books,Comics,1,37686,0.11,6862.46,South,Bangalore,Debit Card
ORD05261,2025-09-06,CUST0041,Books,Magazine,4,40232,0.03,8962.04,North,Jaipur,Credit Card
ORD05262,2025-12-28,CUST0565,Furniture,Table,4,84872,0.1,18669.38,East,Patna,Credit Card
ORD05263,2025-06-26,CUST1266,Electronics,Smart Watch,5,19015,0.1,2452.72,East,Bhubaneswar,Debit Card
ORD05264,2025-05-06,CUST1977,Electronics,Smart Watch,3,129459,0.23,13336.25,East,Kolkata,Debit Card
ORD05265,2025-09-12,CUST1932,Clothing,Jeans,4,166980,0.1,22638.07,North,Lucknow,UPI
ORD05266,2025-11-23,CUST0267,Clothing,Jeans,1,26755,0.03,2368.71,North,Delhi,UPI
ORD05267,2025-06-07,CUST1061,Clothing,T-Shirt,4,193896,0.24,20991.23,West,Pune,Credit Card
ORD05268,2025-06-03,CUST1254,Clothing,Shoes,2,81600,0.02,18731.3,North,Jaipur,Cash on Delivery
ORD05269,2025-10-18,CUST0775,Clothing,T-Shirt,4,119732,0.23,12667.29,West,Pune,UPI
ORD05270,2025-05-12,CUST1623,Clothing,Shoes,5,25460,0.27,3298.74,East,Patna,Cash on Delivery
ORD05271,2025-11-23,CUST1029,Electronics,Mobile Phone,3,52032,0.3,8887.8,East,Patna,Debit Card
ORD05272,2025-11-21,CUST0923,Furniture,Bookshelf,4,189948,0.28,13542.7,East,Bhubaneswar,UPI
ORD05273,2025-03-31,CUST1068,Furniture,Chair,4,133592,0.22,9626.13,East,Kolkata,Cash on Delivery
ORD05274,2025-10-01,CUST1294,Clothing,Jeans,4,113736,0.29,8189.26,South,Bangalore,Debit Card
ORD05275,2025-05-21,CUST1327,Clothing,Shoes,3,85716,0.21,8027.85,East,Patna,UPI
ORD05276,2025-10-16,CUST0602,Clothing,T-Shirt,1,20177,0.07,2498.38,North,Delhi,Debit Card
ORD05277,2025-05-06,CUST0448,Clothing,Jeans,2,41062,0.24,3638.13,South,Chennai,Debit Card
ORD05278,2025-07-06,CUST1578,Beauty,Perfume,5,198670,0.29,28639.34,South,Chennai,Cash on Delivery
ORD05279,2025-01-01,CUST0232,Furniture,Table,1,14988,0.25,1944.12,South,Hyderabad,Credit Card
ORD05280,2025-09-04,CUST1989,Clothing,Shoes,5,28055,0.27,3776.5,West,Mumbai,UPI
ORD05281,2025-11-22,CUST0780,Electronics,Headphones,1,23839,0.22,2894.51,North,Delhi,Credit Card
ORD05282,2025-07-03,CUST1117,Clothing,T-Shirt,5,92060,0.05,5655.15,East,Kolkata,Cash on Delivery
ORD05283,2025-11-23,CUST0747,Beauty,Face Wash,1,25165,0.06,4022.04,North,Lucknow,UPI
ORD05284,2025-10-13,CUST1699,Furniture,Bookshelf,3,14151,0.01,3330.18,South,Chennai,UPI
ORD05285,2025-04-26,CUST0284,Electronics,Laptop,2,2982,0.01,418.87,East,Bhubaneswar,UPI
ORD05286,2025-04-07,CUST1134,Beauty,Face Wash,3,30210,0.13,3485.43,West,Ahmedabad,UPI
ORD05287,2025-04-26,CUST1424,Books,Comics,2,52586,0.24,5332.83,West,Mumbai,UPI
ORD05288,2025-09-15,CUST1771,Electronics,Headphones,1,30567,0.1,6104.79,South,Chennai,Cash on Delivery
ORD05289,2025-10-31,CUST0453,Electronics,Headphones,2,57606,0.22,4869.25,North,Jaipur,UPI
ORD05290,2025-09-17,CUST1787,Beauty,Face Wash,3,40575,0.15,3116.25,West,Mumbai,UPI
ORD05291,2025-06-10,CUST1861,Beauty,Perfume,2,91508,0.16,12991.51,East,Patna,Debit Card
ORD05292,2025-05-30,CUST1001,Electronics,Headphones,4,70040,0.07,13554.96,East,Patna,Debit Card
ORD05293,2025-10-16,CUST1139,Clothing,Shoes,3,67113,0.25,7129.9,South,Hyderabad,Net Banking
ORD05294,2025-11-30,CUST1921,Books,Comics,3,69294,0.21,3025.94,South,Bangalore,Debit Card
ORD05295,2025-03-02,CUST0225,Clothing,T-Shirt,1,20174,0.19,2814.19,North,Delhi,Cash on Delivery
ORD05296,2025-06-27,CUST0902,Beauty,Face Wash,2,75168,0.22,10540.79,East,Bhubaneswar,Net Banking
ORD05297,2025-05-02,CUST1161,Books,Magazine,4,157856,0.05,31041.13,West,Mumbai,Debit Card
ORD05298,2025-04-11,CUST1219,Clothing,T-Shirt,2,86766,0.1,9390.2,North,Lucknow,Debit Card
ORD05299,2025-04-22,CUST0217,Clothing,Dress,2,60562,0.25,6699.57,West,Ahmedabad,Credit Card
ORD05300,2025-03-04,CUST0453,Furniture,Chair,5,238230,0.25,37760.72,East,Bhubaneswar,UPI
ORD05301,2025-10-13,CUST0402,Electronics,Laptop,1,32647,0.07,2770.44,West,Pune,Cash on Delivery
ORD05302,2025-06-09,CUST0452,Clothing,Dress,3,18513,0.1,2762.99,South,Chennai,Net Banking
ORD05303,2025-11-08,CUST0442,Beauty,Perfume,1,15637,0.1,2629.16,North,Jaipur,Debit Card
ORD05304,2025-03-31,CUST0678,Books,Novel,3,107376,0.27,16086.28,North,Jaipur,Cash on Delivery
ORD05305,2025-03-05,CUST0882,Clothing,Shoes,4,75560,0.06,14613.61,South,Hyderabad,UPI
ORD05306,2025-09-01,CUST1144,Clothing,T-Shirt,4,175260,0.16,28629.51,South,Hyderabad,Debit Card
ORD05307,2025-03-12,CUST0097,Clothing,Shoes,1,21110,0.07,3562.52,West,Pune,Net Banking
ORD05308,2025-11-25,CUST0264,Beauty,Face Wash,4,163468,0.18,25041.19,North,Jaipur,Net Banking
ORD05309,2025-10-20,CUST0485,Furniture,Bookshelf,3,58773,0.02,6170.25,East,Patna,Credit Card
ORD05310,2025-01-15,CUST0349,Electronics,Laptop,4,169040,0.21,15162.62,North,Jaipur,Cash on Delivery
ORD05311,2025-05-08,CUST0348,Clothing,T-Shirt,1,47408,0.07,10819.02,North,Jaipur,Credit Card
ORD05312,2025-07-01,CUST0818,Furniture,Sofa,2,78946,0.2,8558.26,East,Kolkata,UPI
ORD05313,2025-11-28,CUST1373,Clothing,T-Shirt,2,82280,0.15,9620.44,West,Ahmedabad,Debit Card
ORD05314,2025-05-30,CUST1603,Books,Textbook,3,40590,0.01,5739.94,East,Bhubaneswar,Debit Card
ORD05315,2025-06-27,CUST1778,Beauty,Perfume,1,42983,0.27,7208.68,West,Pune,UPI
ORD05316,2025-04-24,CUST1760,Books,Comics,2,27298,0.23,4774.15,North,Jaipur,Credit Card
ORD05317,2025-07-14,CUST0828,Beauty,Face Cream,4,194568,0.11,32468.58,North,Jaipur,UPI
ORD05318,2025-08-07,CUST0092,Beauty,Shampoo,1,30416,0.22,2997.79,South,Bangalore,Cash on Delivery
ORD05319,2025-01-25,CUST0862,Books,Textbook,3,141450,0.04,9013.28,North,Lucknow,Net Banking
ORD05320,2025-09-12,CUST0556,Books,Magazine,2,18818,0.12,4066.9,East,Bhubaneswar,UPI
ORD05321,2025-04-11,CUST1165,Furniture,Sofa,3,4251,0.2,739.9,South,Hyderabad,Cash on Delivery
ORD05322,2025-02-04,CUST1131,Books,Textbook,5,129565,0.02,6484.44,South,Bangalore,Credit Card
ORD05323,2025-04-21,CUST1456,Electronics,Mobile Phone,2,70620,0.27,3832.96,North,Jaipur,Net Banking
ORD05324,2025-10-14,CUST1723,Clothing,Shoes,1,33658,0.18,5833.37,North,Lucknow,UPI
ORD05325,2025-02-07,CUST0954,Books,Magazine,4,89152,0.0,19571.76,South,Chennai,Debit Card
ORD05326,2025-08-14,CUST1401,Beauty,Perfume,5,12980,0.29,1255.27,North,Delhi,Debit Card
ORD05327,2025-12-18,CUST1062,Clothing,Jeans,3,118893,0.23,10688.94,West,Mumbai,Net Banking
ORD05328,2025-09-08,CUST0412,Clothing,Jeans,4,90340,0.24,4537.29,North,Jaipur,UPI
ORD05329,2025-09-08,CUST1386,Clothing,T-Shirt,5,83100,0.03,9288.44,West,Pune,Cash on Delivery
ORD05330,2025-02-17,CUST1765,Clothing,Dress,2,65468,0.13,7061.48,East,Patna,Net Banking
ORD05331,2025-08-22,CUST0348,Clothing,Dress,3,23175,0.12,3451.23,West,Pune,Cash on Delivery
ORD05332,2025-04-10,CUST0589,Electronics,Headphones,2,55186,0.05,3596.49,East,Patna,UPI
ORD05333,2025-06-09,CUST1214,Clothing,Dress,2,38126,0.12,6465.97,North,Delhi,Cash on Delivery
ORD05334,2025-06-11,CUST0624,Books,Magazine,3,128454,0.22,13584.2,East,Bhubaneswar,Debit Card
ORD05335,2025-04-01,CUST0217,Books,Comics,4,59060,0.18,7823.49,North,Lucknow,Credit Card
ORD05336,2025-04-22,CUST1576,Furniture,Table,3,9360,0.27,821.8,West,Pune,UPI
ORD05337,2025-08-01,CUST0662,Furniture,Sofa,4,99888,0.02,18689.67,South,Bangalore,Cash on Delivery
ORD05338,2025-02-10,CUST0468,Books,Magazine,4,71856,0.09,14837.88,South,Hyderabad,Debit Card
ORD05339,2025-11-24,CUST0510,Electronics,Smart Watch,2,85044,0.24,14036.29,East,Patna,Debit Card
ORD05340,2025-11-14,CUST1934,Electronics,Laptop,4,37476,0.18,5992.09,West,Pune,Cash on Delivery
ORD05341,2025-09-13,CUST1294,Beauty,Perfume,2,94462,0.23,16390.25,East,Bhubaneswar,UPI
ORD05342,2025-02-18,CUST0069,Clothing,Jeans,4,180284,0.15,15505.66,South,Bangalore,Net Banking
ORD05343,2025-01-07,CUST0447,Furniture,Chair,1,34563,0.06,6202.93,West,Mumbai,Debit Card
ORD05344,2025-09-06,CUST0406,Electronics,Smart Watch,5,62520,0.14,10045.61,East,Patna,Credit Card
ORD05345,2025-08-12,CUST1439,Electronics,Smart Watch,1,29148,0.12,2726.3,North,Lucknow,Debit Card
ORD05346,2025-08-28,CUST1078,Electronics,Headphones,5,165805,0.21,23380.85,West,Ahmedabad,Net Banking
ORD05347,2025-12-25,CUST1190,Books,Textbook,4,164324,0.22,15522.21,East,Patna,Cash on Delivery
ORD05348,2025-05-31,CUST0854,Electronics,Laptop,1,30522,0.28,3743.0,East,Patna,UPI
ORD05349,2025-07-01,CUST0198,Books,Novel,2,30530,0.19,4060.89,West,Ahmedabad,UPI
ORD05350,2025-10-05,CUST1989,Books,Comics,5,132820,0.12,25869.24,South,Bangalore,Net Banking
ORD05351,2025-06-19,CUST0124,Books,Textbook,1,15506,0.06,1851.88,South,Chennai,Credit Card
ORD05352,2025-08-15,CUST0834,Electronics,Headphones,1,6833,0.08,526.04,South,Bangalore,Debit Card
ORD05353,2025-08-12,CUST0109,Electronics,Smart Watch,2,74774,0.08,8579.23,South,Bangalore,Credit Card
ORD05354,2025-12-15,CUST1162,Books,Magazine,5,91125,0.24,16508.83,North,Delhi,Credit Card
ORD05355,2025-08-16,CUST0816,Books,Magazine,3,42000,0.16,4756.86,North,Jaipur,UPI
ORD05356,2025-04-11,CUST0687,Clothing,Shoes,4,41932,0.03,7212.96,West,Pune,Debit Card
ORD05357,2025-12-07,CUST1877,Furniture,Bookshelf,2,16792,0.1,1352.23,North,Jaipur,Net Banking
ORD05358,2025-01-17,CUST1065,Clothing,Dress,1,12181,0.26,2095.29,East,Kolkata,Debit Card
ORD05359,2025-08-19,CUST0066,Books,Novel,1,11993,0.08,2707.77,East,Kolkata,Credit Card
ORD05360,2025-06-03,CUST1674,Beauty,Face Wash,4,191484,0.07,11668.67,South,Chennai,Credit Card
ORD05361,2025-09-04,CUST1785,Furniture,Sofa,4,34480,0.24,4309.87,East,Patna,Cash on Delivery
ORD05362,2025-05-31,CUST1491,Clothing,T-Shirt,5,218545,0.24,32460.87,West,Pune,Credit Card
ORD05363,2025-10-05,CUST1571,Books,Comics,1,32941,0.04,7224.93,North,Delhi,Credit Card
ORD05364,2025-10-18,CUST0864,Electronics,Headphones,3,5388,0.22,622.27,North,Jaipur,Credit Card
ORD05365,2025-10-28,CUST0798,Electronics,Smart Watch,1,43913,0.26,7693.57,South,Bangalore,UPI
ORD05366,2025-05-22,CUST0719,Books,Magazine,5,132390,0.12,17042.63,East,Kolkata,Cash on Delivery
ORD05367,2025-03-25,CUST1712,Electronics,Mobile Phone,5,228345,0.13,30094.7,East,Patna,Credit Card
ORD05368,2025-04-02,CUST0135,Beauty,Face Wash,1,44808,0.27,4665.13,West,Pune,Net Banking
ORD05369,2025-09-08,CUST1305,Books,Comics,4,191084,0.22,7483.31,North,Jaipur,UPI
ORD05370,2025-05-22,CUST0627,Electronics,Smart Watch,4,153364,0.26,23262.35,South,Hyderabad,Debit Card
ORD05371,2025-10-07,CUST1018,Clothing,Shoes,1,46335,0.29,3088.54,East,Kolkata,Net Banking
ORD05372,2025-12-04,CUST1563,Electronics,Mobile Phone,3,112392,0.09,17321.64,East,Bhubaneswar,Net Banking
ORD05373,2025-01-04,CUST0430,Beauty,Face Wash,3,119901,0.21,17973.97,West,Ahmedabad,Net Banking
ORD05374,2025-04-16,CUST0964,Clothing,Jeans,4,133388,0.14,20606.53,West,Ahmedabad,Debit Card
ORD05375,2025-06-16,CUST0440,Furniture,Bookshelf,3,96678,0.21,17520.8,East,Bhubaneswar,UPI
ORD05376,2025-02-27,CUST0456,Books,Comics,4,77460,0.06,16907.3,East,Patna,Credit Card
ORD05377,2025-08-04,CUST0806,Clothing,Jeans,3,5247,0.08,374.71,East,Bhubaneswar,Debit Card
ORD05378,2025-11-26,CUST0909,Clothing,Dress,3,63468,0.11,11174.31,North,Lucknow,Credit Card
ORD05379,2025-05-10,CUST1007,Electronics,Headphones,4,112592,0.05,22632.17,South,Hyderabad,Cash on Delivery
ORD05380,2025-02-05,CUST0125,Beauty,Shampoo,2,90174,0.29,3961.63,South,Hyderabad,UPI
ORD05381,2025-11-19,CUST0942,Clothing,Dress,5,224330,0.23,18062.31,East,Patna,Net Banking
ORD05382,2025-11-24,CUST0459,Clothing,Shoes,2,87250,0.26,13318.85,West,Ahmedabad,Net Banking
ORD05383,2025-09-20,CUST0431,Clothing,Jeans,2,70072,0.13,8285.7,South,Hyderabad,Net Banking
ORD05384,2025-08-11,CUST1980,Beauty,Face Cream,1,29821,0.06,6282.2,East,Patna,Net Banking
ORD05385,2025-11-22,CUST1236,Electronics,Mobile Phone,2,33698,0.1,4495.58,East,Kolkata,Net Banking
ORD05386,2025-01-13,CUST0772,Clothing,Shoes,3,27660,0.03,4580.63,West,Mumbai,Net Banking
ORD05387,2025-11-12,CUST1485,Furniture,Bookshelf,2,28342,0.28,1740.69,North,Lucknow,Debit Card
ORD05388,2025-10-01,CUST0181,Electronics,Mobile Phone,2,54520,0.2,5965.97,West,Mumbai,UPI
ORD05389,2025-12-10,CUST1459,Beauty,Perfume,4,143108,0.26,25666.48,West,Pune,Credit Card
ORD05390,2025-08-13,CUST0543,Books,Magazine,1,40398,0.01,7215.41,North,Lucknow,Cash on Delivery
ORD05391,2025-12-09,CUST0870,Books,Comics,3,43875,0.21,3678.46,South,Chennai,Credit Card
ORD05392,2025-10-12,CUST1420,Furniture,Chair,1,46977,0.07,3507.55,West,Mumbai,Cash on Delivery
ORD05393,2025-02-26,CUST1258,Beauty,Face Cream,1,35112,0.16,6075.36,West,Pune,Net Banking
ORD05394,2025-07-06,CUST1991,Beauty,Perfume,2,77062,0.09,9119.47,North,Delhi,Cash on Delivery
ORD05395,2025-03-17,CUST1655,Clothing,Dress,2,79566,0.17,9586.33,West,Pune,Cash on Delivery
ORD05396,2025-06-03,CUST1728,Books,Textbook,4,38664,0.17,5949.03,North,Delhi,Credit Card
ORD05397,2025-08-08,CUST0889,Books,Textbook,5,206285,0.24,36465.24,North,Delhi,Net Banking
ORD05398,2025-01-15,CUST0636,Clothing,Dress,1,21912,0.02,2221.6,East,Patna,Net Banking
ORD05399,2025-05-27,CUST1949,Beauty,Face Cream,5,162330,0.11,13744.65,East,Patna,Debit Card
ORD05400,2025-09-13,CUST1478,Clothing,Shoes,5,130865,0.03,7908.27,East,Patna,Net Banking
ORD05401,2025-07-13,CUST1496,Books,Magazine,2,22062,0.04,2877.37,West,Mumbai,UPI
ORD05402,2025-07-06,CUST1520,Furniture,Chair,1,10183,0.15,667.88,South,Chennai,UPI
ORD05403,2025-12-21,CUST0080,Beauty,Perfume,4,183872,0.17,33769.93,West,Ahmedabad,Debit Card
ORD05404,2025-03-01,CUST1906,Electronics,Headphones,5,126145,0.19,18953.75,East,Kolkata,Cash on Delivery
ORD05405,2025-07-26,CUST1254,Books,Novel,4,91660,0.26,4132.97,South,Chennai,Net Banking
ORD05406,2025-12-05,CUST0322,Electronics,Headphones,3,113247,0.07,17597.27,East,Patna,Credit Card
ORD05407,2025-02-19,CUST0622,Furniture,Table,4,90792,0.05,7443.54,East,Bhubaneswar,Net Banking
ORD05408,2025-07-11,CUST1344,Books,Textbook,2,82512,0.24,10307.0,East,Kolkata,UPI
ORD05409,2025-10-26,CUST0670,Beauty,Perfume,1,16128,0.17,1517.55,South,Chennai,Net Banking
ORD05410,2025-08-09,CUST1684,Electronics,Mobile Phone,4,158692,0.11,8902.54,North,Jaipur,Credit Card
ORD05411,2025-09-15,CUST1328,Beauty,Shampoo,5,161320,0.09,28037.04,North,Delhi,UPI
ORD05412,2025-09-29,CUST0298,Electronics,Mobile Phone,4,153492,0.24,11180.16,South,Chennai,UPI
ORD05413,2025-10-17,CUST0813,Furniture,Table,4,138168,0.17,23112.74,South,Hyderabad,Credit Card
ORD05414,2025-02-08,CUST1030,Books,Comics,2,73416,0.09,8158.91,North,Lucknow,Debit Card
ORD05415,2025-03-18,CUST1337,Electronics,Headphones,5,64685,0.22,8284.15,West,Mumbai,Cash on Delivery
ORD05416,2025-10-10,CUST0140,Electronics,Headphones,5,188375,0.13,16829.3,East,Patna,Net Banking
ORD05417,2025-06-30,CUST0631,Furniture,Table,2,72252,0.28,11236.32,North,Lucknow,Cash on Delivery
ORD05418,2025-08-23,CUST0627,Electronics,Smart Watch,1,45545,0.29,3256.25,West,Ahmedabad,Net Banking
ORD05419,2025-01-25,CUST1708,Beauty,Shampoo,4,42152,0.07,8686.24,East,Bhubaneswar,Debit Card
ORD05420,2025-03-12,CUST1721,Beauty,Shampoo,4,30328,0.11,5987.14,East,Bhubaneswar,Credit Card
ORD05421,2025-07-04,CUST0060,Furniture,Sofa,3,75453,0.13,4008.16,West,Pune,Debit Card
ORD05422,2025-10-03,CUST1826,Books,Novel,3,138384,0.14,13801.12,East,Patna,Net Banking
ORD05423,2025-08-25,CUST0312,Clothing,Shoes,1,39942,0.09,3755.05,South,Hyderabad,Net Banking
ORD05424,2025-10-18,CUST1499,Books,Novel,2,11832,0.21,1901.2,South,Bangalore,Cash on Delivery
ORD05425,2025-02-06,CUST1863,Electronics,Laptop,4,112776,0.27,8594.72,North,Delhi,Debit Card
ORD05426,2025-01-26,CUST0268,Clothing,Dress,1,7100,0.02,1227.87,South,Chennai,Cash on Delivery
ORD05427,2025-02-25,CUST1604,Beauty,Face Cream,4,52368,0.3,8664.43,South,Bangalore,Credit Card
ORD05428,2025-10-01,CUST1887,Clothing,T-Shirt,3,74241,0.29,5269.96,South,Chennai,UPI
ORD05429,2025-05-16,CUST1297,Clothing,Dress,2,97704,0.26,11061.66,West,Mumbai,Credit Card
ORD05430,2025-12-04,CUST1963,Furniture,Bookshelf,5,131175,0.12,18041.78,East,Bhubaneswar,Debit Card
ORD05431,2025-12-25,CUST1544,Books,Novel,3,110844,0.17,11034.06,North,Delhi,Credit Card
ORD05432,2025-05-19,CUST0453,Books,Novel,3,11946,0.27,1924.18,East,Bhubaneswar,Net Banking
ORD05433,2025-12-31,CUST1639,Furniture,Bookshelf,1,32015,0.14,6699.47,North,Lucknow,Debit Card
ORD05434,2025-11-21,CUST1612,Books,Novel,5,40005,0.1,7256.29,East,Patna,UPI
ORD05435,2025-02-26,CUST0931,Furniture,Table,1,39600,0.2,3745.37,West,Pune,UPI
ORD05436,2025-10-02,CUST1134,Electronics,Laptop,4,39092,0.27,3657.83,West,Pune,Debit Card
ORD05437,2025-08-06,CUST0888,Furniture,Table,4,59624,0.15,10669.97,East,Kolkata,Debit Card
ORD05438,2025-03-09,CUST0478,Books,Textbook,2,37114,0.08,6992.15,North,Delhi,Net Banking
ORD05439,2025-06-08,CUST1258,Electronics,Mobile Phone,4,114468,0.29,12359.44,South,Chennai,UPI
ORD05440,2025-04-22,CUST1459,Books,Magazine,4,43984,0.16,3574.19,North,Jaipur,Debit Card
ORD05441,2025-04-13,CUST0159,Books,Novel,2,12364,0.2,656.9,East,Kolkata,Credit Card
ORD05442,2025-09-01,CUST0385,Furniture,Bookshelf,4,3260,0.05,468.73,North,Delhi,Debit Card
ORD05443,2025-02-26,CUST0989,Furniture,Bookshelf,2,99060,0.05,19194.4,South,Bangalore,Cash on Delivery
ORD05444,2025-09-25,CUST1941,Electronics,Mobile Phone,3,104175,0.16,16036.19,South,Chennai,Debit Card
ORD05445,2025-01-08,CUST1081,Clothing,T-Shirt,3,138381,0.2,16507.82,South,Hyderabad,Cash on Delivery
ORD05446,2025-11-18,CUST0860,Furniture,Bookshelf,4,53196,0.18,3502.59,East,Kolkata,UPI
ORD05447,2025-01-29,CUST0789,Beauty,Face Wash,4,129164,0.18,22454.13,West,Pune,UPI
ORD05448,2025-11-02,CUST0648,Books,Comics,2,44096,0.04,6400.95,East,Bhubaneswar,Debit Card
ORD05449,2025-09-21,CUST1963,Furniture,Table,2,38930,0.03,8850.6,North,Lucknow,Cash on Delivery
ORD05450,2025-08-20,CUST0099,Clothing,Dress,1,28413,0.25,1436.82,East,Kolkata,Cash on Delivery
ORD05451,2025-06-28,CUST1727,Furniture,Sofa,3,43248,0.3,4494.14,East,Bhubaneswar,Credit Card
ORD05452,2025-02-25,CUST0778,Electronics,Laptop,5,33835,0.08,7413.39,East,Bhubaneswar,Debit Card
ORD05453,2025-05-19,CUST0015,Electronics,Headphones,2,63280,0.13,13452.38,West,Mumbai,Net Banking
ORD05454,2025-09-07,CUST0228,Electronics,Smart Watch,4,134860,0.02,22960.57,East,Kolkata,Net Banking
ORD05455,2025-02-20,CUST0573,Furniture,Bookshelf,3,69291,0.03,11195.88,North,Lucknow,Net Banking
ORD05456,2025-08-28,CUST0359,Furniture,Table,4,57752,0.12,2909.88,South,Hyderabad,Net Banking
ORD05457,2025-09-23,CUST1813,Beauty,Perfume,1,35568,0.08,7492.13,North,Lucknow,UPI
ORD05458,2025-11-01,CUST1238,Beauty,Face Wash,2,26608,0.2,1163.08,South,Bangalore,UPI
ORD05459,2025-01-12,CUST1358,Beauty,Shampoo,4,74212,0.08,3457.54,East,Patna,UPI
ORD05460,2025-02-12,CUST1718,Beauty,Shampoo,1,44676,0.18,2180.31,East,Bhubaneswar,Net Banking
ORD05461,2025-05-03,CUST1464,Beauty,Face Cream,1,12122,0.15,2213.52,South,Chennai,Credit Card
ORD05462,2025-06-15,CUST0122,Beauty,Face Cream,4,60188,0.25,7792.32,South,Chennai,Debit Card
ORD05463,2025-07-02,CUST0432,Clothing,Jeans,3,116541,0.01,16483.18,West,Mumbai,Debit Card
ORD05464,2025-06-26,CUST1764,Clothing,Jeans,3,52650,0.18,2611.29,West,Ahmedabad,Credit Card
ORD05465,2025-11-11,CUST1204,Books,Magazine,3,20481,0.06,3498.46,South,Bangalore,Cash on Delivery
ORD05466,2025-11-15,CUST1448,Furniture,Chair,4,18232,0.21,2477.55,West,Mumbai,Cash on Delivery
ORD05467,2025-02-28,CUST1878,Clothing,Shoes,3,19137,0.08,3342.39,East,Kolkata,Cash on Delivery
ORD05468,2025-08-03,CUST0636,Furniture,Sofa,5,31665,0.21,3423.15,North,Lucknow,UPI
ORD05469,2025-11-27,CUST1178,Clothing,Dress,4,12672,0.01,946.33,East,Kolkata,Credit Card
ORD05470,2025-10-03,CUST1324,Clothing,Jeans,3,92430,0.18,13127.5,East,Kolkata,Net Banking
ORD05471,2025-09-05,CUST0571,Furniture,Table,5,57295,0.05,3416.0,East,Patna,Cash on Delivery
ORD05472,2025-02-22,CUST0333,Furniture,Chair,4,122172,0.11,13400.65,East,Patna,Net Banking
ORD05473,2025-06-27,CUST1583,Books,Textbook,5,64145,0.13,7342.32,West,Mumbai,Cash on Delivery
ORD05474,2025-05-06,CUST0460,Electronics,Smart Watch,1,5629,0.05,938.4,North,Lucknow,Net Banking
ORD05475,2025-09-19,CUST0440,Beauty,Face Wash,3,36603,0.02,3854.29,South,Hyderabad,Debit Card
ORD05476,2025-11-13,CUST0871,Furniture,Table,5,168460,0.16,24868.52,West,Pune,Net Banking
ORD05477,2025-04-09,CUST1922,Clothing,Jeans,3,57798,0.06,9488.83,East,Kolkata,Debit Card
ORD05478,2025-05-27,CUST1618,Clothing,Dress,3,13917,0.15,2200.93,South,Chennai,Cash on Delivery
ORD05479,2025-03-19,CUST1991,Beauty,Shampoo,5,212320,0.17,33937.05,West,Ahmedabad,Debit Card
ORD05480,2025-01-24,CUST1361,Beauty,Shampoo,3,83133,0.27,3242.94,East,Bhubaneswar,UPI
ORD05481,2025-06-23,CUST1969,Electronics,Smart Watch,2,14446,0.21,1049.13,North,Delhi,Debit Card
ORD05482,2025-10-12,CUST0728,Electronics,Smart Watch,5,170280,0.07,13968.33,North,Jaipur,Debit Card
ORD05483,2025-03-07,CUST0234,Electronics,Headphones,4,62468,0.19,6703.98,South,Chennai,Debit Card
ORD05484,2025-03-05,CUST1710,Furniture,Table,1,22525,0.19,1885.36,South,Bangalore,Net Banking
ORD05485,2025-02-10,CUST1391,Beauty,Perfume,5,166350,0.24,25684.27,West,Pune,UPI
ORD05486,2025-03-31,CUST1447,Furniture,Sofa,4,142700,0.09,11575.24,South,Chennai,Cash on Delivery
ORD05487,2025-07-18,CUST1685,Clothing,Dress,4,162124,0.2,11870.67,East,Bhubaneswar,Net Banking
ORD05488,2025-04-13,CUST1441,Clothing,T-Shirt,4,23720,0.17,1958.29,North,Jaipur,Net Banking
ORD05489,2025-10-14,CUST1495,Electronics,Headphones,3,28560,0.14,6081.47,East,Bhubaneswar,Cash on Delivery
ORD05490,2025-12-13,CUST1195,Beauty,Face Cream,2,29214,0.1,2809.01,West,Mumbai,Credit Card
ORD05491,2025-09-11,CUST1922,Electronics,Mobile Phone,3,3945,0.14,550.08,North,Lucknow,Net Banking
ORD05492,2025-12-16,CUST0943,Beauty,Face Cream,1,41634,0.17,5611.65,North,Lucknow,Debit Card
ORD05493,2025-03-14,CUST0593,Beauty,Shampoo,1,39731,0.21,1624.49,South,Chennai,UPI
ORD05494,2025-08-20,CUST0432,Furniture,Table,3,103677,0.23,18457.51,North,Jaipur,Debit Card
ORD05495,2025-11-06,CUST0823,Clothing,Jeans,1,9056,0.15,1639.49,South,Bangalore,Cash on Delivery
ORD05496,2025-02-04,CUST0122,Beauty,Perfume,3,43284,0.02,5388.9,East,Patna,Cash on Delivery
ORD05497,2025-11-11,CUST1915,Furniture,Sofa,5,85420,0.25,5852.28,East,Patna,Cash on Delivery
ORD05498,2025-12-06,CUST0093,Furniture,Table,1,22776,0.11,3021.42,South,Chennai,Credit Card
ORD05499,2025-10-07,CUST1185,Electronics,Smart Watch,5,138270,0.01,32049.92,West,Pune,Debit Card
ORD05500,2025-05-11,CUST1847,Books,Magazine,2,44480,0.26,3616.68,West,Ahmedabad,Credit Card
ORD05501,2025-06-26,CUST1449,Clothing,T-Shirt,3,67053,0.05,4477.13,East,Patna,Net Banking
ORD05502,2025-01-23,CUST1397,Beauty,Shampoo,1,41431,0.27,2162.41,West,Mumbai,Debit Card
ORD05503,2025-01-31,CUST1144,Electronics,Laptop,3,148002,0.03,7239.32,East,Kolkata,Debit Card
ORD05504,2025-11-04,CUST1410,Electronics,Laptop,3,95712,0.19,14965.44,South,Hyderabad,Cash on Delivery
ORD05505,2025-03-11,CUST0656,Clothing,Shoes,2,23512,0.24,1977.07,East,Kolkata,Debit Card
ORD05506,2025-05-29,CUST0260,Clothing,Jeans,2,79604,0.28,7426.14,East,Bhubaneswar,Debit Card
ORD05507,2025-10-20,CUST1433,Electronics,Laptop,3,28677,0.11,2487.38,West,Pune,Cash on Delivery
ORD05508,2025-02-20,CUST1123,Books,Textbook,4,133888,0.26,5333.54,South,Bangalore,Net Banking
ORD05509,2025-03-23,CUST1597,Electronics,Smart Watch,4,104184,0.04,10194.9,South,Bangalore,Net Banking
ORD05510,2025-12-28,CUST0032,Electronics,Mobile Phone,1,40344,0.23,4461.21,North,Delhi,Net Banking
ORD05511,2025-11-29,CUST0437,Beauty,Face Cream,3,123936,0.02,17469.95,East,Kolkata,Credit Card
ORD05512,2025-01-01,CUST1089,Electronics,Mobile Phone,3,41568,0.07,6560.75,North,Delhi,Cash on Delivery
ORD05513,2025-07-08,CUST0407,Electronics,Headphones,4,92592,0.17,6610.31,South,Bangalore,Cash on Delivery
ORD05514,2025-01-04,CUST0409,Electronics,Mobile Phone,1,21689,0.07,1924.95,South,Chennai,Credit Card
ORD05515,2025-05-01,CUST0144,Furniture,Bookshelf,4,67908,0.27,3144.4,West,Pune,UPI
ORD05516,2025-12-21,CUST0617,Furniture,Sofa,2,80978,0.09,11633.95,West,Ahmedabad,Credit Card
ORD05517,2025-10-31,CUST1804,Clothing,Shoes,1,24614,0.09,2070.84,West,Mumbai,Net Banking
ORD05518,2025-07-15,CUST1312,Electronics,Smart Watch,5,41000,0.07,4619.7,East,Patna,Debit Card
ORD05519,2025-12-28,CUST0401,Clothing,Shoes,1,14076,0.12,1656.66,West,Pune,Debit Card
ORD05520,2025-03-13,CUST1806,Electronics,Headphones,2,68506,0.23,4068.82,East,Kolkata,Debit Card
ORD05521,2025-10-18,CUST0434,Clothing,Dress,2,94938,0.18,15760.53,East,Patna,Debit Card
ORD05522,2025-04-24,CUST0710,Books,Magazine,4,84648,0.16,17755.07,East,Bhubaneswar,Credit Card
ORD05523,2025-02-15,CUST0295,Electronics,Mobile Phone,4,79120,0.0,10811.23,North,Lucknow,Credit Card
ORD05524,2025-04-15,CUST0018,Electronics,Headphones,2,41392,0.08,5409.12,East,Kolkata,Cash on Delivery
ORD05525,2025-04-08,CUST1333,Furniture,Sofa,2,19578,0.15,901.74,North,Jaipur,Debit Card
ORD05526,2025-11-06,CUST1288,Books,Novel,1,44786,0.1,5082.11,East,Kolkata,Cash on Delivery
ORD05527,2025-07-27,CUST1940,Clothing,Shoes,4,42052,0.22,2870.03,East,Kolkata,Debit Card
ORD05528,2025-09-04,CUST1252,Furniture,Table,4,111620,0.15,22663.93,South,Bangalore,Cash on Delivery
ORD05529,2025-04-10,CUST0010,Beauty,Face Wash,2,51646,0.18,5576.08,West,Pune,UPI
ORD05530,2025-10-09,CUST1944,Clothing,Jeans,4,163228,0.23,24801.5,South,Chennai,Credit Card
ORD05531,2025-10-18,CUST0789,Electronics,Mobile Phone,4,176660,0.26,9690.26,North,Delhi,UPI
ORD05532,2025-08-05,CUST1948,Furniture,Table,3,25017,0.09,3231.15,North,Lucknow,UPI
ORD05533,2025-03-18,CUST0816,Beauty,Shampoo,3,116154,0.28,20484.28,South,Hyderabad,UPI
ORD05534,2025-06-07,CUST1595,Beauty,Face Cream,4,150452,0.09,17907.24,South,Hyderabad,UPI
ORD05535,2025-03-22,CUST1499,Electronics,Mobile Phone,3,122415,0.05,26290.27,West,Mumbai,Debit Card
ORD05536,2025-12-27,CUST1800,Beauty,Shampoo,4,151016,0.0,9207.34,East,Kolkata,Credit Card
ORD05537,2025-11-29,CUST0285,Furniture,Bookshelf,2,7456,0.04,662.2,North,Delhi,Credit Card
ORD05538,2025-03-20,CUST1951,Books,Textbook,1,45997,0.21,6123.18,East,Patna,UPI
ORD05539,2025-03-18,CUST0456,Beauty,Face Cream,1,13912,0.07,2551.34,South,Chennai,Credit Card
ORD05540,2025-10-26,CUST1019,Books,Textbook,1,16300,0.19,3279.31,North,Delhi,Cash on Delivery
ORD05541,2025-10-01,CUST1683,Clothing,Shoes,5,155780,0.12,18852.43,South,Bangalore,Credit Card
ORD05542,2025-07-16,CUST1659,Clothing,Shoes,5,236550,0.09,16369.98,North,Lucknow,Cash on Delivery
ORD05543,2025-04-12,CUST0049,Furniture,Sofa,3,101568,0.11,12827.29,East,Bhubaneswar,Cash on Delivery
ORD05544,2025-10-13,CUST1303,Clothing,T-Shirt,1,20778,0.2,4067.84,West,Ahmedabad,Debit Card
ORD05545,2025-02-02,CUST0427,Books,Novel,1,11849,0.25,1357.78,West,Mumbai,UPI
ORD05546,2025-02-13,CUST1187,Electronics,Headphones,2,77678,0.04,8047.34,South,Hyderabad,Net Banking
ORD05547,2025-06-22,CUST0003,Electronics,Laptop,4,67320,0.27,2665.0,West,Ahmedabad,Cash on Delivery
ORD05548,2025-02-19,CUST1692,Furniture,Table,3,48498,0.25,3061.26,North,Jaipur,Net Banking
ORD05549,2025-02-27,CUST1631,Clothing,T-Shirt,5,94565,0.29,12083.53,South,Hyderabad,Cash on Delivery
ORD05550,2025-09-27,CUST1571,Electronics,Mobile Phone,4,48888,0.08,2772.53,South,Hyderabad,Debit Card
ORD05551,2025-06-13,CUST0989,Electronics,Mobile Phone,2,67314,0.03,9663.79,South,Chennai,Debit Card
ORD05552,2025-06-21,CUST1231,Electronics,Laptop,4,43608,0.05,9139.15,South,Bangalore,Debit Card
ORD05553,2025-08-09,CUST0480,Electronics,Headphones,5,71420,0.16,4003.56,South,Bangalore,Debit Card
ORD05554,2025-09-14,CUST0563,Beauty,Shampoo,3,56163,0.21,5861.49,North,Jaipur,Cash on Delivery
ORD05555,2025-01-31,CUST1818,Electronics,Smart Watch,5,21730,0.24,1157.57,South,Hyderabad,Credit Card
ORD05556,2025-07-08,CUST1077,Books,Novel,3,136203,0.04,9112.15,East,Patna,UPI
ORD05557,2025-07-09,CUST0512,Electronics,Laptop,4,13964,0.04,2723.73,North,Jaipur,Debit Card
ORD05558,2025-01-25,CUST1102,Books,Magazine,5,7330,0.03,740.42,South,Hyderabad,UPI
ORD05559,2025-07-22,CUST0101,Clothing,Jeans,2,11692,0.12,2195.56,East,Bhubaneswar,Credit Card
ORD05560,2025-10-12,CUST1139,Beauty,Shampoo,5,61505,0.14,12124.61,West,Ahmedabad,Debit Card
ORD05561,2025-04-28,CUST0630,Beauty,Perfume,1,40849,0.06,9248.99,North,Lucknow,Cash on Delivery
ORD05562,2025-05-11,CUST0972,Beauty,Shampoo,1,42993,0.25,6397.63,East,Kolkata,Credit Card
ORD05563,2025-12-23,CUST0611,Electronics,Laptop,2,13368,0.06,2398.34,South,Hyderabad,Net Banking
ORD05564,2025-06-01,CUST0634,Clothing,Dress,3,146589,0.07,14287.96,North,Lucknow,Cash on Delivery
ORD05565,2025-01-09,CUST1558,Books,Magazine,3,112113,0.12,10858.89,East,Kolkata,UPI
ORD05566,2025-02-01,CUST0530,Electronics,Mobile Phone,5,76580,0.07,8684.52,West,Ahmedabad,UPI
ORD05567,2025-08-15,CUST1590,Books,Textbook,1,13483,0.19,1014.53,North,Lucknow,Cash on Delivery
ORD05568,2025-07-25,CUST1140,Beauty,Shampoo,4,186244,0.28,17103.87,West,Mumbai,Debit Card
ORD05569,2025-06-08,CUST1574,Beauty,Face Wash,1,39776,0.16,2515.77,South,Hyderabad,Net Banking
ORD05570,2025-05-11,CUST1837,Electronics,Laptop,4,160428,0.04,31749.07,West,Ahmedabad,Debit Card
ORD05571,2025-02-12,CUST1620,Electronics,Headphones,2,41512,0.15,5019.01,East,Bhubaneswar,Credit Card
ORD05572,2025-02-08,CUST0836,Books,Magazine,4,42032,0.01,10169.77,South,Hyderabad,UPI
ORD05573,2025-02-02,CUST0899,Furniture,Table,2,26390,0.02,4521.09,North,Jaipur,UPI
ORD05574,2025-07-05,CUST1612,Beauty,Perfume,4,37172,0.03,5736.97,West,Mumbai,Net Banking
ORD05575,2025-01-27,CUST1653,Books,Comics,3,144363,0.22,22536.08,East,Patna,Debit Card
ORD05576,2025-08-02,CUST0651,Beauty,Shampoo,4,25160,0.25,3977.91,East,Patna,Cash on Delivery
ORD05577,2025-02-18,CUST0687,Furniture,Bookshelf,4,84712,0.12,9983.17,East,Kolkata,Cash on Delivery
ORD05578,2025-12-03,CUST0037,Electronics,Laptop,1,32884,0.01,5028.53,North,Delhi,Debit Card
ORD05579,2025-07-29,CUST0374,Books,Comics,4,130588,0.19,22388.95,East,Patna,Debit Card
ORD05580,2025-05-02,CUST0385,Furniture,Chair,4,22492,0.1,3892.37,East,Bhubaneswar,Debit Card
ORD05581,2025-12-09,CUST1416,Books,Textbook,4,19188,0.15,3008.49,North,Lucknow,Net Banking
ORD05582,2025-12-07,CUST1723,Clothing,T-Shirt,3,30018,0.05,4864.54,East,Kolkata,Cash on Delivery
ORD05583,2025-05-04,CUST0449,Books,Textbook,1,45781,0.21,2275.25,South,Chennai,Net Banking
ORD05584,2025-08-04,CUST0706,Books,Comics,1,18887,0.0,1878.42,North,Lucknow,Net Banking
ORD05585,2025-03-17,CUST1709,Furniture,Sofa,1,22726,0.13,3898.1,North,Jaipur,Debit Card
ORD05586,2025-03-15,CUST1398,Beauty,Perfume,5,17715,0.18,2500.22,North,Lucknow,Cash on Delivery
ORD05587,2025-11-01,CUST1563,Books,Novel,2,52764,0.18,2751.75,East,Bhubaneswar,Net Banking
ORD05588,2025-07-29,CUST1202,Electronics,Smart Watch,5,249625,0.16,26436.77,West,Pune,Cash on Delivery
ORD05589,2025-08-22,CUST1879,Electronics,Mobile Phone,4,178100,0.29,28716.14,South,Bangalore,Cash on Delivery
ORD05590,2025-04-03,CUST1411,Furniture,Chair,5,234040,0.09,39328.25,West,Ahmedabad,Cash on Delivery
ORD05591,2025-10-06,CUST1493,Books,Novel,5,209760,0.18,40425.43,East,Bhubaneswar,UPI
ORD05592,2025-08-30,CUST0073,Furniture,Sofa,3,33714,0.24,5136.02,South,Bangalore,Debit Card
ORD05593,2025-10-01,CUST0165,Electronics,Mobile Phone,1,21609,0.13,1938.31,East,Bhubaneswar,Net Banking
ORD05594,2025-04-26,CUST1817,Books,Magazine,5,236995,0.11,11600.14,West,Ahmedabad,Net Banking
ORD05595,2025-03-28,CUST0045,Electronics,Smart Watch,4,74972,0.25,3718.9,West,Mumbai,UPI
ORD05596,2025-02-08,CUST1917,Clothing,Dress,5,247320,0.05,42937.86,East,Kolkata,Debit Card
ORD05597,2025-04-11,CUST1630,Electronics,Headphones,3,94839,0.16,14934.4,West,Mumbai,Debit Card
ORD05598,2025-09-14,CUST1354,Beauty,Face Cream,2,64114,0.27,4517.47,South,Bangalore,Net Banking
ORD05599,2025-05-08,CUST1975,Electronics,Smart Watch,3,62424,0.12,8240.09,East,Bhubaneswar,Credit Card
ORD05600,2025-08-24,CUST1643,Electronics,Laptop,5,129320,0.17,7550.51,East,Bhubaneswar,Credit Card
ORD05601,2025-11-09,CUST1313,Electronics,Mobile Phone,5,27395,0.21,4203.51,North,Lucknow,Net Banking
ORD05602,2025-03-02,CUST0190,Furniture,Bookshelf,1,30998,0.01,5059.04,West,Pune,UPI
ORD05603,2025-02-05,CUST0117,Clothing,Dress,2,42748,0.14,4763.31,West,Ahmedabad,Net Banking
ORD05604,2025-01-12,CUST0050,Electronics,Smart Watch,4,156752,0.29,13209.05,North,Jaipur,UPI
ORD05605,2025-07-15,CUST1393,Furniture,Table,3,85338,0.26,13682.8,East,Kolkata,Credit Card
ORD05606,2025-04-06,CUST0045,Electronics,Headphones,4,99768,0.13,18261.39,West,Mumbai,Credit Card
ORD05607,2025-10-16,CUST1435,Electronics,Mobile Phone,5,61110,0.25,7437.35,East,Patna,UPI
ORD05608,2025-07-20,CUST1439,Furniture,Chair,1,49277,0.07,6673.5,West,Mumbai,UPI
ORD05609,2025-11-08,CUST0396,Beauty,Face Cream,2,21008,0.27,1623.25,North,Lucknow,Credit Card
ORD05610,2025-07-12,CUST0795,Clothing,Shoes,4,130852,0.14,26422.86,West,Pune,Net Banking
ORD05611,2025-11-29,CUST1151,Furniture,Chair,1,19737,0.15,1362.95,South,Bangalore,Net Banking
ORD05612,2025-08-12,CUST1625,Books,Novel,3,95133,0.26,16688.89,West,Pune,Debit Card
ORD05613,2025-12-23,CUST1192,Books,Textbook,3,79056,0.25,7312.92,West,Ahmedabad,Credit Card
ORD05614,2025-12-01,CUST1264,Furniture,Chair,2,35780,0.12,5865.44,West,Ahmedabad,Net Banking
ORD05615,2025-04-17,CUST0669,Furniture,Sofa,2,25062,0.2,2969.48,West,Pune,UPI
ORD05616,2025-05-21,CUST0583,Electronics,Mobile Phone,4,65052,0.08,10498.1,West,Ahmedabad,Net Banking
ORD05617,2025-12-04,CUST1477,Beauty,Perfume,4,108844,0.23,13982.68,West,Pune,UPI
ORD05618,2025-04-02,CUST1019,Electronics,Smart Watch,5,146295,0.26,27018.82,North,Lucknow,Cash on Delivery
ORD05619,2025-08-13,CUST1368,Books,Magazine,5,168145,0.24,23510.25,North,Jaipur,Debit Card
ORD05620,2025-10-01,CUST1983,Clothing,T-Shirt,1,44060,0.25,3796.25,East,Patna,Debit Card
ORD05621,2025-02-17,CUST1089,Beauty,Face Cream,4,56848,0.08,6871.87,South,Chennai,Cash on Delivery
ORD05622,2025-12-13,CUST1759,Furniture,Sofa,1,9192,0.02,2057.77,East,Kolkata,Credit Card
ORD05623,2025-12-05,CUST1043,Books,Comics,1,35341,0.22,5413.32,West,Ahmedabad,Cash on Delivery
ORD05624,2025-01-08,CUST1639,Furniture,Sofa,4,15908,0.24,852.31,East,Bhubaneswar,Debit Card
ORD05625,2025-06-21,CUST0757,Books,Comics,1,7513,0.3,1120.01,West,Pune,Credit Card
ORD05626,2025-07-11,CUST0686,Clothing,Shoes,2,35466,0.3,5992.08,East,Kolkata,Credit Card
ORD05627,2025-10-06,CUST0489,Books,Textbook,4,53288,0.28,2798.86,West,Ahmedabad,Credit Card
ORD05628,2025-01-26,CUST0123,Electronics,Smart Watch,1,5909,0.06,367.4,South,Bangalore,Credit Card
ORD05629,2025-06-20,CUST0738,Electronics,Headphones,5,85735,0.13,13959.72,North,Delhi,Cash on Delivery
ORD05630,2025-11-07,CUST0140,Beauty,Face Cream,2,20618,0.17,1639.04,East,Patna,Credit Card
ORD05631,2025-11-16,CUST1060,Clothing,T-Shirt,4,154080,0.24,29097.88,South,Bangalore,Credit Card
ORD05632,2025-03-12,CUST1183,Furniture,Sofa,5,171565,0.24,19486.71,East,Bhubaneswar,Cash on Delivery
ORD05633,2025-08-27,CUST0110,Furniture,Table,2,63152,0.03,10999.51,East,Bhubaneswar,Credit Card
ORD05634,2025-11-11,CUST1488,Furniture,Table,5,93140,0.1,13274.81,West,Ahmedabad,UPI
ORD05635,2025-01-28,CUST1672,Books,Novel,1,38095,0.09,5369.54,West,Pune,Cash on Delivery
ORD05636,2025-10-30,CUST1134,Clothing,Shoes,3,100203,0.27,17145.95,East,Bhubaneswar,Cash on Delivery
ORD05637,2025-12-17,CUST0574,Clothing,Dress,4,65572,0.02,12567.72,East,Bhubaneswar,Credit Card
ORD05638,2025-10-29,CUST1057,Electronics,Smart Watch,5,83000,0.21,14126.54,West,Pune,UPI
ORD05639,2025-03-12,CUST1322,Electronics,Smart Watch,2,99552,0.02,17674.63,South,Chennai,Net Banking
ORD05640,2025-02-25,CUST1465,Furniture,Sofa,5,93885,0.01,10050.37,South,Bangalore,Cash on Delivery
ORD05641,2025-08-20,CUST1021,Furniture,Chair,1,580,0.23,99.11,South,Bangalore,Cash on Delivery
ORD05642,2025-01-14,CUST0975,Furniture,Sofa,2,24056,0.05,4458.08,North,Delhi,Credit Card
ORD05643,2025-09-30,CUST0635,Furniture,Bookshelf,2,56856,0.14,4954.02,East,Kolkata,Cash on Delivery
ORD05644,2025-12-06,CUST1655,Furniture,Chair,2,19392,0.07,1738.36,North,Delhi,Debit Card
ORD05645,2025-10-08,CUST0703,Furniture,Chair,4,128116,0.07,23757.83,West,Ahmedabad,Net Banking
ORD05646,2025-10-07,CUST0305,Clothing,T-Shirt,3,68595,0.18,9705.77,West,Ahmedabad,Credit Card
ORD05647,2025-09-14,CUST1028,Furniture,Chair,1,10281,0.11,2251.73,North,Delhi,Net Banking
ORD05648,2025-02-26,CUST0262,Books,Comics,2,3746,0.14,238.07,South,Hyderabad,Debit Card
ORD05649,2025-12-12,CUST1497,Beauty,Shampoo,1,30467,0.15,4504.93,West,Pune,Credit Card
ORD05650,2025-02-05,CUST0212,Furniture,Table,4,87424,0.2,16977.98,East,Bhubaneswar,Credit Card
ORD05651,2025-06-02,CUST0323,Electronics,Headphones,4,57280,0.04,3205.76,West,Ahmedabad,Cash on Delivery
ORD05652,2025-07-10,CUST1052,Furniture,Table,5,94170,0.29,10407.82,West,Mumbai,Credit Card
ORD05653,2025-09-01,CUST0277,Electronics,Laptop,3,110574,0.2,13329.47,North,Delhi,Cash on Delivery
ORD05654,2025-03-21,CUST0797,Clothing,Jeans,1,12775,0.15,697.01,West,Pune,Debit Card
ORD05655,2025-09-22,CUST1955,Clothing,T-Shirt,2,73062,0.23,11972.73,North,Delhi,Net Banking
ORD05656,2025-06-07,CUST1166,Electronics,Mobile Phone,4,195300,0.27,27489.07,South,Bangalore,Cash on Delivery
ORD05657,2025-03-01,CUST1154,Electronics,Mobile Phone,5,3365,0.22,489.91,East,Patna,Cash on Delivery
ORD05658,2025-01-14,CUST0353,Furniture,Chair,4,39628,0.06,4345.7,South,Bangalore,UPI
ORD05659,2025-04-02,CUST0262,Electronics,Laptop,1,770,0.01,171.06,West,Mumbai,UPI
ORD05660,2025-07-03,CUST0786,Furniture,Chair,2,6572,0.16,535.53,South,Hyderabad,UPI
ORD05661,2025-01-08,CUST1771,Books,Novel,4,20580,0.25,1131.5,East,Bhubaneswar,UPI
ORD05662,2025-02-21,CUST1575,Furniture,Bookshelf,4,94388,0.27,11904.4,South,Bangalore,UPI
ORD05663,2025-09-29,CUST1290,Beauty,Face Cream,4,86984,0.02,11131.05,North,Jaipur,Net Banking
ORD05664,2025-08-06,CUST0041,Furniture,Bookshelf,2,61928,0.28,3984.88,West,Mumbai,Credit Card
ORD05665,2025-04-13,CUST0260,Furniture,Sofa,3,68397,0.0,14668.64,South,Hyderabad,Cash on Delivery
ORD05666,2025-05-12,CUST1594,Electronics,Headphones,1,43821,0.29,4215.58,South,Bangalore,Debit Card
ORD05667,2025-12-04,CUST1500,Beauty,Face Wash,4,101324,0.14,17832.91,West,Ahmedabad,Debit Card
ORD05668,2025-01-07,CUST1714,Beauty,Shampoo,5,102445,0.0,5225.66,East,Kolkata,UPI
ORD05669,2025-01-09,CUST1553,Clothing,Shoes,4,135844,0.08,24536.96,East,Kolkata,Cash on Delivery
ORD05670,2025-12-17,CUST1111,Clothing,Jeans,2,43612,0.25,7794.8,South,Chennai,Credit Card
ORD05671,2025-01-23,CUST0237,Clothing,Shoes,2,28404,0.22,2297.8,West,Mumbai,Debit Card
ORD05672,2025-08-12,CUST0161,Furniture,Sofa,4,98748,0.14,21217.48,West,Pune,UPI
ORD05673,2025-07-15,CUST0334,Electronics,Laptop,5,30770,0.26,1696.72,North,Jaipur,Debit Card
ORD05674,2025-05-27,CUST0115,Beauty,Face Cream,2,40502,0.15,5700.36,South,Hyderabad,Credit Card
ORD05675,2025-09-27,CUST0098,Beauty,Perfume,3,138990,0.1,15035.5,South,Chennai,UPI
ORD05676,2025-04-19,CUST0225,Books,Magazine,3,92121,0.1,19847.27,East,Bhubaneswar,Net Banking
ORD05677,2025-05-12,CUST0795,Clothing,Jeans,1,44100,0.22,3652.18,South,Bangalore,Net Banking
ORD05678,2025-07-07,CUST1465,Furniture,Sofa,2,83708,0.16,6954.87,North,Lucknow,Debit Card
ORD05679,2025-06-15,CUST0929,Electronics,Headphones,2,22080,0.29,3103.55,South,Hyderabad,UPI
ORD05680,2025-08-05,CUST0741,Electronics,Mobile Phone,2,64852,0.2,3286.97,West,Mumbai,Credit Card
ORD05681,2025-04-30,CUST0162,Beauty,Shampoo,5,161880,0.02,22939.11,East,Bhubaneswar,UPI
ORD05682,2025-11-03,CUST1241,Books,Comics,4,124648,0.09,24939.0,West,Mumbai,Net Banking
ORD05683,2025-01-06,CUST1251,Electronics,Mobile Phone,1,33624,0.13,6264.54,North,Jaipur,Debit Card
ORD05684,2025-02-14,CUST1447,Beauty,Perfume,5,63730,0.17,4016.52,North,Delhi,UPI
ORD05685,2025-10-27,CUST1010,Beauty,Face Wash,2,48322,0.17,3910.07,West,Pune,Debit Card
ORD05686,2025-03-10,CUST1028,Clothing,Jeans,1,17660,0.17,3611.49,West,Mumbai,Net Banking
ORD05687,2025-04-22,CUST0513,Beauty,Shampoo,4,85824,0.19,11059.82,West,Mumbai,Debit Card
ORD05688,2025-10-18,CUST1825,Furniture,Bookshelf,2,23614,0.01,4952.43,East,Patna,Net Banking
ORD05689,2025-06-29,CUST1096,Clothing,Dress,2,8138,0.0,1708.59,East,Patna,UPI
ORD05690,2025-01-21,CUST1039,Books,Magazine,2,34286,0.22,4637.82,East,Bhubaneswar,Net Banking
ORD05691,2025-04-06,CUST0903,Furniture,Chair,5,81140,0.28,13362.64,East,Patna,Credit Card
ORD05692,2025-04-07,CUST0282,Beauty,Perfume,1,33051,0.17,5133.08,South,Bangalore,Net Banking
ORD05693,2025-12-07,CUST0193,Electronics,Laptop,4,24548,0.27,2656.03,West,Ahmedabad,UPI
ORD05694,2025-04-23,CUST0895,Electronics,Smart Watch,2,7982,0.29,840.38,East,Kolkata,UPI
ORD05695,2025-09-15,CUST0558,Beauty,Face Wash,3,22239,0.14,3302.38,East,Bhubaneswar,Net Banking
ORD05696,2025-12-18,CUST1308,Electronics,Laptop,1,6413,0.07,368.56,North,Delhi,Credit Card
ORD05697,2025-05-07,CUST1710,Electronics,Headphones,1,5722,0.03,1188.84,North,Jaipur,Net Banking
ORD05698,2025-08-27,CUST1573,Clothing,T-Shirt,5,240575,0.26,29560.15,East,Patna,Cash on Delivery
ORD05699,2025-07-13,CUST0155,Clothing,Dress,4,188300,0.13,17659.76,East,Kolkata,Net Banking
ORD05700,2025-07-23,CUST1934,Furniture,Bookshelf,5,246405,0.25,16867.36,North,Jaipur,Debit Card
ORD05701,2025-09-21,CUST0945,Books,Magazine,1,41757,0.29,2100.63,East,Bhubaneswar,UPI
ORD05702,2025-07-12,CUST0712,Books,Comics,2,30200,0.28,4948.94,North,Lucknow,Cash on Delivery
ORD05703,2025-11-12,CUST1189,Electronics,Mobile Phone,1,9387,0.11,1105.17,West,Ahmedabad,UPI
ORD05704,2025-08-06,CUST1426,Beauty,Face Cream,1,44741,0.25,7126.07,West,Pune,Cash on Delivery
ORD05705,2025-12-06,CUST1953,Furniture,Bookshelf,4,99296,0.25,10424.87,East,Patna,Debit Card
ORD05706,2025-11-17,CUST1039,Books,Magazine,4,58080,0.21,9564.74,West,Pune,UPI
ORD05707,2025-05-08,CUST1599,Electronics,Mobile Phone,4,139488,0.04,24255.0,East,Kolkata,Cash on Delivery
ORD05708,2025-03-31,CUST0889,Clothing,Jeans,4,76060,0.21,14139.71,South,Bangalore,Cash on Delivery
ORD05709,2025-07-08,CUST0536,Books,Magazine,1,29778,0.07,5921.28,East,Bhubaneswar,Cash on Delivery
ORD05710,2025-01-02,CUST1308,Electronics,Headphones,4,57076,0.04,5463.35,South,Chennai,Debit Card
ORD05711,2025-12-13,CUST1931,Books,Magazine,5,174625,0.27,31439.12,South,Hyderabad,Credit Card
ORD05712,2025-09-25,CUST1101,Books,Textbook,4,164132,0.23,7713.32,East,Bhubaneswar,Credit Card
ORD05713,2025-11-04,CUST1606,Beauty,Shampoo,5,240265,0.02,44500.26,West,Ahmedabad,UPI
ORD05714,2025-06-06,CUST0602,Beauty,Face Cream,1,23162,0.22,1715.76,South,Hyderabad,Net Banking
ORD05715,2025-10-05,CUST1521,Electronics,Mobile Phone,1,42322,0.16,8103.31,East,Bhubaneswar,Cash on Delivery
ORD05716,2025-09-28,CUST1293,Beauty,Shampoo,4,199780,0.23,16710.48,North,Lucknow,Debit Card
ORD05717,2025-01-25,CUST1987,Books,Magazine,2,56376,0.11,10411.82,South,Bangalore,Net Banking
ORD05718,2025-11-07,CUST0778,Furniture,Sofa,4,121312,0.05,6012.08,West,Mumbai,Credit Card
ORD05719,2025-07-23,CUST0869,Books,Magazine,2,19700,0.25,1838.56,North,Delhi,Cash on Delivery
ORD05720,2025-06-20,CUST1466,Electronics,Laptop,4,33132,0.14,1466.04,North,Lucknow,Net Banking
ORD05721,2025-12-09,CUST0046,Books,Comics,1,34297,0.26,4062.4,North,Jaipur,Credit Card
ORD05722,2025-01-18,CUST0391,Clothing,T-Shirt,5,193410,0.19,8846.88,South,Chennai,Debit Card
ORD05723,2025-12-28,CUST0526,Beauty,Shampoo,2,39712,0.03,9449.39,North,Jaipur,UPI
ORD05724,2025-05-07,CUST1761,Furniture,Bookshelf,3,65919,0.03,15807.34,East,Bhubaneswar,Credit Card
ORD05725,2025-07-30,CUST0832,Furniture,Table,3,148167,0.19,14376.42,North,Jaipur,Credit Card
ORD05726,2025-07-24,CUST0682,Electronics,Smart Watch,2,68178,0.12,6692.39,West,Mumbai,UPI
ORD05727,2025-11-30,CUST0003,Electronics,Mobile Phone,2,43672,0.05,8741.66,East,Bhubaneswar,UPI
ORD05728,2025-07-21,CUST1334,Books,Novel,2,53116,0.08,2635.68,West,Pune,Cash on Delivery
ORD05729,2025-05-16,CUST0133,Books,Magazine,5,207320,0.03,44082.32,West,Pune,Debit Card
ORD05730,2025-12-17,CUST1681,Furniture,Chair,5,144450,0.08,22166.18,East,Bhubaneswar,Debit Card
ORD05731,2025-02-08,CUST1707,Clothing,Dress,1,44320,0.08,9895.62,North,Lucknow,Net Banking
ORD05732,2025-07-26,CUST0746,Furniture,Sofa,5,52770,0.18,4392.01,West,Mumbai,UPI
ORD05733,2025-02-23,CUST1773,Clothing,Jeans,1,2763,0.09,455.34,West,Mumbai,Credit Card
ORD05734,2025-10-15,CUST0201,Beauty,Face Wash,3,94308,0.21,14645.63,South,Hyderabad,Net Banking
ORD05735,2025-05-03,CUST1161,Clothing,T-Shirt,5,33650,0.3,5223.67,East,Kolkata,Credit Card
ORD05736,2025-07-04,CUST1003,Clothing,Shoes,5,74595,0.04,11492.31,South,Bangalore,UPI
ORD05737,2025-04-19,CUST0006,Electronics,Smart Watch,1,9674,0.15,1634.69,East,Patna,UPI
ORD05738,2025-12-02,CUST1276,Beauty,Face Cream,1,34076,0.06,7518.67,South,Hyderabad,Credit Card
ORD05739,2025-03-04,CUST1397,Furniture,Table,4,151556,0.03,20585.57,North,Jaipur,Net Banking
ORD05740,2025-03-18,CUST0486,Beauty,Shampoo,1,6718,0.14,997.12,West,Ahmedabad,Credit Card
ORD05741,2025-05-07,CUST0722,Furniture,Sofa,2,48366,0.06,10509.04,South,Hyderabad,Cash on Delivery
ORD05742,2025-05-20,CUST1472,Clothing,Shoes,3,71106,0.21,9927.93,South,Hyderabad,UPI
ORD05743,2025-08-08,CUST1128,Books,Textbook,4,176356,0.15,30161.69,North,Jaipur,Credit Card
ORD05744,2025-02-19,CUST0820,Books,Comics,2,39040,0.09,5665.75,North,Lucknow,Credit Card
ORD05745,2025-11-26,CUST1775,Beauty,Face Cream,2,69574,0.13,10805.34,West,Mumbai,Cash on Delivery
ORD05746,2025-04-13,CUST0928,Clothing,Jeans,2,19110,0.08,3889.24,South,Chennai,Net Banking
ORD05747,2025-03-11,CUST1913,Clothing,Shoes,3,50922,0.03,5851.8,North,Delhi,Net Banking
ORD05748,2025-12-23,CUST0185,Beauty,Face Wash,5,4930,0.08,649.13,West,Pune,Cash on Delivery
ORD05749,2025-06-03,CUST1368,Beauty,Face Wash,3,16827,0.0,2383.52,South,Bangalore,UPI
ORD05750,2025-05-18,CUST0613,Beauty,Face Wash,2,24146,0.17,3535.5,South,Bangalore,Debit Card
ORD05751,2025-06-13,CUST1883,Books,Comics,3,24837,0.17,3451.84,East,Patna,UPI
ORD05752,2025-03-03,CUST1524,Books,Magazine,3,98643,0.04,15033.07,West,Pune,Debit Card
ORD05753,2025-12-28,CUST0879,Beauty,Shampoo,2,46386,0.24,1766.41,West,Pune,Credit Card
ORD05754,2025-05-27,CUST1123,Clothing,T-Shirt,4,118272,0.3,8428.86,East,Kolkata,Cash on Delivery
ORD05755,2025-09-23,CUST1785,Clothing,Dress,2,57314,0.04,4642.68,East,Patna,Credit Card
ORD05756,2025-01-25,CUST1042,Electronics,Headphones,2,96438,0.02,23275.69,West,Ahmedabad,Credit Card
ORD05757,2025-01-19,CUST1189,Electronics,Mobile Phone,5,171060,0.27,10515.55,North,Lucknow,Credit Card
ORD05758,2025-06-26,CUST1391,Furniture,Chair,5,92200,0.23,6325.99,North,Delhi,Debit Card
ORD05759,2025-10-28,CUST1733,Beauty,Shampoo,2,65210,0.26,8020.48,South,Chennai,Net Banking
ORD05760,2025-03-28,CUST0982,Electronics,Smart Watch,1,1513,0.24,267.61,East,Kolkata,Net Banking
ORD05761,2025-05-07,CUST0682,Books,Comics,5,189480,0.25,32692.56,East,Bhubaneswar,Net Banking
ORD05762,2025-01-26,CUST1129,Furniture,Chair,1,15706,0.05,1255.54,South,Bangalore,UPI
ORD05763,2025-02-24,CUST1612,Beauty,Perfume,2,64066,0.23,3493.76,North,Delhi,Debit Card
ORD05764,2025-10-15,CUST1631,Electronics,Mobile Phone,3,76452,0.0,11622.13,East,Kolkata,Net Banking
ORD05765,2025-04-06,CUST0288,Furniture,Chair,3,24516,0.28,1180.05,North,Lucknow,Net Banking
ORD05766,2025-12-20,CUST0594,Beauty,Perfume,5,193660,0.19,22171.76,North,Delhi,Net Banking
ORD05767,2025-05-01,CUST0831,Furniture,Sofa,1,24963,0.3,4012.27,North,Jaipur,Debit Card
ORD05768,2025-12-06,CUST1592,Books,Magazine,2,92342,0.1,15344.33,South,Bangalore,UPI
ORD05769,2025-04-15,CUST0552,Electronics,Smart Watch,5,142115,0.15,18630.35,East,Patna,Credit Card
ORD05770,2025-12-03,CUST1763,Clothing,Shoes,4,21504,0.1,4752.65,West,Ahmedabad,Credit Card
ORD05771,2025-12-02,CUST1018,Books,Textbook,1,38610,0.09,6475.4,East,Bhubaneswar,UPI
ORD05772,2025-01-25,CUST0476,Electronics,Mobile Phone,1,49108,0.19,7912.3,North,Lucknow,Debit Card
ORD05773,2025-08-29,CUST0368,Clothing,Jeans,3,124197,0.04,20877.39,West,Mumbai,Credit Card
ORD05774,2025-10-06,CUST1323,Furniture,Sofa,1,24935,0.1,5441.12,East,Patna,Cash on Delivery
ORD05775,2025-07-12,CUST0226,Beauty,Face Cream,3,132579,0.07,17663.21,North,Lucknow,UPI
ORD05776,2025-06-23,CUST1254,Furniture,Table,1,46167,0.16,5818.79,South,Chennai,Debit Card
ORD05777,2025-09-01,CUST0421,Books,Novel,4,87260,0.2,8178.74,South,Hyderabad,Credit Card
ORD05778,2025-08-19,CUST1846,Beauty,Perfume,5,41815,0.08,2602.04,West,Pune,Debit Card
ORD05779,2025-01-03,CUST1838,Electronics,Laptop,5,21535,0.27,3382.36,North,Lucknow,Cash on Delivery
ORD05780,2025-05-16,CUST1977,Clothing,Jeans,3,47742,0.05,5418.39,South,Bangalore,Net Banking
ORD05781,2025-06-16,CUST0134,Furniture,Sofa,5,162115,0.15,25187.29,North,Lucknow,Cash on Delivery
ORD05782,2025-01-21,CUST1828,Books,Novel,2,53520,0.17,10243.59,East,Bhubaneswar,Credit Card
ORD05783,2025-11-12,CUST0559,Furniture,Table,5,69645,0.01,17173.64,East,Patna,UPI
ORD05784,2025-10-04,CUST0192,Books,Novel,1,27789,0.18,2965.62,North,Delhi,Net Banking
ORD05785,2025-03-28,CUST0798,Books,Comics,1,26554,0.14,5523.93,South,Chennai,Cash on Delivery
ORD05786,2025-10-22,CUST1161,Furniture,Sofa,1,29791,0.1,3146.5,South,Hyderabad,UPI
ORD05787,2025-10-22,CUST0215,Beauty,Face Wash,1,4444,0.11,284.98,North,Lucknow,Cash on Delivery
ORD05788,2025-01-14,CUST1107,Books,Magazine,1,21867,0.18,3871.84,East,Kolkata,Cash on Delivery
ORD05789,2025-09-30,CUST0401,Furniture,Chair,5,91475,0.11,9889.54,West,Pune,Net Banking
ORD05790,2025-10-17,CUST1976,Clothing,T-Shirt,4,102980,0.22,9354.02,East,Patna,Credit Card
ORD05791,2025-01-04,CUST0961,Furniture,Bookshelf,4,137580,0.16,22699.25,North,Delhi,Net Banking
ORD05792,2025-04-22,CUST0047,Beauty,Face Cream,1,39705,0.14,5997.31,South,Chennai,Cash on Delivery
ORD05793,2025-06-17,CUST0687,Books,Novel,4,35704,0.07,6430.81,West,Ahmedabad,Net Banking
ORD05794,2025-08-26,CUST0858,Books,Novel,5,215580,0.03,41309.16,North,Lucknow,UPI
ORD05795,2025-08-28,CUST0891,Furniture,Sofa,5,89690,0.09,8378.22,North,Jaipur,UPI
ORD05796,2025-02-17,CUST0377,Electronics,Headphones,5,147910,0.26,12380.64,South,Bangalore,Debit Card
ORD05797,2025-06-30,CUST0180,Furniture,Table,3,88092,0.17,17960.6,East,Patna,Net Banking
ORD05798,2025-12-04,CUST1442,Beauty,Shampoo,5,8345,0.29,375.31,East,Patna,Debit Card
ORD05799,2025-11-29,CUST1523,Electronics,Laptop,3,62694,0.26,6242.52,East,Bhubaneswar,Debit Card
ORD05800,2025-04-22,CUST1627,Clothing,T-Shirt,2,73306,0.27,9258.03,West,Pune,Net Banking
ORD05801,2025-05-12,CUST1320,Electronics,Mobile Phone,4,129416,0.11,9254.57,West,Pune,Debit Card
ORD05802,2025-07-27,CUST1887,Clothing,T-Shirt,3,96030,0.18,11714.53,South,Chennai,Debit Card
ORD05803,2025-08-13,CUST1128,Books,Novel,3,74001,0.23,11916.99,North,Delhi,Credit Card
ORD05804,2025-02-22,CUST1165,Beauty,Face Cream,5,140620,0.22,6554.91,East,Kolkata,Credit Card
ORD05805,2025-11-27,CUST0469,Clothing,Shoes,4,46908,0.06,10210.3,North,Jaipur,Debit Card
ORD05806,2025-08-02,CUST0704,Clothing,Shoes,4,166948,0.29,10037.39,North,Delhi,Debit Card
ORD05807,2025-05-14,CUST1921,Books,Novel,4,27844,0.06,4740.96,South,Chennai,Credit Card
ORD05808,2025-03-09,CUST1319,Beauty,Shampoo,5,44445,0.06,7487.6,North,Lucknow,UPI
ORD05809,2025-07-24,CUST0965,Electronics,Smart Watch,2,6646,0.08,1525.52,East,Patna,Debit Card
ORD05810,2025-06-24,CUST0827,Electronics,Mobile Phone,3,44769,0.07,8411.76,North,Lucknow,Debit Card
ORD05811,2025-04-09,CUST1406,Books,Comics,2,97782,0.17,11536.65,East,Bhubaneswar,UPI
ORD05812,2025-03-18,CUST1681,Books,Textbook,4,77412,0.17,4635.87,South,Chennai,Net Banking
ORD05813,2025-11-29,CUST1253,Beauty,Face Wash,4,199044,0.02,24733.93,East,Patna,Credit Card
ORD05814,2025-09-20,CUST0095,Electronics,Smart Watch,1,28945,0.23,3575.3,South,Chennai,Cash on Delivery
ORD05815,2025-12-11,CUST0180,Electronics,Laptop,3,67602,0.15,14007.94,South,Chennai,Credit Card
ORD05816,2025-04-10,CUST0595,Furniture,Sofa,5,181460,0.06,38806.59,South,Chennai,UPI
ORD05817,2025-11-19,CUST0749,Electronics,Mobile Phone,3,53826,0.3,7227.7,North,Lucknow,Cash on Delivery
ORD05818,2025-02-22,CUST0995,Beauty,Perfume,3,41142,0.12,7844.06,West,Mumbai,UPI
ORD05819,2025-03-04,CUST1295,Clothing,T-Shirt,3,137151,0.29,18345.05,South,Bangalore,Cash on Delivery
ORD05820,2025-03-08,CUST0379,Furniture,Bookshelf,2,28286,0.3,1177.35,East,Patna,Debit Card
ORD05821,2025-04-22,CUST1356,Clothing,Jeans,1,26872,0.3,2110.95,South,Bangalore,Credit Card
ORD05822,2025-11-11,CUST0332,Furniture,Sofa,2,9576,0.02,1063.7,West,Ahmedabad,Cash on Delivery
ORD05823,2025-11-21,CUST1949,Electronics,Smart Watch,4,114448,0.19,6965.38,North,Jaipur,UPI
ORD05824,2025-01-16,CUST1958,Electronics,Mobile Phone,1,5598,0.01,1239.64,South,Chennai,Debit Card
ORD05825,2025-06-24,CUST1696,Beauty,Shampoo,2,85972,0.28,6949.37,North,Jaipur,Cash on Delivery
ORD05826,2025-04-18,CUST0968,Beauty,Perfume,1,13622,0.16,1938.75,East,Kolkata,Credit Card
ORD05827,2025-04-20,CUST0372,Clothing,Shoes,2,97706,0.18,6674.3,South,Hyderabad,Debit Card
ORD05828,2025-08-31,CUST1627,Furniture,Sofa,5,240100,0.21,23023.14,West,Pune,Cash on Delivery
ORD05829,2025-02-21,CUST0525,Furniture,Table,3,118701,0.29,13554.03,South,Hyderabad,Cash on Delivery
ORD05830,2025-05-14,CUST1192,Clothing,T-Shirt,3,68838,0.21,5537.93,South,Hyderabad,UPI
ORD05831,2025-12-15,CUST1943,Electronics,Mobile Phone,5,89450,0.2,10240.11,North,Lucknow,UPI
ORD05832,2025-11-21,CUST1174,Books,Comics,2,85266,0.21,12515.88,South,Chennai,Debit Card
ORD05833,2025-11-14,CUST1621,Furniture,Bookshelf,3,104769,0.11,17060.97,East,Patna,Debit Card
ORD05834,2025-03-13,CUST1272,Furniture,Table,3,36321,0.04,4309.57,North,Lucknow,Net Banking
ORD05835,2025-10-24,CUST0175,Electronics,Headphones,1,31934,0.02,2835.24,South,Bangalore,Debit Card
ORD05836,2025-03-09,CUST0434,Clothing,Jeans,3,131874,0.12,27662.07,West,Pune,Net Banking
ORD05837,2025-04-17,CUST0905,Furniture,Table,2,44916,0.22,7205.04,East,Bhubaneswar,Credit Card
ORD05838,2025-08-24,CUST1151,Electronics,Mobile Phone,2,8900,0.28,1553.99,West,Pune,UPI
ORD05839,2025-06-25,CUST1984,Clothing,Jeans,5,131975,0.05,24183.12,East,Bhubaneswar,Credit Card
ORD05840,2025-12-17,CUST1156,Books,Novel,5,64855,0.16,4447.61,North,Lucknow,UPI
ORD05841,2025-11-23,CUST1924,Books,Comics,4,63924,0.19,5730.73,East,Kolkata,Debit Card
ORD05842,2025-02-14,CUST0543,Furniture,Sofa,4,135544,0.04,8950.42,East,Kolkata,Cash on Delivery
ORD05843,2025-12-28,CUST1544,Clothing,Shoes,4,44212,0.02,10266.46,East,Bhubaneswar,Cash on Delivery
ORD05844,2025-06-06,CUST0552,Clothing,Shoes,2,67242,0.25,12188.05,South,Bangalore,Debit Card
ORD05845,2025-11-29,CUST0072,Beauty,Face Wash,3,118041,0.18,11478.82,North,Lucknow,UPI
ORD05846,2025-05-26,CUST0684,Furniture,Table,2,32996,0.16,3167.71,West,Ahmedabad,UPI
ORD05847,2025-11-28,CUST1967,Electronics,Smart Watch,1,40940,0.29,6102.8,South,Chennai,Net Banking
ORD05848,2025-05-06,CUST0115,Furniture,Sofa,2,8034,0.29,1284.57,South,Chennai,Net Banking
ORD05849,2025-01-21,CUST0338,Books,Comics,2,86684,0.28,5012.19,North,Lucknow,Debit Card
ORD05850,2025-12-15,CUST0828,Electronics,Mobile Phone,5,146240,0.01,30366.32,West,Pune,Net Banking
ORD05851,2025-01-10,CUST1365,Clothing,Jeans,4,119536,0.09,20312.69,South,Bangalore,UPI
ORD05852,2025-07-29,CUST0380,Books,Magazine,3,137316,0.26,16874.74,West,Mumbai,Debit Card
ORD05853,2025-04-07,CUST0107,Books,Textbook,1,9748,0.03,1161.6,North,Lucknow,UPI
ORD05854,2025-10-25,CUST0456,Clothing,Dress,2,57576,0.22,5737.96,South,Bangalore,Cash on Delivery
ORD05855,2025-11-19,CUST0177,Electronics,Mobile Phone,3,86961,0.09,4318.69,West,Ahmedabad,Debit Card
ORD05856,2025-06-19,CUST1951,Books,Comics,1,41103,0.22,7436.28,South,Chennai,Cash on Delivery
ORD05857,2025-11-29,CUST1857,Clothing,T-Shirt,3,46149,0.05,5670.02,East,Bhubaneswar,Net Banking
ORD05858,2025-07-08,CUST0029,Furniture,Table,2,51790,0.25,6570.54,East,Kolkata,Debit Card
ORD05859,2025-05-25,CUST1601,Books,Comics,4,43672,0.04,6796.4,West,Mumbai,Net Banking
ORD05860,2025-12-31,CUST0833,Books,Comics,5,210335,0.29,29295.61,South,Hyderabad,Cash on Delivery
ORD05861,2025-04-03,CUST1086,Books,Novel,4,167784,0.2,31962.12,North,Delhi,Debit Card
ORD05862,2025-08-06,CUST0212,Furniture,Table,3,35841,0.2,5716.23,South,Chennai,Debit Card
ORD05863,2025-05-14,CUST1445,Electronics,Mobile Phone,4,6680,0.14,473.22,South,Hyderabad,Credit Card
ORD05864,2025-01-03,CUST1816,Electronics,Laptop,2,86174,0.19,14712.65,East,Kolkata,Cash on Delivery
ORD05865,2025-05-15,CUST1041,Books,Comics,5,170465,0.25,7598.04,West,Pune,Debit Card
ORD05866,2025-06-01,CUST1139,Books,Novel,1,49072,0.11,4500.51,East,Patna,Cash on Delivery
ORD05867,2025-01-04,CUST1393,Books,Textbook,1,20639,0.15,1243.65,North,Jaipur,Net Banking
ORD05868,2025-11-09,CUST1206,Books,Magazine,3,16740,0.1,3589.32,West,Ahmedabad,Credit Card
ORD05869,2025-09-26,CUST0578,Clothing,T-Shirt,5,13595,0.19,1427.07,South,Bangalore,UPI
ORD05870,2025-10-25,CUST0635,Furniture,Bookshelf,2,31114,0.0,5433.05,West,Ahmedabad,Cash on Delivery
ORD05871,2025-09-14,CUST0619,Books,Novel,3,130173,0.3,15061.23,East,Kolkata,Credit Card
ORD05872,2025-08-16,CUST0574,Beauty,Perfume,3,21645,0.13,1853.03,West,Pune,Cash on Delivery
ORD05873,2025-05-02,CUST0814,Beauty,Perfume,2,90636,0.13,9902.58,East,Bhubaneswar,UPI
ORD05874,2025-03-12,CUST0637,Electronics,Laptop,3,117036,0.24,22069.13,West,Ahmedabad,UPI
ORD05875,2025-07-28,CUST1307,Beauty,Shampoo,4,80852,0.15,5689.51,West,Ahmedabad,Credit Card
ORD05876,2025-03-26,CUST1348,Furniture,Chair,1,1159,0.04,73.85,South,Bangalore,Net Banking
ORD05877,2025-01-28,CUST0174,Books,Comics,5,221045,0.23,17696.52,North,Jaipur,UPI
ORD05878,2025-02-17,CUST0642,Clothing,T-Shirt,4,82084,0.14,13416.32,North,Lucknow,Cash on Delivery
ORD05879,2025-04-06,CUST1514,Books,Magazine,3,26952,0.06,3803.52,North,Lucknow,UPI
ORD05880,2025-01-05,CUST1043,Clothing,Dress,5,52995,0.08,10040.31,East,Patna,UPI
ORD05881,2025-04-09,CUST0840,Beauty,Shampoo,5,213445,0.24,22665.6,South,Bangalore,Debit Card
ORD05882,2025-07-17,CUST1280,Clothing,Dress,3,134985,0.14,27798.85,East,Kolkata,UPI
ORD05883,2025-01-01,CUST0991,Furniture,Table,4,161004,0.19,30564.86,West,Pune,Credit Card
ORD05884,2025-11-28,CUST0897,Books,Magazine,2,92852,0.03,21292.44,South,Chennai,UPI
ORD05885,2025-10-26,CUST0901,Books,Magazine,3,149919,0.22,14041.9,South,Chennai,Debit Card
ORD05886,2025-12-25,CUST1756,Electronics,Smart Watch,2,68318,0.22,6098.04,North,Lucknow,Net Banking
ORD05887,2025-08-19,CUST1060,Books,Novel,3,56253,0.0,13198.39,South,Hyderabad,Credit Card
ORD05888,2025-12-14,CUST1806,Beauty,Face Cream,3,122991,0.27,6442.72,West,Ahmedabad,Debit Card
ORD05889,2025-09-09,CUST1297,Beauty,Shampoo,4,87528,0.02,8310.75,East,Bhubaneswar,Net Banking
ORD05890,2025-05-08,CUST1400,Clothing,Shoes,1,35880,0.23,6156.06,North,Jaipur,Net Banking
ORD05891,2025-11-23,CUST0987,Clothing,T-Shirt,2,78866,0.14,3507.4,North,Delhi,Net Banking
ORD05892,2025-04-03,CUST1951,Clothing,Dress,3,41319,0.0,3284.4,West,Pune,Credit Card
ORD05893,2025-10-02,CUST1678,Electronics,Smart Watch,5,9340,0.06,2109.47,North,Jaipur,Credit Card
ORD05894,2025-05-18,CUST0147,Clothing,Jeans,4,39652,0.07,3754.34,South,Chennai,Cash on Delivery
ORD05895,2025-12-09,CUST0342,Electronics,Smart Watch,5,193900,0.19,16366.37,North,Jaipur,Credit Card
ORD05896,2025-07-22,CUST0245,Clothing,Jeans,5,240815,0.09,44017.62,South,Chennai,Net Banking
ORD05897,2025-04-11,CUST0301,Books,Magazine,5,234235,0.03,34491.4,North,Delhi,UPI
ORD05898,2025-02-11,CUST1596,Clothing,Jeans,3,142206,0.28,22636.86,West,Ahmedabad,Debit Card
ORD05899,2025-01-27,CUST1789,Furniture,Table,4,36400,0.05,1921.87,East,Bhubaneswar,Debit Card
ORD05900,2025-08-20,CUST0411,Books,Magazine,2,23950,0.2,3308.22,East,Bhubaneswar,UPI
ORD05901,2025-08-13,CUST1720,Clothing,Shoes,3,128853,0.02,11668.5,East,Patna,Debit Card
ORD05902,2025-10-09,CUST0505,Clothing,Jeans,4,174684,0.0,31377.24,North,Delhi,UPI
ORD05903,2025-07-02,CUST1192,Beauty,Perfume,4,128608,0.23,23851.91,South,Bangalore,Net Banking
ORD05904,2025-06-20,CUST0456,Beauty,Perfume,3,93474,0.25,6678.05,North,Lucknow,Net Banking
ORD05905,2025-10-31,CUST1873,Clothing,Shoes,2,71014,0.22,13759.93,North,Delhi,Debit Card
ORD05906,2025-02-23,CUST1950,Electronics,Headphones,3,135003,0.25,12754.05,West,Ahmedabad,Net Banking
ORD05907,2025-05-24,CUST1108,Clothing,Shoes,1,30739,0.18,3280.88,North,Delhi,UPI
ORD05908,2025-08-07,CUST0238,Books,Textbook,3,130674,0.04,17676.71,South,Chennai,Cash on Delivery
ORD05909,2025-01-12,CUST0131,Clothing,Shoes,1,31689,0.26,4424.13,South,Chennai,UPI
ORD05910,2025-05-07,CUST0755,Beauty,Face Wash,4,121188,0.14,11345.28,East,Bhubaneswar,UPI
ORD05911,2025-11-07,CUST1619,Electronics,Mobile Phone,3,59910,0.08,9423.41,West,Ahmedabad,Net Banking
ORD05912,2025-12-31,CUST1056,Books,Novel,4,129976,0.19,16199.86,West,Mumbai,UPI
ORD05913,2025-01-01,CUST1884,Clothing,T-Shirt,5,46915,0.07,8083.81,South,Bangalore,UPI
ORD05914,2025-06-13,CUST1448,Books,Comics,1,35459,0.14,7462.68,South,Bangalore,Debit Card
ORD05915,2025-04-08,CUST1540,Electronics,Smart Watch,2,67788,0.28,11576.85,South,Chennai,Debit Card
ORD05916,2025-12-31,CUST1170,Furniture,Chair,4,194848,0.07,14533.21,North,Delhi,Debit Card
ORD05917,2025-10-17,CUST0948,Electronics,Headphones,5,165890,0.21,21365.63,North,Lucknow,Credit Card
ORD05918,2025-09-25,CUST0482,Clothing,Jeans,5,15275,0.19,973.12,South,Bangalore,Net Banking
ORD05919,2025-05-22,CUST1949,Books,Magazine,1,41727,0.01,3540.4,South,Hyderabad,Cash on Delivery
ORD05920,2025-02-04,CUST1871,Beauty,Perfume,2,72150,0.02,9015.23,South,Chennai,Net Banking
ORD05921,2025-10-03,CUST1536,Furniture,Bookshelf,4,172140,0.11,26422.51,West,Mumbai,Cash on Delivery
ORD05922,2025-02-24,CUST0703,Furniture,Table,1,8364,0.16,466.31,East,Patna,Debit Card
ORD05923,2025-09-16,CUST1530,Clothing,Shoes,3,91815,0.07,16847.78,South,Bangalore,UPI
ORD05924,2025-03-09,CUST0331,Books,Magazine,5,101270,0.05,9125.24,South,Bangalore,Cash on Delivery
ORD05925,2025-09-07,CUST1595,Clothing,Shoes,1,45539,0.1,9858.56,East,Kolkata,Credit Card
ORD05926,2025-07-16,CUST1963,Clothing,T-Shirt,3,45069,0.09,8024.05,North,Lucknow,Credit Card
ORD05927,2025-08-27,CUST0903,Books,Comics,4,97784,0.24,10243.27,West,Pune,Cash on Delivery
ORD05928,2025-07-21,CUST1882,Electronics,Headphones,3,38598,0.21,3361.52,West,Mumbai,Debit Card
ORD05929,2025-10-01,CUST1955,Beauty,Face Wash,4,143092,0.07,25035.96,North,Lucknow,Cash on Delivery
ORD05930,2025-10-17,CUST0192,Books,Magazine,3,80250,0.24,10542.1,North,Jaipur,Cash on Delivery
ORD05931,2025-10-06,CUST1864,Beauty,Face Cream,3,48966,0.23,6387.28,West,Mumbai,UPI
ORD05932,2025-03-01,CUST1713,Electronics,Laptop,4,186260,0.14,15584.45,North,Delhi,Net Banking
ORD05933,2025-01-25,CUST0426,Clothing,Shoes,3,15399,0.18,1855.36,South,Bangalore,Credit Card
ORD05934,2025-12-12,CUST0308,Clothing,Dress,5,31485,0.19,2452.78,North,Lucknow,Credit Card
ORD05935,2025-05-26,CUST1575,Beauty,Face Wash,3,131223,0.21,20245.41,East,Bhubaneswar,Debit Card
ORD05936,2025-05-25,CUST1633,Beauty,Face Cream,4,187860,0.18,13084.42,West,Ahmedabad,Cash on Delivery
ORD05937,2025-08-19,CUST1165,Beauty,Shampoo,1,27241,0.28,3169.76,West,Pune,Net Banking
ORD05938,2025-09-30,CUST1779,Furniture,Chair,4,33616,0.07,4245.95,North,Lucknow,Credit Card
ORD05939,2025-04-15,CUST1868,Clothing,Shoes,5,45395,0.1,7930.35,West,Mumbai,UPI
ORD05940,2025-02-09,CUST0361,Books,Magazine,1,39828,0.02,5857.08,West,Ahmedabad,UPI
ORD05941,2025-01-18,CUST0355,Clothing,Shoes,5,39085,0.11,5066.57,South,Bangalore,Cash on Delivery
ORD05942,2025-03-08,CUST1633,Clothing,Jeans,1,40335,0.06,4298.95,East,Patna,Net Banking
ORD05943,2025-05-11,CUST0058,Furniture,Table,2,71924,0.06,15723.31,South,Bangalore,UPI
ORD05944,2025-02-05,CUST1108,Clothing,Dress,1,17891,0.07,986.9,South,Chennai,Credit Card
ORD05945,2025-12-05,CUST0956,Books,Novel,4,163952,0.12,19301.71,South,Bangalore,Net Banking
ORD05946,2025-11-11,CUST1249,Clothing,T-Shirt,4,46428,0.18,3932.66,South,Chennai,Credit Card
ORD05947,2025-05-13,CUST1087,Beauty,Face Wash,4,111016,0.27,15109.73,North,Delhi,UPI
ORD05948,2025-10-12,CUST0596,Furniture,Sofa,5,203925,0.26,36837.29,West,Pune,Debit Card
ORD05949,2025-09-20,CUST0689,Electronics,Smart Watch,3,123705,0.22,11584.09,North,Lucknow,UPI
ORD05950,2025-11-21,CUST1652,Books,Textbook,4,143444,0.09,24367.9,North,Jaipur,Net Banking
ORD05951,2025-08-20,CUST1450,Clothing,Dress,1,30764,0.11,2325.07,North,Delhi,Net Banking
ORD05952,2025-06-14,CUST0097,Books,Magazine,3,94416,0.24,13038.22,South,Chennai,Credit Card
ORD05953,2025-09-01,CUST0346,Clothing,Dress,1,43890,0.05,8466.6,South,Hyderabad,Debit Card
ORD05954,2025-06-12,CUST1118,Furniture,Table,1,16705,0.2,1878.8,East,Bhubaneswar,Credit Card
ORD05955,2025-12-08,CUST0994,Furniture,Table,4,40928,0.07,4759.12,West,Pune,Net Banking
ORD05956,2025-08-07,CUST0371,Clothing,T-Shirt,1,27180,0.06,1300.33,West,Pune,Cash on Delivery
ORD05957,2025-03-11,CUST0348,Beauty,Face Wash,5,15100,0.14,1861.53,North,Lucknow,Net Banking
ORD05958,2025-11-21,CUST1368,Electronics,Mobile Phone,5,7420,0.07,440.15,West,Pune,Debit Card
ORD05959,2025-07-05,CUST0784,Furniture,Table,2,79000,0.02,18487.12,North,Lucknow,Debit Card
ORD05960,2025-04-02,CUST1655,Electronics,Headphones,3,15447,0.29,1143.43,East,Patna,Credit Card
ORD05961,2025-10-31,CUST0480,Books,Comics,4,10896,0.21,662.51,East,Patna,Debit Card
ORD05962,2025-05-05,CUST1896,Electronics,Laptop,5,210490,0.12,24655.15,West,Pune,Net Banking
ORD05963,2025-05-15,CUST0469,Electronics,Headphones,1,31601,0.0,7556.71,East,Bhubaneswar,Debit Card
ORD05964,2025-02-03,CUST1803,Electronics,Mobile Phone,2,11536,0.13,1349.06,East,Patna,UPI
ORD05965,2025-08-17,CUST1398,Books,Textbook,2,85542,0.02,19020.99,East,Bhubaneswar,Net Banking
ORD05966,2025-11-06,CUST0997,Beauty,Shampoo,3,11358,0.16,1834.61,South,Bangalore,Debit Card
ORD05967,2025-09-19,CUST1719,Furniture,Table,5,199460,0.2,39709.67,South,Bangalore,UPI
ORD05968,2025-09-17,CUST1134,Beauty,Perfume,4,88512,0.02,14301.43,North,Lucknow,Cash on Delivery
ORD05969,2025-09-18,CUST1567,Furniture,Table,2,11944,0.14,1443.38,West,Mumbai,Debit Card
ORD05970,2025-09-24,CUST1577,Furniture,Table,4,180708,0.14,20104.49,West,Pune,Debit Card
ORD05971,2025-04-29,CUST1903,Furniture,Chair,3,82932,0.09,18023.23,East,Patna,Credit Card
ORD05972,2025-03-18,CUST0969,Beauty,Face Wash,1,48080,0.25,4873.78,East,Kolkata,Cash on Delivery
ORD05973,2025-10-17,CUST1102,Electronics,Laptop,2,52084,0.12,9225.57,East,Bhubaneswar,UPI
ORD05974,2025-06-16,CUST0522,Books,Novel,4,156108,0.04,8844.58,East,Kolkata,Cash on Delivery
ORD05975,2025-12-18,CUST0823,Clothing,T-Shirt,3,141732,0.28,5899.76,West,Ahmedabad,Debit Card
ORD05976,2025-04-18,CUST1056,Books,Comics,4,89744,0.1,17291.84,South,Chennai,Net Banking
ORD05977,2025-07-03,CUST1743,Clothing,Jeans,1,17763,0.17,2656.33,South,Hyderabad,Debit Card
ORD05978,2025-07-21,CUST0880,Books,Textbook,2,98692,0.0,23433.44,South,Hyderabad,Cash on Delivery
ORD05979,2025-01-18,CUST1163,Furniture,Chair,5,149450,0.27,22231.48,East,Bhubaneswar,UPI
ORD05980,2025-08-03,CUST0818,Electronics,Smart Watch,1,1783,0.06,140.05,North,Delhi,Cash on Delivery
ORD05981,2025-11-16,CUST1882,Electronics,Mobile Phone,5,135550,0.24,11505.89,North,Lucknow,Net Banking
ORD05982,2025-11-08,CUST1563,Electronics,Mobile Phone,4,110524,0.1,7912.33,South,Bangalore,Debit Card
ORD05983,2025-07-05,CUST1960,Clothing,Dress,2,18446,0.24,2310.04,North,Delhi,Credit Card
ORD05984,2025-10-31,CUST0951,Furniture,Chair,5,53705,0.29,2463.47,West,Pune,Cash on Delivery
ORD05985,2025-04-19,CUST1087,Beauty,Shampoo,3,28296,0.18,4810.23,West,Mumbai,UPI
ORD05986,2025-05-31,CUST0632,Electronics,Laptop,1,8074,0.13,1411.2,West,Ahmedabad,Cash on Delivery
ORD05987,2025-06-15,CUST0020,Electronics,Smart Watch,4,71552,0.17,8758.2,East,Patna,Cash on Delivery
ORD05988,2025-12-16,CUST0464,Books,Comics,2,30180,0.03,3330.61,North,Delhi,Debit Card
ORD05989,2025-11-23,CUST0454,Books,Magazine,1,32614,0.09,5273.46,West,Mumbai,Cash on Delivery
ORD05990,2025-12-22,CUST0788,Furniture,Sofa,4,75448,0.17,12358.25,East,Kolkata,Net Banking
ORD05991,2025-11-28,CUST0268,Books,Comics,4,178676,0.26,11706.09,South,Hyderabad,Cash on Delivery
ORD05992,2025-07-31,CUST0442,Books,Magazine,5,97480,0.21,18310.74,North,Delhi,Debit Card
ORD05993,2025-10-18,CUST1657,Furniture,Table,2,9700,0.2,1429.07,North,Delhi,UPI
ORD05994,2025-01-04,CUST0172,Furniture,Table,2,45154,0.17,3647.54,South,Bangalore,Net Banking
ORD05995,2025-05-29,CUST1988,Beauty,Face Wash,4,17224,0.1,3760.98,East,Patna,Debit Card
ORD05996,2025-04-15,CUST1033,Furniture,Sofa,2,10216,0.0,587.57,East,Bhubaneswar,Net Banking
ORD05997,2025-05-28,CUST1931,Beauty,Shampoo,2,98744,0.19,4353.82,West,Mumbai,Credit Card
ORD05998,2025-08-30,CUST0725,Electronics,Smart Watch,1,19263,0.12,2492.32,North,Delhi,Credit Card
ORD05999,2025-06-27,CUST1388,Electronics,Laptop,3,109875,0.13,10507.07,North,Lucknow,Debit Card
ORD06000,2025-06-14,CUST1653,Beauty,Perfume,2,81914,0.02,15996.79,South,Chennai,Debit Card
ORD06001,2025-04-20,CUST1230,Furniture,Sofa,1,23253,0.29,2089.3,West,Mumbai,Credit Card
ORD06002,2025-05-09,CUST1392,Books,Comics,1,31015,0.3,4703.39,West,Ahmedabad,Net Banking
ORD06003,2025-10-22,CUST1366,Beauty,Face Cream,5,241290,0.06,36813.67,South,Bangalore,Debit Card
ORD06004,2025-01-21,CUST0628,Electronics,Mobile Phone,2,8128,0.09,1084.51,East,Patna,Net Banking
ORD06005,2025-07-05,CUST0703,Clothing,T-Shirt,2,61574,0.26,10276.32,West,Pune,Credit Card
ORD06006,2025-07-22,CUST1562,Books,Comics,3,43965,0.17,2962.96,West,Ahmedabad,Credit Card
ORD06007,2025-12-15,CUST1516,Clothing,Dress,2,40856,0.16,4842.15,North,Jaipur,Credit Card
ORD06008,2025-01-16,CUST0510,Clothing,T-Shirt,4,69268,0.13,7393.93,North,Jaipur,Net Banking
ORD06009,2025-10-27,CUST1014,Electronics,Headphones,5,105835,0.21,5212.19,East,Kolkata,UPI
ORD06010,2025-01-23,CUST1196,Electronics,Laptop,3,44040,0.07,5026.01,North,Jaipur,Net Banking
ORD06011,2025-09-28,CUST1891,Electronics,Smart Watch,5,136480,0.21,6573.6,East,Kolkata,Cash on Delivery
ORD06012,2025-06-29,CUST0380,Beauty,Face Wash,3,104013,0.2,6748.24,West,Pune,Cash on Delivery
ORD06013,2025-05-31,CUST0639,Beauty,Perfume,3,73500,0.21,12675.14,East,Bhubaneswar,Credit Card
ORD06014,2025-07-04,CUST0268,Books,Comics,3,6033,0.03,538.6,West,Pune,Cash on Delivery
ORD06015,2025-11-10,CUST1968,Beauty,Face Wash,2,23686,0.03,2919.62,East,Kolkata,Debit Card
ORD06016,2025-04-03,CUST1530,Clothing,Jeans,5,181905,0.14,29380.66,North,Jaipur,UPI
ORD06017,2025-01-26,CUST0594,Clothing,Dress,4,165268,0.07,13120.29,West,Pune,Net Banking
ORD06018,2025-09-09,CUST0693,Clothing,Shoes,2,99880,0.07,5907.47,South,Bangalore,Debit Card
ORD06019,2025-04-22,CUST0128,Clothing,Jeans,3,96483,0.29,12332.98,West,Mumbai,Cash on Delivery
ORD06020,2025-07-18,CUST1754,Furniture,Table,4,95372,0.09,18410.0,South,Bangalore,Net Banking
ORD06021,2025-11-24,CUST0502,Books,Novel,5,189270,0.15,28487.41,East,Patna,Cash on Delivery
ORD06022,2025-09-26,CUST1750,Books,Textbook,3,126846,0.26,22423.17,North,Jaipur,Credit Card
ORD06023,2025-07-22,CUST0161,Beauty,Perfume,5,9410,0.14,442.8,West,Mumbai,UPI
ORD06024,2025-11-17,CUST1117,Furniture,Table,1,32857,0.28,4999.2,East,Kolkata,UPI
ORD06025,2025-02-02,CUST1000,Books,Magazine,1,24894,0.17,3546.32,West,Mumbai,UPI
ORD06026,2025-08-01,CUST1039,Books,Magazine,4,4052,0.25,595.18,South,Hyderabad,Credit Card
ORD06027,2025-11-24,CUST1795,Electronics,Headphones,3,38091,0.02,2229.04,West,Mumbai,UPI
ORD06028,2025-03-19,CUST1750,Electronics,Mobile Phone,5,5940,0.1,531.15,West,Pune,Cash on Delivery
ORD06029,2025-01-01,CUST1419,Books,Comics,3,141153,0.13,20433.74,North,Lucknow,Credit Card
ORD06030,2025-05-07,CUST0259,Clothing,Jeans,1,2608,0.28,355.69,West,Ahmedabad,Debit Card
ORD06031,2025-04-14,CUST1763,Beauty,Face Wash,2,32468,0.24,5216.0,South,Chennai,Debit Card
ORD06032,2025-08-15,CUST0282,Books,Novel,3,41676,0.3,6565.6,East,Bhubaneswar,UPI
ORD06033,2025-08-21,CUST1785,Electronics,Headphones,1,5162,0.16,551.79,West,Mumbai,UPI
ORD06034,2025-07-05,CUST1269,Electronics,Mobile Phone,1,45233,0.1,9542.87,South,Bangalore,Credit Card
ORD06035,2025-10-23,CUST1189,Electronics,Laptop,2,48056,0.09,6063.19,South,Chennai,Cash on Delivery
ORD06036,2025-06-25,CUST0570,Clothing,Dress,3,129546,0.25,5273.23,North,Delhi,UPI
ORD06037,2025-12-21,CUST0267,Beauty,Perfume,1,43082,0.17,6663.33,East,Bhubaneswar,Net Banking
ORD06038,2025-04-30,CUST1544,Furniture,Chair,1,12916,0.03,2825.64,West,Ahmedabad,Net Banking
ORD06039,2025-06-27,CUST1365,Furniture,Sofa,1,29377,0.23,4977.44,West,Mumbai,Net Banking
ORD06040,2025-07-13,CUST1405,Furniture,Table,2,18322,0.05,3375.96,East,Kolkata,UPI
ORD06041,2025-10-30,CUST0394,Clothing,T-Shirt,4,129112,0.04,10581.13,North,Jaipur,Debit Card
ORD06042,2025-11-25,CUST0295,Furniture,Table,5,15030,0.12,1954.3,East,Kolkata,UPI
ORD06043,2025-09-08,CUST0211,Electronics,Smart Watch,2,95868,0.08,7936.13,North,Jaipur,UPI
ORD06044,2025-04-05,CUST1662,Books,Textbook,4,192560,0.3,33631.62,South,Bangalore,Credit Card
ORD06045,2025-06-09,CUST1069,Beauty,Face Cream,3,112683,0.26,6263.18,East,Kolkata,Cash on Delivery
ORD06046,2025-04-04,CUST0917,Books,Comics,3,44979,0.1,3515.73,South,Chennai,Cash on Delivery
ORD06047,2025-04-23,CUST1901,Furniture,Bookshelf,2,68872,0.08,14248.09,North,Delhi,Cash on Delivery
ORD06048,2025-02-12,CUST1740,Electronics,Headphones,4,192912,0.1,14329.09,West,Ahmedabad,Credit Card
ORD06049,2025-01-25,CUST0385,Electronics,Laptop,2,29152,0.2,2477.82,East,Kolkata,Credit Card
ORD06050,2025-07-03,CUST1712,Books,Magazine,3,74820,0.28,11780.81,South,Hyderabad,UPI
ORD06051,2025-08-01,CUST1159,Electronics,Smart Watch,4,64884,0.16,7117.16,North,Jaipur,Debit Card
ORD06052,2025-02-06,CUST1241,Clothing,Shoes,4,193556,0.19,17377.42,East,Patna,Net Banking
ORD06053,2025-05-07,CUST1426,Beauty,Face Wash,3,59253,0.24,8788.06,North,Delhi,Credit Card
ORD06054,2025-03-21,CUST1110,Books,Magazine,2,65434,0.26,8052.84,West,Pune,Credit Card
ORD06055,2025-04-05,CUST1624,Electronics,Mobile Phone,4,106868,0.07,21140.24,North,Jaipur,Net Banking
ORD06056,2025-06-01,CUST1241,Electronics,Laptop,3,145341,0.03,21447.35,North,Jaipur,Cash on Delivery
ORD06057,2025-12-12,CUST1909,Beauty,Shampoo,3,132609,0.17,7058.63,East,Patna,Debit Card
ORD06058,2025-04-03,CUST1902,Electronics,Mobile Phone,3,98631,0.12,5999.9,East,Patna,Cash on Delivery
ORD06059,2025-05-08,CUST0534,Beauty,Face Wash,3,45861,0.1,3717.26,North,Jaipur,Debit Card
ORD06060,2025-06-19,CUST0223,Beauty,Face Cream,3,132579,0.18,14610.35,South,Chennai,Debit Card
ORD06061,2025-09-07,CUST0822,Books,Comics,2,7908,0.18,1605.35,South,Hyderabad,UPI
ORD06062,2025-05-20,CUST1157,Furniture,Bookshelf,3,133224,0.23,6847.49,West,Pune,Net Banking
ORD06063,2025-07-16,CUST1191,Clothing,Jeans,1,20964,0.11,3913.68,East,Bhubaneswar,Credit Card
ORD06064,2025-11-01,CUST0459,Books,Comics,2,81626,0.03,8491.95,East,Patna,Cash on Delivery
ORD06065,2025-02-11,CUST1438,Clothing,Dress,1,34529,0.28,1660.93,South,Hyderabad,Cash on Delivery
ORD06066,2025-08-12,CUST1708,Books,Magazine,3,53325,0.23,5732.13,West,Ahmedabad,Net Banking
ORD06067,2025-07-26,CUST1264,Beauty,Face Cream,4,18596,0.16,3829.13,South,Chennai,Debit Card
ORD06068,2025-09-16,CUST1465,Furniture,Sofa,5,165715,0.28,21936.36,South,Bangalore,Cash on Delivery
ORD06069,2025-01-11,CUST0719,Electronics,Laptop,5,184720,0.2,15313.51,East,Kolkata,Debit Card
ORD06070,2025-03-04,CUST1734,Electronics,Laptop,5,177545,0.19,26076.91,East,Patna,UPI
ORD06071,2025-06-08,CUST0059,Beauty,Face Wash,1,20914,0.04,4593.73,South,Bangalore,Debit Card
ORD06072,2025-09-14,CUST1159,Furniture,Sofa,5,225220,0.1,44290.54,South,Chennai,Credit Card
ORD06073,2025-02-14,CUST1140,Beauty,Shampoo,2,46306,0.14,4190.1,North,Delhi,Net Banking
ORD06074,2025-03-03,CUST1821,Electronics,Laptop,5,61295,0.08,3231.25,North,Jaipur,Credit Card
ORD06075,2025-08-23,CUST1846,Books,Textbook,5,190890,0.22,35900.86,East,Patna,Credit Card
ORD06076,2025-08-11,CUST0896,Beauty,Face Cream,3,11838,0.15,518.97,North,Lucknow,Cash on Delivery
ORD06077,2025-01-10,CUST1992,Electronics,Headphones,5,120145,0.25,12596.38,South,Hyderabad,Credit Card
ORD06078,2025-04-24,CUST1746,Furniture,Table,3,30933,0.22,3755.44,North,Jaipur,Debit Card
ORD06079,2025-08-03,CUST0579,Books,Textbook,5,219695,0.02,41684.91,West,Pune,Net Banking
ORD06080,2025-06-29,CUST1234,Furniture,Sofa,2,32176,0.08,3727.35,South,Chennai,Credit Card
ORD06081,2025-05-19,CUST1459,Beauty,Shampoo,4,39536,0.07,2862.33,West,Mumbai,Credit Card
ORD06082,2025-08-29,CUST0211,Beauty,Shampoo,5,177385,0.14,29211.09,North,Delhi,Cash on Delivery
ORD06083,2025-01-27,CUST1165,Clothing,Dress,3,60942,0.15,12576.17,West,Ahmedabad,Cash on Delivery
ORD06084,2025-09-20,CUST1783,Furniture,Bookshelf,4,152296,0.18,19093.57,North,Jaipur,Debit Card
ORD06085,2025-07-31,CUST0931,Beauty,Shampoo,4,133872,0.1,28145.14,North,Jaipur,Cash on Delivery
ORD06086,2025-04-21,CUST1256,Books,Textbook,2,41226,0.19,6786.93,South,Hyderabad,Credit Card
ORD06087,2025-01-12,CUST0508,Electronics,Smart Watch,5,189490,0.17,11823.69,West,Mumbai,Net Banking
ORD06088,2025-03-09,CUST1777,Beauty,Shampoo,4,170320,0.24,13860.62,East,Patna,Credit Card
ORD06089,2025-08-28,CUST0150,Beauty,Face Cream,5,5300,0.2,595.39,West,Ahmedabad,Net Banking
ORD06090,2025-01-21,CUST0515,Beauty,Face Wash,3,80781,0.23,11697.23,North,Jaipur,Cash on Delivery
ORD06091,2025-04-18,CUST0801,Furniture,Table,3,86847,0.12,14373.52,East,Bhubaneswar,Credit Card
ORD06092,2025-04-18,CUST1764,Books,Novel,2,87464,0.24,15083.21,South,Hyderabad,UPI
ORD06093,2025-10-20,CUST1125,Furniture,Chair,2,65498,0.18,13124.59,North,Delhi,Credit Card
ORD06094,2025-02-17,CUST0358,Electronics,Headphones,2,66324,0.22,12058.37,West,Ahmedabad,Credit Card
ORD06095,2025-08-30,CUST1451,Clothing,Dress,5,246520,0.07,34129.17,West,Ahmedabad,Debit Card
ORD06096,2025-03-08,CUST1268,Books,Novel,5,45045,0.18,6871.05,North,Delhi,Credit Card
ORD06097,2025-08-31,CUST1808,Electronics,Laptop,4,5796,0.22,516.37,South,Chennai,Debit Card
ORD06098,2025-02-11,CUST0463,Electronics,Headphones,4,187048,0.09,30247.34,North,Lucknow,Net Banking
ORD06099,2025-10-07,CUST1721,Clothing,Jeans,5,140955,0.22,19200.94,South,Bangalore,Credit Card
ORD06100,2025-04-22,CUST1925,Beauty,Face Cream,5,7050,0.21,1074.09,North,Delhi,Credit Card
ORD06101,2025-12-26,CUST0829,Books,Comics,4,197868,0.23,37223.46,South,Bangalore,UPI
ORD06102,2025-08-04,CUST0179,Furniture,Sofa,4,22064,0.18,4107.78,East,Bhubaneswar,Debit Card
ORD06103,2025-11-05,CUST0591,Books,Novel,1,1265,0.12,268.43,North,Lucknow,Credit Card
ORD06104,2025-10-24,CUST1459,Books,Comics,1,49158,0.19,7909.97,South,Chennai,Debit Card
ORD06105,2025-09-23,CUST1410,Books,Comics,1,3040,0.3,344.54,South,Chennai,UPI
ORD06106,2025-12-11,CUST1878,Electronics,Mobile Phone,2,96332,0.24,13235.33,South,Chennai,Cash on Delivery
ORD06107,2025-03-05,CUST0013,Furniture,Bookshelf,1,41452,0.27,3382.95,South,Chennai,Net Banking
ORD06108,2025-03-12,CUST0547,Books,Comics,3,31278,0.1,4142.35,East,Bhubaneswar,Net Banking
ORD06109,2025-01-23,CUST0319,Furniture,Sofa,3,109422,0.08,20108.44,West,Ahmedabad,Credit Card
ORD06110,2025-02-05,CUST1224,Books,Comics,1,40017,0.02,5405.41,South,Chennai,UPI
ORD06111,2025-03-31,CUST1902,Electronics,Headphones,5,148195,0.23,21772.22,South,Hyderabad,Credit Card
ORD06112,2025-11-07,CUST1407,Furniture,Sofa,2,40428,0.04,2298.12,North,Lucknow,Cash on Delivery
ORD06113,2025-02-03,CUST1938,Clothing,T-Shirt,2,56546,0.25,4609.33,North,Jaipur,Net Banking
ORD06114,2025-08-07,CUST1298,Beauty,Perfume,5,202705,0.12,33527.77,West,Ahmedabad,Net Banking
ORD06115,2025-07-07,CUST1625,Beauty,Face Cream,1,20251,0.05,3219.4,West,Mumbai,Net Banking
ORD06116,2025-03-18,CUST0705,Electronics,Laptop,3,13956,0.01,771.12,North,Lucknow,Net Banking
ORD06117,2025-03-24,CUST1731,Clothing,Jeans,3,20508,0.03,2640.05,North,Jaipur,Debit Card
ORD06118,2025-08-02,CUST1929,Electronics,Headphones,5,11065,0.3,867.49,South,Hyderabad,UPI
ORD06119,2025-11-26,CUST1319,Furniture,Table,1,24970,0.25,2831.55,West,Ahmedabad,Net Banking
ORD06120,2025-05-25,CUST0982,Furniture,Sofa,1,17490,0.04,1006.41,West,Ahmedabad,Credit Card
ORD06121,2025-09-25,CUST1788,Electronics,Mobile Phone,2,51664,0.07,3991.82,West,Pune,Debit Card
ORD06122,2025-03-31,CUST1400,Furniture,Sofa,2,43152,0.17,2181.19,South,Chennai,UPI
ORD06123,2025-04-20,CUST0651,Electronics,Smart Watch,4,5948,0.01,575.55,West,Ahmedabad,Net Banking
ORD06124,2025-07-09,CUST0970,Clothing,Jeans,4,47592,0.14,7524.67,East,Kolkata,UPI
ORD06125,2025-06-09,CUST0461,Books,Comics,4,11360,0.08,1317.98,South,Hyderabad,Debit Card
ORD06126,2025-10-21,CUST0310,Furniture,Chair,1,47369,0.23,6968.35,East,Patna,Debit Card
ORD06127,2025-04-30,CUST0402,Furniture,Table,3,129483,0.13,12281.0,West,Ahmedabad,Credit Card
ORD06128,2025-06-23,CUST1122,Electronics,Headphones,1,44171,0.2,8255.63,North,Delhi,UPI
ORD06129,2025-08-09,CUST0257,Books,Novel,5,117125,0.07,5516.28,East,Patna,Net Banking
ORD06130,2025-10-19,CUST1341,Clothing,Dress,5,198115,0.08,11410.22,North,Lucknow,Debit Card
ORD06131,2025-11-11,CUST1786,Clothing,Shoes,2,9808,0.05,2309.56,South,Chennai,Credit Card
ORD06132,2025-03-22,CUST1826,Books,Magazine,4,146548,0.1,23943.45,East,Bhubaneswar,Credit Card
ORD06133,2025-12-12,CUST1384,Electronics,Laptop,5,234065,0.09,31776.64,East,Kolkata,Net Banking
ORD06134,2025-07-22,CUST0667,Clothing,Shoes,2,25138,0.29,3544.72,East,Kolkata,UPI
ORD06135,2025-01-23,CUST0235,Books,Comics,1,17212,0.13,2633.78,East,Patna,Debit Card
ORD06136,2025-02-08,CUST1642,Electronics,Mobile Phone,1,863,0.13,104.34,South,Bangalore,Cash on Delivery
ORD06137,2025-05-04,CUST0633,Electronics,Laptop,2,15388,0.26,1574.35,North,Lucknow,Net Banking
ORD06138,2025-05-04,CUST1741,Books,Magazine,1,24622,0.11,3946.72,South,Chennai,Net Banking
ORD06139,2025-10-07,CUST0770,Beauty,Face Wash,4,87808,0.04,20809.76,South,Chennai,UPI
ORD06140,2025-09-10,CUST1719,Clothing,Jeans,1,2656,0.04,420.14,East,Kolkata,Debit Card
ORD06141,2025-08-31,CUST1953,Books,Novel,1,42380,0.01,3317.74,South,Bangalore,Debit Card
ORD06142,2025-03-11,CUST1875,Electronics,Mobile Phone,4,186360,0.16,16004.45,East,Patna,Credit Card
ORD06143,2025-06-04,CUST1199,Furniture,Sofa,2,57860,0.09,3796.76,North,Lucknow,Credit Card
ORD06144,2025-08-28,CUST1332,Books,Textbook,2,93990,0.08,9260.29,North,Jaipur,Net Banking
ORD06145,2025-01-03,CUST0709,Clothing,Shoes,2,81958,0.2,14023.3,West,Ahmedabad,Debit Card
ORD06146,2025-04-29,CUST0023,Electronics,Headphones,3,71295,0.26,4629.45,West,Mumbai,Debit Card
ORD06147,2025-09-19,CUST1700,Clothing,Dress,1,24202,0.27,2870.43,East,Patna,Credit Card
ORD06148,2025-04-16,CUST0229,Beauty,Perfume,2,32332,0.2,5982.85,East,Bhubaneswar,Debit Card
ORD06149,2025-01-04,CUST0455,Electronics,Smart Watch,1,3819,0.16,667.87,North,Delhi,Net Banking
ORD06150,2025-10-20,CUST0959,Electronics,Laptop,3,3948,0.15,418.61,North,Lucknow,Net Banking
ORD06151,2025-05-28,CUST0480,Beauty,Face Cream,2,34076,0.15,5732.0,North,Jaipur,UPI
ORD06152,2025-09-21,CUST0303,Furniture,Chair,4,90248,0.27,3571.46,East,Bhubaneswar,Credit Card
ORD06153,2025-10-25,CUST1812,Books,Comics,1,15769,0.28,2050.35,North,Jaipur,Debit Card
ORD06154,2025-06-28,CUST0703,Books,Novel,2,64510,0.04,7813.59,West,Mumbai,Debit Card
ORD06155,2025-10-06,CUST0910,Clothing,Dress,4,58284,0.23,7914.53,West,Ahmedabad,Credit Card
ORD06156,2025-09-04,CUST0125,Electronics,Smart Watch,5,75545,0.23,11658.33,South,Chennai,Debit Card
ORD06157,2025-06-30,CUST0703,Books,Textbook,4,184028,0.09,13731.46,South,Chennai,Net Banking
ORD06158,2025-05-07,CUST0248,Furniture,Chair,5,18985,0.05,3503.1,East,Bhubaneswar,UPI
ORD06159,2025-06-16,CUST1529,Books,Novel,3,143208,0.16,6588.92,East,Patna,UPI
ORD06160,2025-10-24,CUST0095,Furniture,Chair,2,64972,0.19,11436.87,South,Bangalore,Net Banking
ORD06161,2025-02-03,CUST1479,Books,Textbook,1,35505,0.26,6095.35,East,Bhubaneswar,Credit Card
ORD06162,2025-02-18,CUST0476,Clothing,Dress,2,10396,0.22,1977.9,North,Jaipur,Credit Card
ORD06163,2025-06-14,CUST0660,Furniture,Table,2,62876,0.02,13709.4,West,Mumbai,Debit Card
ORD06164,2025-11-28,CUST0724,Beauty,Face Cream,5,41710,0.27,2220.15,East,Patna,Cash on Delivery
ORD06165,2025-12-05,CUST1323,Beauty,Shampoo,4,67984,0.17,4446.67,North,Lucknow,Credit Card
ORD06166,2025-11-24,CUST0531,Books,Magazine,2,70788,0.19,10925.69,West,Pune,UPI
ORD06167,2025-07-30,CUST0715,Books,Novel,3,63843,0.2,5364.38,South,Bangalore,Net Banking
ORD06168,2025-09-01,CUST1704,Books,Comics,4,114572,0.26,20909.65,East,Kolkata,Credit Card
ORD06169,2025-07-21,CUST0500,Beauty,Face Wash,2,65940,0.03,4452.94,South,Bangalore,UPI
ORD06170,2025-03-29,CUST1580,Beauty,Shampoo,3,105789,0.06,5384.45,North,Lucknow,Net Banking
ORD06171,2025-06-13,CUST1931,Beauty,Face Cream,1,3756,0.05,434.59,South,Chennai,Cash on Delivery
ORD06172,2025-04-27,CUST0668,Furniture,Bookshelf,3,120090,0.06,14527.38,East,Patna,Credit Card
ORD06173,2025-09-17,CUST1213,Electronics,Mobile Phone,2,40044,0.01,9210.18,North,Lucknow,Cash on Delivery
ORD06174,2025-12-20,CUST1794,Furniture,Sofa,5,69190,0.08,15222.04,South,Hyderabad,Cash on Delivery
ORD06175,2025-07-19,CUST0336,Furniture,Bookshelf,2,82380,0.21,14540.74,South,Bangalore,UPI
ORD06176,2025-02-11,CUST1956,Furniture,Table,4,37004,0.25,3910.73,South,Hyderabad,Net Banking
ORD06177,2025-10-26,CUST0189,Books,Comics,4,18124,0.03,2394.9,West,Ahmedabad,Cash on Delivery
ORD06178,2025-11-29,CUST1577,Beauty,Perfume,2,16772,0.21,2366.13,South,Chennai,Cash on Delivery
ORD06179,2025-05-24,CUST0700,Furniture,Table,3,97155,0.14,7157.1,North,Jaipur,Credit Card
ORD06180,2025-08-24,CUST0817,Clothing,Shoes,4,158812,0.03,21110.52,West,Ahmedabad,Credit Card
ORD06181,2025-08-27,CUST1208,Furniture,Chair,1,49867,0.12,2532.86,West,Ahmedabad,Net Banking
ORD06182,2025-09-09,CUST1546,Clothing,Jeans,5,193140,0.26,20692.16,South,Hyderabad,Credit Card
ORD06183,2025-10-11,CUST1839,Furniture,Bookshelf,2,10732,0.03,2497.23,South,Hyderabad,UPI
ORD06184,2025-12-11,CUST0240,Beauty,Face Cream,5,174840,0.14,14130.35,West,Ahmedabad,UPI
ORD06185,2025-01-02,CUST0076,Furniture,Bookshelf,3,82485,0.16,14627.61,South,Bangalore,Net Banking
ORD06186,2025-07-24,CUST1589,Furniture,Bookshelf,5,56135,0.18,10153.95,East,Bhubaneswar,UPI
ORD06187,2025-03-09,CUST1167,Beauty,Perfume,5,15795,0.16,2185.06,South,Hyderabad,Cash on Delivery
ORD06188,2025-08-07,CUST0473,Books,Magazine,4,193980,0.22,21271.42,South,Hyderabad,Net Banking
ORD06189,2025-08-20,CUST0740,Beauty,Perfume,2,63272,0.07,3077.15,South,Bangalore,Debit Card
ORD06190,2025-09-19,CUST0474,Electronics,Headphones,5,92840,0.03,8028.36,North,Lucknow,Net Banking
ORD06191,2025-11-27,CUST0269,Books,Novel,4,85196,0.27,12983.86,North,Delhi,UPI
ORD06192,2025-12-15,CUST0824,Beauty,Shampoo,5,217680,0.15,36118.92,West,Pune,UPI
ORD06193,2025-03-29,CUST1132,Books,Comics,1,27645,0.13,1395.61,East,Bhubaneswar,UPI
ORD06194,2025-08-10,CUST0171,Clothing,T-Shirt,2,90054,0.09,17880.52,South,Chennai,Cash on Delivery
ORD06195,2025-04-04,CUST1740,Furniture,Sofa,3,111900,0.13,12835.73,West,Ahmedabad,Cash on Delivery
ORD06196,2025-10-20,CUST0360,Furniture,Bookshelf,2,72366,0.24,4961.99,North,Jaipur,Credit Card
ORD06197,2025-11-03,CUST0160,Books,Textbook,5,235760,0.04,46370.65,North,Lucknow,Cash on Delivery
ORD06198,2025-06-11,CUST1164,Beauty,Face Wash,4,79720,0.05,6962.76,East,Bhubaneswar,Net Banking
ORD06199,2025-11-14,CUST0274,Furniture,Sofa,3,60474,0.14,3100.46,West,Mumbai,Cash on Delivery
ORD06200,2025-05-09,CUST1848,Furniture,Bookshelf,5,137780,0.14,20003.07,East,Kolkata,Cash on Delivery
ORD06201,2025-02-28,CUST1488,Electronics,Laptop,5,16760,0.15,3218.74,West,Pune,UPI
ORD06202,2025-01-24,CUST0108,Electronics,Laptop,4,125172,0.12,26247.79,West,Ahmedabad,Credit Card
ORD06203,2025-03-08,CUST0445,Clothing,T-Shirt,2,91298,0.21,8048.56,North,Lucknow,Net Banking
ORD06204,2025-02-21,CUST0339,Clothing,Jeans,3,37020,0.04,6058.88,South,Bangalore,Debit Card
ORD06205,2025-03-28,CUST0740,Furniture,Bookshelf,1,10190,0.22,1819.01,South,Hyderabad,Debit Card
ORD06206,2025-06-28,CUST0327,Electronics,Headphones,2,75604,0.24,6703.16,North,Delhi,Debit Card
ORD06207,2025-08-04,CUST0621,Furniture,Sofa,3,83232,0.21,10658.58,West,Pune,Net Banking
ORD06208,2025-07-09,CUST1386,Furniture,Sofa,2,68008,0.28,10370.14,South,Bangalore,Cash on Delivery
ORD06209,2025-07-27,CUST0208,Clothing,T-Shirt,1,19292,0.21,3368.73,South,Hyderabad,Debit Card
ORD06210,2025-12-04,CUST1194,Clothing,Jeans,5,206285,0.09,10853.63,East,Patna,UPI
ORD06211,2025-01-31,CUST1014,Beauty,Shampoo,4,20732,0.02,2248.32,South,Chennai,UPI
ORD06212,2025-07-17,CUST1455,Electronics,Smart Watch,4,143668,0.29,6201.14,West,Pune,Net Banking
ORD06213,2025-08-24,CUST1631,Books,Magazine,1,12911,0.18,830.53,East,Patna,Cash on Delivery
ORD06214,2025-12-21,CUST1039,Books,Novel,5,245995,0.15,13626.91,East,Kolkata,Net Banking
ORD06215,2025-10-19,CUST1524,Furniture,Chair,5,150455,0.19,7405.51,East,Kolkata,Cash on Delivery
ORD06216,2025-12-08,CUST1954,Beauty,Face Cream,1,2500,0.08,156.58,South,Hyderabad,Credit Card
ORD06217,2025-03-10,CUST1932,Clothing,Shoes,3,25716,0.24,4192.02,East,Patna,Credit Card
ORD06218,2025-12-23,CUST1860,Clothing,T-Shirt,5,129225,0.11,14379.65,North,Lucknow,Credit Card
ORD06219,2025-02-17,CUST0131,Clothing,Dress,1,40836,0.07,8422.75,West,Ahmedabad,Debit Card
ORD06220,2025-02-13,CUST1451,Beauty,Face Wash,3,97116,0.07,17192.36,West,Pune,Debit Card
ORD06221,2025-04-26,CUST0307,Electronics,Headphones,4,51776,0.26,3276.07,West,Mumbai,UPI
ORD06222,2025-08-25,CUST0561,Books,Magazine,4,184344,0.21,36136.61,South,Bangalore,UPI
ORD06223,2025-09-24,CUST0555,Clothing,Dress,1,3061,0.23,546.76,South,Hyderabad,UPI
ORD06224,2025-09-09,CUST1659,Beauty,Face Cream,3,12465,0.12,2383.57,West,Mumbai,Debit Card
ORD06225,2025-12-09,CUST1915,Furniture,Sofa,4,52836,0.22,2106.66,South,Chennai,UPI
ORD06226,2025-03-16,CUST0155,Furniture,Sofa,5,167775,0.06,26509.64,South,Chennai,Credit Card
ORD06227,2025-09-21,CUST0839,Clothing,Shoes,3,139149,0.01,24749.6,North,Jaipur,UPI
ORD06228,2025-05-21,CUST0687,Beauty,Face Cream,1,27380,0.04,3719.14,East,Kolkata,UPI
ORD06229,2025-06-21,CUST0683,Clothing,Dress,4,178668,0.21,11175.96,North,Lucknow,Net Banking
ORD06230,2025-09-20,CUST0871,Beauty,Perfume,4,12380,0.19,811.1,South,Chennai,Credit Card
ORD06231,2025-01-29,CUST1914,Furniture,Bookshelf,4,197484,0.03,29879.4,West,Pune,Cash on Delivery
ORD06232,2025-06-19,CUST0435,Books,Textbook,1,7408,0.01,1574.1,East,Kolkata,UPI
ORD06233,2025-11-11,CUST0909,Beauty,Shampoo,4,125716,0.22,18334.66,East,Bhubaneswar,UPI
ORD06234,2025-09-24,CUST0138,Clothing,Dress,2,80636,0.04,12175.12,North,Delhi,UPI
ORD06235,2025-07-24,CUST0655,Furniture,Chair,3,124704,0.05,16608.51,South,Hyderabad,Debit Card
ORD06236,2025-06-21,CUST1231,Furniture,Table,3,65022,0.08,9184.34,North,Lucknow,Net Banking
ORD06237,2025-09-28,CUST1106,Electronics,Mobile Phone,2,76958,0.24,8481.41,North,Jaipur,Net Banking
ORD06238,2025-10-24,CUST1549,Books,Textbook,1,26426,0.01,5433.19,East,Bhubaneswar,UPI
ORD06239,2025-10-17,CUST1079,Books,Textbook,3,135108,0.19,7776.37,East,Kolkata,Net Banking
ORD06240,2025-09-15,CUST1801,Books,Novel,4,123880,0.15,6340.63,South,Chennai,UPI
ORD06241,2025-08-27,CUST0920,Furniture,Chair,5,74720,0.06,16905.64,North,Delhi,UPI
ORD06242,2025-12-28,CUST1594,Furniture,Chair,2,47322,0.07,4907.76,West,Ahmedabad,Credit Card
ORD06243,2025-07-03,CUST1066,Beauty,Shampoo,3,44823,0.28,2516.63,South,Chennai,Net Banking
ORD06244,2025-03-12,CUST0200,Books,Textbook,1,28184,0.05,2812.79,North,Jaipur,Credit Card
ORD06245,2025-06-29,CUST0032,Electronics,Laptop,3,62454,0.19,7732.56,East,Bhubaneswar,Credit Card
ORD06246,2025-01-02,CUST1014,Furniture,Bookshelf,1,25985,0.25,1339.31,North,Delhi,UPI
ORD06247,2025-11-14,CUST1299,Clothing,Shoes,5,246215,0.15,11082.97,West,Ahmedabad,Debit Card
ORD06248,2025-06-07,CUST0082,Electronics,Headphones,4,51884,0.26,3239.99,West,Mumbai,Credit Card
ORD06249,2025-10-12,CUST0702,Clothing,Dress,3,5529,0.03,348.95,North,Jaipur,Cash on Delivery
ORD06250,2025-02-13,CUST0321,Clothing,Dress,1,18449,0.1,3567.13,South,Bangalore,Net Banking
ORD06251,2025-08-06,CUST0877,Electronics,Headphones,2,70322,0.29,7850.21,South,Chennai,Cash on Delivery
ORD06252,2025-12-10,CUST0413,Beauty,Face Wash,4,161972,0.29,24519.48,West,Pune,Cash on Delivery
ORD06253,2025-09-17,CUST1719,Clothing,Jeans,5,94980,0.16,5498.77,South,Chennai,Debit Card
ORD06254,2025-02-04,CUST1549,Clothing,T-Shirt,5,157205,0.28,24059.93,North,Lucknow,Debit Card
ORD06255,2025-11-15,CUST0266,Beauty,Shampoo,2,63438,0.21,4795.36,West,Mumbai,Debit Card
ORD06256,2025-06-20,CUST1581,Beauty,Perfume,3,137124,0.23,11196.03,South,Chennai,UPI
ORD06257,2025-10-20,CUST0885,Books,Comics,3,125832,0.06,15634.75,South,Chennai,Debit Card
ORD06258,2025-10-30,CUST1461,Beauty,Perfume,2,65496,0.05,13874.53,South,Chennai,Credit Card
ORD06259,2025-07-21,CUST0148,Books,Comics,2,19118,0.09,888.37,North,Delhi,Net Banking
ORD06260,2025-08-18,CUST0517,Beauty,Face Wash,3,79389,0.18,15118.44,West,Mumbai,Debit Card
ORD06261,2025-08-08,CUST1509,Electronics,Headphones,3,132495,0.16,14075.72,West,Ahmedabad,Net Banking
ORD06262,2025-06-23,CUST1148,Electronics,Smart Watch,5,223750,0.23,13994.69,East,Kolkata,UPI
ORD06263,2025-01-25,CUST0614,Clothing,Dress,1,39792,0.13,5022.01,West,Mumbai,Debit Card
ORD06264,2025-06-11,CUST0769,Electronics,Headphones,1,19415,0.04,3456.67,South,Bangalore,Credit Card
ORD06265,2025-01-14,CUST0899,Beauty,Shampoo,3,80904,0.09,4073.37,West,Mumbai,Credit Card
ORD06266,2025-04-22,CUST1264,Furniture,Bookshelf,1,23892,0.23,1721.58,West,Pune,Cash on Delivery
ORD06267,2025-04-25,CUST1010,Books,Comics,4,100628,0.11,17406.24,West,Pune,Cash on Delivery
ORD06268,2025-12-21,CUST0148,Beauty,Face Cream,2,34676,0.05,5006.9,East,Patna,Credit Card
ORD06269,2025-02-24,CUST0327,Books,Magazine,2,99836,0.22,6145.99,West,Mumbai,Debit Card
ORD06270,2025-09-16,CUST0151,Books,Magazine,5,199205,0.25,27153.28,West,Ahmedabad,Net Banking
ORD06271,2025-07-25,CUST1974,Furniture,Sofa,5,42400,0.05,5704.49,West,Ahmedabad,UPI
ORD06272,2025-06-15,CUST1621,Electronics,Headphones,4,125784,0.25,8256.99,North,Lucknow,Net Banking
ORD06273,2025-07-18,CUST0712,Beauty,Face Wash,4,43868,0.08,2617.1,North,Delhi,Cash on Delivery
ORD06274,2025-07-01,CUST1622,Books,Comics,1,12451,0.01,1264.29,West,Pune,Credit Card
ORD06275,2025-01-04,CUST0233,Books,Novel,4,198852,0.09,36779.38,West,Ahmedabad,Cash on Delivery
ORD06276,2025-09-09,CUST0063,Books,Magazine,2,87954,0.07,10311.21,South,Chennai,Cash on Delivery
ORD06277,2025-12-20,CUST0282,Furniture,Chair,4,143568,0.18,28142.17,North,Delhi,Credit Card
ORD06278,2025-07-04,CUST1117,Furniture,Table,1,11161,0.18,492.63,South,Bangalore,Net Banking
ORD06279,2025-06-23,CUST1741,Beauty,Face Cream,3,28620,0.09,5776.43,East,Patna,UPI
ORD06280,2025-07-28,CUST0026,Electronics,Headphones,1,48516,0.12,5390.07,East,Kolkata,Debit Card
ORD06281,2025-12-01,CUST1032,Books,Novel,2,85058,0.08,12977.31,East,Patna,UPI
ORD06282,2025-07-30,CUST1112,Furniture,Chair,3,97662,0.02,6905.07,South,Chennai,Cash on Delivery
ORD06283,2025-02-17,CUST0527,Beauty,Shampoo,5,221115,0.28,13753.38,South,Hyderabad,Net Banking
ORD06284,2025-09-04,CUST1131,Books,Magazine,5,219375,0.26,34955.22,East,Bhubaneswar,UPI
ORD06285,2025-10-13,CUST0452,Furniture,Table,1,49021,0.23,4272.35,South,Bangalore,Credit Card
ORD06286,2025-04-28,CUST0108,Beauty,Perfume,5,66960,0.08,11716.03,East,Bhubaneswar,Credit Card
ORD06287,2025-07-22,CUST0890,Furniture,Chair,5,247330,0.23,40460.68,West,Pune,UPI
ORD06288,2025-01-02,CUST1222,Electronics,Headphones,5,213905,0.02,27631.33,East,Bhubaneswar,Cash on Delivery
ORD06289,2025-02-08,CUST0965,Furniture,Sofa,5,164170,0.25,16437.87,East,Bhubaneswar,Net Banking
ORD06290,2025-10-05,CUST1474,Clothing,Shoes,4,61640,0.01,6619.4,North,Jaipur,UPI
ORD06291,2025-10-28,CUST1839,Clothing,Shoes,2,66040,0.06,4492.28,West,Ahmedabad,Net Banking
ORD06292,2025-12-01,CUST0802,Beauty,Face Wash,2,14852,0.14,2873.23,West,Pune,Debit Card
ORD06293,2025-04-26,CUST1411,Books,Textbook,4,149332,0.09,15038.52,South,Hyderabad,Net Banking
ORD06294,2025-06-27,CUST1941,Electronics,Mobile Phone,3,75003,0.14,10649.64,East,Kolkata,Cash on Delivery
ORD06295,2025-08-29,CUST1318,Clothing,T-Shirt,4,189976,0.14,38861.2,East,Patna,Credit Card
ORD06296,2025-11-18,CUST0465,Books,Novel,1,12827,0.19,779.48,East,Bhubaneswar,Credit Card
ORD06297,2025-05-26,CUST1595,Beauty,Perfume,1,26340,0.21,4273.17,South,Hyderabad,Net Banking
ORD06298,2025-10-26,CUST1859,Beauty,Face Cream,5,154485,0.2,15655.7,West,Pune,Cash on Delivery
ORD06299,2025-04-27,CUST0546,Furniture,Bookshelf,1,44687,0.28,3902.14,North,Lucknow,UPI
ORD06300,2025-06-26,CUST0233,Books,Magazine,5,211825,0.19,35078.02,North,Lucknow,UPI
ORD06301,2025-03-02,CUST0072,Beauty,Face Wash,3,56418,0.02,3315.87,West,Mumbai,Net Banking
ORD06302,2025-09-03,CUST0333,Electronics,Mobile Phone,5,138590,0.19,15035.64,South,Bangalore,Cash on Delivery
ORD06303,2025-04-13,CUST0134,Books,Comics,2,50712,0.28,8946.48,South,Chennai,Net Banking
ORD06304,2025-03-06,CUST1818,Beauty,Face Cream,4,154456,0.15,8436.49,East,Kolkata,UPI
ORD06305,2025-07-09,CUST1977,Electronics,Mobile Phone,5,149540,0.05,20135.03,West,Ahmedabad,Cash on Delivery
ORD06306,2025-10-06,CUST0433,Books,Novel,4,5896,0.02,1003.83,East,Patna,Net Banking
ORD06307,2025-02-25,CUST0720,Furniture,Table,4,74268,0.12,9639.59,East,Kolkata,UPI
ORD06308,2025-01-17,CUST0534,Electronics,Mobile Phone,2,72912,0.1,5908.62,West,Pune,Debit Card
ORD06309,2025-03-06,CUST1773,Furniture,Bookshelf,3,123111,0.05,9391.84,West,Ahmedabad,UPI
ORD06310,2025-03-01,CUST0609,Electronics,Mobile Phone,5,159235,0.19,14337.23,East,Patna,Debit Card
ORD06311,2025-01-01,CUST1470,Clothing,T-Shirt,1,14320,0.28,2464.86,North,Lucknow,Cash on Delivery
ORD06312,2025-08-02,CUST1076,Books,Magazine,4,9192,0.08,1648.09,South,Chennai,Cash on Delivery
ORD06313,2025-09-05,CUST0223,Electronics,Laptop,4,39132,0.04,9058.38,West,Ahmedabad,Credit Card
ORD06314,2025-07-06,CUST1237,Clothing,T-Shirt,3,101265,0.07,21327.83,East,Bhubaneswar,Net Banking
ORD06315,2025-04-26,CUST0865,Books,Novel,4,95836,0.16,15034.97,North,Jaipur,Cash on Delivery
ORD06316,2025-03-13,CUST0206,Clothing,Jeans,5,125755,0.26,17399.32,South,Chennai,Credit Card
ORD06317,2025-10-09,CUST0398,Electronics,Headphones,4,63924,0.18,5349.09,North,Lucknow,Debit Card
ORD06318,2025-05-14,CUST1426,Books,Novel,1,44549,0.3,5042.62,East,Bhubaneswar,Cash on Delivery
ORD06319,2025-02-27,CUST1374,Furniture,Sofa,3,42321,0.09,4121.72,West,Ahmedabad,Cash on Delivery
ORD06320,2025-03-29,CUST0483,Furniture,Bookshelf,1,39848,0.12,2367.37,West,Pune,Net Banking
ORD06321,2025-04-10,CUST0276,Clothing,Dress,5,160860,0.24,8120.3,North,Delhi,UPI
ORD06322,2025-01-18,CUST1788,Beauty,Face Wash,4,41328,0.11,5340.61,North,Lucknow,Debit Card
ORD06323,2025-01-10,CUST0555,Electronics,Laptop,5,72610,0.28,3260.29,South,Hyderabad,Debit Card
ORD06324,2025-05-05,CUST0021,Books,Novel,4,50920,0.18,2776.28,West,Ahmedabad,Debit Card
ORD06325,2025-09-02,CUST0466,Clothing,T-Shirt,3,116655,0.02,13714.11,North,Lucknow,UPI
ORD06326,2025-02-25,CUST0321,Electronics,Mobile Phone,4,130784,0.28,8206.76,West,Pune,Net Banking
ORD06327,2025-12-13,CUST1162,Beauty,Face Wash,2,68672,0.09,3807.12,North,Lucknow,Debit Card
ORD06328,2025-05-11,CUST1622,Books,Comics,3,116577,0.05,24927.51,South,Chennai,Debit Card
ORD06329,2025-03-10,CUST0108,Electronics,Mobile Phone,3,114282,0.19,17466.27,West,Mumbai,Net Banking
ORD06330,2025-10-15,CUST0345,Beauty,Perfume,4,19264,0.17,3193.66,East,Patna,Debit Card
ORD06331,2025-03-29,CUST0573,Furniture,Sofa,2,10746,0.24,1565.36,East,Kolkata,Debit Card
ORD06332,2025-10-10,CUST0848,Beauty,Shampoo,5,59800,0.02,10413.55,East,Kolkata,UPI
ORD06333,2025-06-07,CUST0906,Beauty,Shampoo,2,45582,0.07,6513.58,West,Mumbai,Credit Card
ORD06334,2025-07-06,CUST1165,Clothing,Dress,3,92778,0.02,8606.26,South,Chennai,Debit Card
ORD06335,2025-09-03,CUST1725,Books,Comics,1,32776,0.22,5314.93,East,Bhubaneswar,Net Banking
ORD06336,2025-10-03,CUST1549,Clothing,T-Shirt,4,197528,0.17,32629.41,East,Patna,UPI
ORD06337,2025-02-06,CUST0785,Electronics,Mobile Phone,2,63930,0.02,11932.5,South,Chennai,Cash on Delivery
ORD06338,2025-02-10,CUST0078,Electronics,Mobile Phone,4,16020,0.05,2984.79,West,Mumbai,Credit Card
ORD06339,2025-04-06,CUST0039,Beauty,Face Cream,5,70155,0.0,6405.15,North,Delhi,Net Banking
ORD06340,2025-05-11,CUST1727,Electronics,Headphones,1,38325,0.07,7539.47,South,Hyderabad,UPI
ORD06341,2025-04-28,CUST0110,Furniture,Chair,1,46821,0.26,5849.17,North,Lucknow,Cash on Delivery
ORD06342,2025-04-02,CUST1084,Clothing,T-Shirt,4,39396,0.17,5032.21,South,Hyderabad,Cash on Delivery
ORD06343,2025-08-29,CUST1374,Beauty,Shampoo,1,20334,0.04,1883.39,South,Hyderabad,Cash on Delivery
ORD06344,2025-05-25,CUST0323,Books,Novel,4,178696,0.22,24158.44,North,Delhi,Cash on Delivery
ORD06345,2025-10-28,CUST1266,Beauty,Shampoo,3,30828,0.11,5992.9,West,Ahmedabad,UPI
ORD06346,2025-11-29,CUST0535,Clothing,Dress,2,17060,0.26,1794.06,East,Kolkata,Debit Card
ORD06347,2025-04-25,CUST0421,Books,Textbook,3,51192,0.08,3960.33,North,Lucknow,Debit Card
ORD06348,2025-06-19,CUST1873,Furniture,Sofa,5,216335,0.15,22528.28,South,Bangalore,UPI
ORD06349,2025-05-21,CUST1097,Electronics,Smart Watch,1,591,0.27,78.9,North,Jaipur,Debit Card
ORD06350,2025-12-24,CUST0023,Clothing,T-Shirt,5,144500,0.09,28243.46,East,Patna,Net Banking
ORD06351,2025-09-19,CUST1554,Beauty,Face Cream,4,131996,0.29,10882.37,East,Bhubaneswar,Net Banking
ORD06352,2025-09-26,CUST0164,Electronics,Mobile Phone,2,49308,0.06,4870.11,West,Ahmedabad,UPI
ORD06353,2025-09-03,CUST0524,Electronics,Laptop,1,40317,0.16,7588.16,West,Mumbai,Debit Card
ORD06354,2025-12-23,CUST0707,Beauty,Face Cream,5,229390,0.03,54236.99,North,Jaipur,UPI
ORD06355,2025-05-23,CUST0699,Beauty,Face Wash,5,8690,0.15,1303.45,North,Lucknow,UPI
ORD06356,2025-08-06,CUST0134,Books,Magazine,2,32292,0.22,3175.65,East,Patna,Net Banking
ORD06357,2025-05-31,CUST0336,Electronics,Laptop,3,103263,0.29,16377.87,West,Ahmedabad,Debit Card
ORD06358,2025-11-30,CUST1641,Clothing,Dress,1,39788,0.07,4682.52,West,Pune,Debit Card
ORD06359,2025-10-16,CUST1147,Beauty,Face Cream,4,94456,0.06,13912.67,North,Lucknow,Credit Card
ORD06360,2025-02-28,CUST0483,Clothing,Dress,5,239495,0.25,21961.01,South,Bangalore,Credit Card
ORD06361,2025-05-06,CUST0376,Clothing,T-Shirt,5,124630,0.27,8122.21,West,Ahmedabad,Debit Card
ORD06362,2025-04-10,CUST1346,Beauty,Face Cream,1,27922,0.19,3626.07,East,Bhubaneswar,Cash on Delivery
ORD06363,2025-03-03,CUST1029,Beauty,Perfume,3,46716,0.28,8389.68,South,Chennai,Net Banking
ORD06364,2025-06-11,CUST0853,Books,Textbook,1,48820,0.11,7599.84,South,Bangalore,Debit Card
ORD06365,2025-05-17,CUST0998,Furniture,Table,2,69282,0.08,14321.8,South,Hyderabad,Cash on Delivery
ORD06366,2025-01-01,CUST0856,Books,Magazine,3,137892,0.08,27738.62,East,Patna,Cash on Delivery
ORD06367,2025-04-29,CUST0012,Books,Textbook,2,22170,0.15,2438.05,South,Bangalore,Net Banking
ORD06368,2025-10-18,CUST1114,Electronics,Laptop,5,162850,0.05,27872.19,North,Lucknow,Credit Card
ORD06369,2025-06-24,CUST0917,Electronics,Smart Watch,1,23691,0.29,2950.75,North,Lucknow,Credit Card
ORD06370,2025-10-25,CUST0222,Clothing,Shoes,1,5495,0.16,627.4,North,Jaipur,Credit Card
ORD06371,2025-07-04,CUST1526,Beauty,Face Wash,4,157352,0.1,22403.15,North,Lucknow,UPI
ORD06372,2025-03-03,CUST1050,Books,Textbook,4,129872,0.07,6904.31,North,Jaipur,Net Banking
ORD06373,2025-06-10,CUST0727,Furniture,Bookshelf,4,60640,0.05,14207.57,East,Kolkata,Cash on Delivery
ORD06374,2025-02-17,CUST1020,Clothing,Jeans,1,12543,0.07,925.75,West,Pune,Net Banking
ORD06375,2025-12-25,CUST0661,Clothing,T-Shirt,2,71066,0.17,5873.43,North,Lucknow,UPI
ORD06376,2025-02-14,CUST0544,Electronics,Smart Watch,5,8280,0.11,1313.27,West,Mumbai,Cash on Delivery
ORD06377,2025-04-22,CUST0073,Books,Magazine,3,75618,0.04,17813.47,North,Lucknow,Net Banking
ORD06378,2025-05-14,CUST1621,Furniture,Bookshelf,5,175075,0.1,16258.37,West,Pune,Cash on Delivery
ORD06379,2025-09-02,CUST0426,Furniture,Table,3,52359,0.12,4200.37,South,Hyderabad,Credit Card
ORD06380,2025-07-27,CUST1664,Clothing,T-Shirt,1,18353,0.14,1992.34,North,Delhi,Credit Card
ORD06381,2025-03-03,CUST1862,Clothing,Dress,2,98632,0.19,4741.06,South,Bangalore,Credit Card
ORD06382,2025-03-10,CUST0106,Books,Novel,1,7617,0.03,1237.83,East,Kolkata,Cash on Delivery
ORD06383,2025-08-02,CUST1334,Books,Novel,3,20712,0.09,2254.0,West,Ahmedabad,Credit Card
ORD06384,2025-04-10,CUST1568,Beauty,Shampoo,3,137211,0.07,23214.47,West,Mumbai,Cash on Delivery
ORD06385,2025-05-15,CUST0877,Furniture,Sofa,3,48567,0.26,4323.7,East,Kolkata,Credit Card
ORD06386,2025-06-07,CUST1603,Clothing,Jeans,4,103448,0.01,17642.12,East,Bhubaneswar,Net Banking
ORD06387,2025-07-08,CUST0208,Electronics,Laptop,1,40246,0.07,6025.16,South,Bangalore,Debit Card
ORD06388,2025-07-25,CUST0687,Electronics,Headphones,1,20870,0.29,3696.48,East,Kolkata,Cash on Delivery
ORD06389,2025-06-10,CUST1856,Electronics,Headphones,3,54747,0.2,7423.97,West,Ahmedabad,Cash on Delivery
ORD06390,2025-03-24,CUST0504,Books,Magazine,3,85728,0.27,12679.53,West,Pune,Debit Card
ORD06391,2025-05-31,CUST0052,Electronics,Laptop,3,27747,0.05,1456.62,North,Lucknow,UPI
ORD06392,2025-01-12,CUST0202,Furniture,Sofa,2,78800,0.22,6396.15,West,Pune,Credit Card
ORD06393,2025-04-06,CUST0051,Electronics,Mobile Phone,1,39303,0.09,3617.78,South,Chennai,Net Banking
ORD06394,2025-09-20,CUST0973,Clothing,Dress,5,181920,0.2,20759.94,North,Lucknow,Credit Card
ORD06395,2025-04-26,CUST0646,Furniture,Sofa,2,28252,0.01,5330.3,South,Bangalore,Cash on Delivery
ORD06396,2025-09-12,CUST1053,Electronics,Smart Watch,1,33342,0.13,2924.3,West,Ahmedabad,Net Banking
ORD06397,2025-06-13,CUST0663,Furniture,Chair,3,106392,0.1,9514.97,East,Kolkata,Net Banking
ORD06398,2025-01-28,CUST0592,Books,Textbook,3,22215,0.29,1571.41,North,Jaipur,Credit Card
ORD06399,2025-10-13,CUST1550,Books,Magazine,2,1298,0.3,138.59,South,Bangalore,Cash on Delivery
ORD06400,2025-12-20,CUST0103,Electronics,Mobile Phone,1,20056,0.09,1475.44,East,Patna,Net Banking
ORD06401,2025-02-21,CUST0669,Beauty,Face Cream,3,139032,0.15,22049.6,South,Bangalore,Debit Card
ORD06402,2025-06-27,CUST0014,Electronics,Laptop,5,113830,0.16,11135.94,West,Mumbai,Debit Card
ORD06403,2025-08-31,CUST0842,Clothing,Shoes,4,14036,0.25,2464.3,East,Kolkata,Net Banking
ORD06404,2025-09-27,CUST0486,Electronics,Headphones,2,42004,0.02,2863.12,West,Ahmedabad,Debit Card
ORD06405,2025-01-28,CUST0255,Furniture,Sofa,3,72825,0.08,9920.89,South,Bangalore,Debit Card
ORD06406,2025-04-26,CUST0613,Clothing,Dress,2,57074,0.17,5976.48,North,Delhi,UPI
ORD06407,2025-01-22,CUST1287,Clothing,T-Shirt,3,69492,0.09,10378.37,North,Delhi,Debit Card
ORD06408,2025-11-14,CUST0867,Beauty,Shampoo,2,41156,0.19,3086.66,West,Pune,Cash on Delivery
ORD06409,2025-06-15,CUST1010,Beauty,Face Cream,1,27714,0.11,1498.99,East,Patna,Cash on Delivery
ORD06410,2025-04-06,CUST1650,Clothing,T-Shirt,3,126861,0.09,15383.34,East,Bhubaneswar,Credit Card
ORD06411,2025-03-05,CUST0241,Clothing,T-Shirt,2,90928,0.02,5290.52,South,Chennai,UPI
ORD06412,2025-09-13,CUST1603,Clothing,Shoes,5,11050,0.27,1931.36,West,Mumbai,Net Banking
ORD06413,2025-07-17,CUST1929,Books,Novel,4,4844,0.21,509.96,West,Ahmedabad,Cash on Delivery
ORD06414,2025-04-20,CUST0462,Books,Textbook,1,28912,0.1,4410.05,South,Chennai,Net Banking
ORD06415,2025-05-18,CUST0112,Electronics,Smart Watch,3,120714,0.22,6743.18,West,Mumbai,Debit Card
ORD06416,2025-09-02,CUST1345,Furniture,Chair,4,164964,0.15,21626.48,South,Bangalore,Credit Card
ORD06417,2025-07-08,CUST1478,Books,Textbook,3,43704,0.26,2767.97,South,Hyderabad,Net Banking
ORD06418,2025-01-10,CUST0073,Electronics,Laptop,3,103971,0.08,12687.64,East,Kolkata,Credit Card
ORD06419,2025-07-14,CUST1345,Clothing,Jeans,1,7817,0.27,979.58,North,Delhi,Net Banking
ORD06420,2025-07-06,CUST0725,Beauty,Shampoo,2,67518,0.11,11292.77,North,Jaipur,UPI
ORD06421,2025-02-16,CUST0617,Furniture,Sofa,4,179324,0.28,30616.15,North,Lucknow,Credit Card
ORD06422,2025-12-28,CUST0007,Beauty,Perfume,3,46053,0.12,5896.43,South,Bangalore,Debit Card
ORD06423,2025-07-21,CUST1830,Electronics,Laptop,1,3996,0.19,277.5,North,Lucknow,Debit Card
ORD06424,2025-09-27,CUST1214,Books,Novel,5,158660,0.08,35131.37,South,Bangalore,Debit Card
ORD06425,2025-08-15,CUST1001,Beauty,Face Wash,2,65442,0.1,5475.1,South,Bangalore,Net Banking
ORD06426,2025-07-17,CUST0459,Electronics,Laptop,4,47848,0.3,4421.74,East,Kolkata,Credit Card
ORD06427,2025-01-31,CUST0052,Beauty,Face Cream,3,108978,0.17,5864.61,East,Kolkata,UPI
ORD06428,2025-07-12,CUST1622,Electronics,Smart Watch,1,5235,0.24,556.4,East,Kolkata,UPI
ORD06429,2025-08-30,CUST0606,Beauty,Perfume,5,123890,0.29,12681.61,South,Bangalore,Debit Card
ORD06430,2025-09-05,CUST1993,Electronics,Laptop,5,104290,0.15,7528.72,South,Hyderabad,Credit Card
ORD06431,2025-05-28,CUST1762,Beauty,Face Wash,5,86450,0.02,16801.91,South,Chennai,Cash on Delivery
ORD06432,2025-09-26,CUST1994,Books,Novel,4,31020,0.13,4752.93,South,Bangalore,Debit Card
ORD06433,2025-08-20,CUST1802,Books,Novel,2,91432,0.16,16308.98,South,Bangalore,Net Banking
ORD06434,2025-04-19,CUST0401,Furniture,Sofa,3,2124,0.18,170.42,East,Bhubaneswar,UPI
ORD06435,2025-10-31,CUST1120,Books,Magazine,5,55425,0.21,9555.45,North,Delhi,Debit Card
ORD06436,2025-06-06,CUST1863,Clothing,Shoes,5,148580,0.19,11585.68,North,Jaipur,Debit Card
ORD06437,2025-06-23,CUST1163,Beauty,Face Cream,3,96057,0.08,12081.07,East,Bhubaneswar,UPI
ORD06438,2025-02-07,CUST1770,Clothing,T-Shirt,1,24901,0.04,1986.06,North,Delhi,Net Banking
ORD06439,2025-10-15,CUST1079,Electronics,Headphones,5,26175,0.05,3360.14,East,Patna,Cash on Delivery
ORD06440,2025-05-07,CUST1345,Beauty,Shampoo,2,32086,0.28,1622.31,South,Chennai,Net Banking
ORD06441,2025-08-19,CUST0040,Furniture,Chair,3,114621,0.2,9833.02,South,Bangalore,Credit Card
ORD06442,2025-12-01,CUST0440,Electronics,Mobile Phone,1,4165,0.25,668.51,West,Ahmedabad,Credit Card
ORD06443,2025-05-23,CUST0370,Furniture,Bookshelf,2,8424,0.15,776.95,North,Jaipur,Credit Card
ORD06444,2025-07-11,CUST1769,Beauty,Face Wash,3,135315,0.08,26915.25,West,Pune,UPI
ORD06445,2025-09-17,CUST0933,Beauty,Face Cream,1,27138,0.1,6028.79,South,Chennai,Cash on Delivery
ORD06446,2025-06-30,CUST0688,Furniture,Bookshelf,5,26600,0.13,5469.35,North,Jaipur,UPI
ORD06447,2025-02-28,CUST0984,Beauty,Face Cream,2,11032,0.23,1162.36,West,Pune,UPI
ORD06448,2025-05-26,CUST0678,Furniture,Bookshelf,2,80602,0.29,11960.96,South,Chennai,Credit Card
ORD06449,2025-02-20,CUST1121,Electronics,Mobile Phone,4,75936,0.24,13028.68,East,Kolkata,UPI
ORD06450,2025-01-07,CUST1362,Furniture,Table,5,109045,0.22,13059.84,North,Delhi,Net Banking
ORD06451,2025-10-30,CUST0077,Furniture,Chair,5,132875,0.21,19861.79,North,Jaipur,Net Banking
ORD06452,2025-10-12,CUST1812,Beauty,Perfume,5,230375,0.02,15835.47,East,Patna,Cash on Delivery
ORD06453,2025-03-03,CUST0865,Electronics,Mobile Phone,4,70396,0.21,13131.0,North,Jaipur,Cash on Delivery
ORD06454,2025-08-09,CUST0882,Electronics,Mobile Phone,4,14876,0.2,1846.91,East,Bhubaneswar,Cash on Delivery
ORD06455,2025-10-13,CUST1908,Books,Textbook,4,146288,0.05,12543.95,North,Lucknow,Debit Card
ORD06456,2025-05-28,CUST1912,Clothing,Dress,3,13365,0.02,2911.1,West,Ahmedabad,UPI
ORD06457,2025-10-11,CUST1313,Furniture,Sofa,5,185200,0.1,11857.14,West,Ahmedabad,UPI
ORD06458,2025-10-14,CUST1587,Electronics,Mobile Phone,4,54348,0.08,12382.99,West,Ahmedabad,Debit Card
ORD06459,2025-07-14,CUST1171,Electronics,Headphones,4,100172,0.14,6032.59,West,Pune,Debit Card
ORD06460,2025-04-05,CUST1406,Furniture,Sofa,1,13659,0.23,1130.05,South,Chennai,Cash on Delivery
ORD06461,2025-11-22,CUST1299,Books,Comics,5,115250,0.14,24097.56,West,Ahmedabad,Net Banking
ORD06462,2025-02-03,CUST1282,Furniture,Bookshelf,1,28184,0.16,2567.64,North,Delhi,Credit Card
ORD06463,2025-10-02,CUST1258,Clothing,Dress,2,69048,0.23,11256.01,North,Delhi,Credit Card
ORD06464,2025-01-02,CUST1176,Electronics,Smart Watch,4,104880,0.28,4551.01,North,Jaipur,Cash on Delivery
ORD06465,2025-12-31,CUST0732,Clothing,Shoes,2,20742,0.1,4477.44,South,Hyderabad,Credit Card
ORD06466,2025-04-13,CUST0372,Beauty,Perfume,1,47965,0.17,8809.84,South,Chennai,Cash on Delivery
ORD06467,2025-10-25,CUST1327,Clothing,Shoes,4,106044,0.14,22255.23,South,Chennai,UPI
ORD06468,2025-05-11,CUST0767,Furniture,Bookshelf,2,60874,0.1,5388.26,South,Chennai,UPI
ORD06469,2025-09-22,CUST0252,Books,Comics,4,148988,0.25,18184.02,North,Lucknow,Cash on Delivery
ORD06470,2025-11-14,CUST1567,Electronics,Headphones,2,77524,0.09,9819.35,West,Pune,UPI
ORD06471,2025-01-15,CUST0074,Books,Novel,4,183868,0.18,31075.99,West,Mumbai,Debit Card
ORD06472,2025-04-20,CUST1185,Beauty,Face Cream,5,178670,0.17,12419.84,North,Delhi,Cash on Delivery
ORD06473,2025-12-08,CUST0345,Books,Magazine,4,126804,0.01,8011.5,North,Lucknow,Debit Card
ORD06474,2025-10-21,CUST0445,Clothing,Dress,1,3411,0.28,184.85,East,Kolkata,Credit Card
ORD06475,2025-01-19,CUST1206,Electronics,Laptop,4,173212,0.26,27349.18,South,Bangalore,Credit Card
ORD06476,2025-09-21,CUST1750,Furniture,Table,1,39115,0.15,2379.61,South,Bangalore,UPI
ORD06477,2025-10-05,CUST1603,Books,Novel,2,4844,0.27,250.81,South,Bangalore,Net Banking
ORD06478,2025-10-09,CUST0271,Clothing,T-Shirt,3,69381,0.01,15302.41,East,Patna,Cash on Delivery
ORD06479,2025-10-10,CUST1393,Furniture,Bookshelf,1,39488,0.29,2972.66,East,Patna,Debit Card
ORD06480,2025-07-24,CUST1988,Beauty,Perfume,2,23376,0.06,4574.42,East,Patna,Debit Card
ORD06481,2025-12-23,CUST1728,Clothing,Dress,4,75048,0.29,3661.58,North,Jaipur,Cash on Delivery
ORD06482,2025-01-28,CUST1982,Furniture,Chair,5,181035,0.27,14495.76,West,Pune,Cash on Delivery
ORD06483,2025-01-20,CUST1660,Beauty,Shampoo,3,6510,0.03,862.54,South,Bangalore,UPI
ORD06484,2025-07-23,CUST0366,Clothing,Dress,1,7134,0.21,341.28,North,Lucknow,UPI
ORD06485,2025-04-03,CUST1498,Electronics,Mobile Phone,2,13104,0.11,1215.81,South,Bangalore,UPI
ORD06486,2025-10-30,CUST0268,Clothing,T-Shirt,1,20947,0.02,1169.17,West,Mumbai,Debit Card
ORD06487,2025-12-07,CUST0705,Furniture,Chair,3,148374,0.27,11851.57,South,Hyderabad,Cash on Delivery
ORD06488,2025-09-09,CUST0355,Books,Magazine,5,131545,0.22,19658.8,East,Kolkata,Debit Card
ORD06489,2025-09-09,CUST0076,Beauty,Face Cream,2,9950,0.16,1346.66,West,Ahmedabad,Cash on Delivery
ORD06490,2025-05-28,CUST1499,Electronics,Headphones,2,3270,0.06,326.84,East,Bhubaneswar,Debit Card
ORD06491,2025-03-17,CUST1747,Beauty,Shampoo,4,180192,0.14,16475.0,North,Lucknow,UPI
ORD06492,2025-02-09,CUST1769,Furniture,Chair,3,6363,0.14,884.63,North,Delhi,Credit Card
ORD06493,2025-09-23,CUST1664,Beauty,Perfume,2,78724,0.0,4838.46,East,Patna,Credit Card
ORD06494,2025-06-02,CUST1003,Books,Textbook,1,49435,0.07,4735.37,South,Bangalore,UPI
ORD06495,2025-02-19,CUST0863,Beauty,Face Wash,2,42230,0.21,6995.09,South,Chennai,Debit Card
ORD06496,2025-05-17,CUST0455,Electronics,Laptop,5,120480,0.25,9281.88,East,Patna,Debit Card
ORD06497,2025-09-14,CUST0087,Furniture,Bookshelf,4,59200,0.18,3199.03,East,Bhubaneswar,UPI
ORD06498,2025-11-22,CUST1185,Clothing,T-Shirt,2,47382,0.28,5076.91,West,Mumbai,Net Banking
ORD06499,2025-12-04,CUST0865,Beauty,Face Wash,4,122736,0.11,11585.85,West,Pune,Cash on Delivery
ORD06500,2025-09-19,CUST0212,Beauty,Perfume,5,236600,0.03,25369.9,West,Pune,Cash on Delivery
ORD06501,2025-08-05,CUST1437,Books,Textbook,2,40550,0.23,2569.11,North,Delhi,Debit Card
ORD06502,2025-03-10,CUST0246,Furniture,Chair,3,143343,0.3,18887.67,South,Hyderabad,Debit Card
ORD06503,2025-11-14,CUST0088,Beauty,Shampoo,3,113997,0.15,10956.94,North,Delhi,UPI
ORD06504,2025-01-30,CUST0661,Furniture,Sofa,3,16353,0.23,1637.75,South,Bangalore,Net Banking
ORD06505,2025-01-17,CUST0075,Electronics,Smart Watch,3,41706,0.19,5585.2,West,Pune,Debit Card
ORD06506,2025-10-30,CUST0680,Beauty,Face Cream,1,36081,0.01,4343.03,East,Kolkata,UPI
ORD06507,2025-01-20,CUST0258,Clothing,Dress,1,14228,0.27,2549.07,East,Bhubaneswar,Net Banking
ORD06508,2025-06-14,CUST0006,Furniture,Chair,1,44099,0.2,4110.8,South,Hyderabad,Credit Card
ORD06509,2025-07-08,CUST1169,Electronics,Smart Watch,3,114225,0.11,17571.28,North,Jaipur,Credit Card
ORD06510,2025-04-21,CUST0777,Furniture,Sofa,4,104608,0.1,21828.44,West,Mumbai,UPI
ORD06511,2025-12-10,CUST0510,Electronics,Laptop,4,2072,0.06,310.82,North,Lucknow,Credit Card
ORD06512,2025-12-29,CUST1275,Furniture,Chair,1,19305,0.08,3823.91,South,Bangalore,UPI
ORD06513,2025-10-07,CUST0248,Beauty,Face Cream,4,90584,0.02,19252.24,North,Lucknow,UPI
ORD06514,2025-05-01,CUST0980,Electronics,Headphones,4,48592,0.11,3184.84,West,Ahmedabad,UPI
ORD06515,2025-07-05,CUST0668,Clothing,T-Shirt,5,86850,0.11,17234.47,East,Kolkata,Net Banking
ORD06516,2025-04-14,CUST1646,Books,Magazine,1,13530,0.2,869.85,West,Mumbai,UPI
ORD06517,2025-11-06,CUST0228,Clothing,Dress,4,101500,0.21,6064.19,South,Bangalore,Credit Card
ORD06518,2025-01-08,CUST1563,Beauty,Face Cream,2,78656,0.08,16065.49,North,Jaipur,Cash on Delivery
ORD06519,2025-10-11,CUST0564,Electronics,Laptop,1,46083,0.04,5248.68,East,Bhubaneswar,Net Banking
ORD06520,2025-02-01,CUST0058,Books,Textbook,3,44727,0.19,4895.68,East,Bhubaneswar,Cash on Delivery
ORD06521,2025-05-06,CUST1951,Furniture,Sofa,2,49426,0.07,11130.27,South,Hyderabad,Cash on Delivery
ORD06522,2025-08-18,CUST1359,Books,Textbook,3,23334,0.15,3663.86,North,Jaipur,Debit Card
ORD06523,2025-08-07,CUST1144,Beauty,Face Wash,3,52797,0.15,4386.85,South,Bangalore,Cash on Delivery
ORD06524,2025-06-23,CUST0010,Electronics,Smart Watch,3,103968,0.15,4456.27,South,Hyderabad,Cash on Delivery
ORD06525,2025-09-28,CUST0643,Clothing,T-Shirt,2,75136,0.08,12895.24,North,Jaipur,Cash on Delivery
ORD06526,2025-11-05,CUST1517,Clothing,Shoes,4,52796,0.03,12009.54,West,Pune,Cash on Delivery
ORD06527,2025-01-12,CUST0242,Clothing,Shoes,5,191685,0.14,18388.69,South,Chennai,UPI
ORD06528,2025-11-13,CUST0466,Clothing,T-Shirt,3,121017,0.25,18016.1,East,Kolkata,Net Banking
ORD06529,2025-09-30,CUST1817,Furniture,Chair,5,246720,0.23,44104.76,West,Mumbai,Net Banking
ORD06530,2025-10-12,CUST1348,Electronics,Headphones,5,127650,0.0,7754.99,West,Pune,Cash on Delivery
ORD06531,2025-05-03,CUST0691,Furniture,Table,1,25705,0.08,1554.48,West,Pune,Cash on Delivery
ORD06532,2025-01-23,CUST0832,Books,Comics,3,27192,0.07,2908.74,South,Bangalore,Net Banking
ORD06533,2025-11-15,CUST0798,Books,Textbook,2,78402,0.24,10920.98,South,Hyderabad,UPI
ORD06534,2025-11-03,CUST0282,Beauty,Face Cream,5,233010,0.04,38930.32,West,Mumbai,Net Banking
ORD06535,2025-12-15,CUST1454,Furniture,Bookshelf,3,51915,0.24,5284.09,West,Pune,UPI
ORD06536,2025-11-02,CUST1797,Clothing,T-Shirt,4,96524,0.17,11613.73,West,Ahmedabad,Debit Card
ORD06537,2025-09-24,CUST1709,Books,Novel,4,79288,0.1,16547.08,South,Hyderabad,Credit Card
ORD06538,2025-11-16,CUST1535,Beauty,Perfume,3,120306,0.02,20846.03,North,Lucknow,Net Banking
ORD06539,2025-10-24,CUST0198,Furniture,Sofa,3,62490,0.2,7206.1,South,Bangalore,UPI
ORD06540,2025-10-12,CUST0363,Books,Textbook,1,17262,0.13,2844.17,East,Kolkata,Credit Card
ORD06541,2025-12-16,CUST1357,Electronics,Mobile Phone,2,47252,0.15,6394.39,North,Jaipur,Net Banking
ORD06542,2025-05-16,CUST0740,Furniture,Table,1,42385,0.24,7062.01,South,Bangalore,Debit Card
ORD06543,2025-11-22,CUST1694,Books,Novel,5,187775,0.11,13743.24,South,Hyderabad,Cash on Delivery
ORD06544,2025-06-25,CUST0255,Furniture,Table,4,198732,0.22,14854.99,West,Pune,Net Banking
ORD06545,2025-08-21,CUST1564,Clothing,Shoes,4,13068,0.21,914.36,North,Jaipur,UPI
ORD06546,2025-01-04,CUST1901,Clothing,Dress,5,63185,0.03,14788.61,North,Jaipur,Credit Card
ORD06547,2025-12-16,CUST1964,Furniture,Sofa,4,164304,0.2,8753.15,South,Hyderabad,Cash on Delivery
ORD06548,2025-08-27,CUST0356,Clothing,Dress,3,7653,0.11,1030.43,East,Kolkata,Credit Card
ORD06549,2025-09-05,CUST1612,Furniture,Sofa,2,23216,0.18,3279.67,East,Bhubaneswar,UPI
ORD06550,2025-03-11,CUST0324,Clothing,Dress,5,107245,0.27,17099.1,East,Bhubaneswar,UPI
ORD06551,2025-12-19,CUST1804,Furniture,Table,5,38750,0.06,5492.66,West,Mumbai,Net Banking
ORD06552,2025-01-15,CUST1729,Beauty,Perfume,3,134436,0.26,9663.79,South,Chennai,Cash on Delivery
ORD06553,2025-07-01,CUST1980,Clothing,Jeans,1,41552,0.02,2732.46,South,Chennai,Debit Card
ORD06554,2025-07-31,CUST0259,Beauty,Perfume,5,125115,0.19,7487.23,South,Chennai,UPI
ORD06555,2025-09-09,CUST0105,Furniture,Bookshelf,5,244665,0.11,32524.38,West,Pune,Credit Card
ORD06556,2025-03-07,CUST0791,Electronics,Smart Watch,2,68700,0.13,11424.35,West,Pune,Net Banking
ORD06557,2025-04-26,CUST1981,Beauty,Shampoo,5,86990,0.27,3427.36,West,Pune,UPI
ORD06558,2025-08-29,CUST0800,Books,Magazine,3,37377,0.06,5370.21,East,Patna,UPI
ORD06559,2025-02-16,CUST0001,Beauty,Face Cream,4,17188,0.0,3876.23,West,Pune,Debit Card
ORD06560,2025-10-29,CUST0552,Books,Comics,2,49892,0.03,3256.17,West,Mumbai,Net Banking
ORD06561,2025-12-05,CUST0529,Beauty,Face Wash,1,40072,0.14,4667.8,East,Kolkata,UPI
ORD06562,2025-02-24,CUST0199,Beauty,Shampoo,3,46473,0.24,8604.85,South,Hyderabad,Debit Card
ORD06563,2025-12-14,CUST1490,Furniture,Table,1,9509,0.28,1109.32,South,Bangalore,Credit Card
ORD06564,2025-09-21,CUST1996,Electronics,Laptop,1,8005,0.07,417.02,East,Patna,Credit Card
ORD06565,2025-12-18,CUST1719,Books,Textbook,1,28917,0.19,2685.58,South,Chennai,UPI
ORD06566,2025-10-09,CUST1157,Furniture,Chair,3,65871,0.24,3051.51,South,Chennai,Cash on Delivery
ORD06567,2025-07-16,CUST1655,Electronics,Mobile Phone,2,64994,0.26,9785.3,North,Lucknow,Cash on Delivery
ORD06568,2025-01-31,CUST1458,Electronics,Laptop,4,15892,0.28,2212.71,West,Mumbai,Cash on Delivery
ORD06569,2025-05-22,CUST0046,Furniture,Sofa,1,35915,0.07,5355.31,East,Kolkata,UPI
ORD06570,2025-10-17,CUST1819,Furniture,Table,5,9145,0.08,1955.67,North,Jaipur,Credit Card
ORD06571,2025-02-25,CUST0719,Furniture,Chair,2,97818,0.04,10156.3,North,Jaipur,Debit Card
ORD06572,2025-05-31,CUST1800,Clothing,Jeans,1,4872,0.07,462.62,East,Patna,Net Banking
ORD06573,2025-07-09,CUST1105,Electronics,Smart Watch,5,188070,0.04,38707.14,West,Ahmedabad,Credit Card
ORD06574,2025-11-12,CUST0840,Furniture,Chair,5,69560,0.25,10184.65,West,Mumbai,Net Banking
ORD06575,2025-09-19,CUST1289,Books,Textbook,4,162112,0.08,29989.94,West,Mumbai,Debit Card
ORD06576,2025-08-08,CUST0677,Beauty,Shampoo,5,125315,0.15,19511.64,South,Chennai,Net Banking
ORD06577,2025-11-08,CUST0523,Electronics,Smart Watch,3,51981,0.25,9587.28,South,Hyderabad,Net Banking
ORD06578,2025-09-15,CUST0538,Clothing,T-Shirt,5,103730,0.1,20679.87,West,Ahmedabad,Debit Card
ORD06579,2025-06-08,CUST1343,Books,Novel,1,31977,0.24,3520.43,South,Chennai,Cash on Delivery
ORD06580,2025-09-17,CUST0512,Furniture,Sofa,4,5432,0.25,1017.31,South,Hyderabad,Cash on Delivery
ORD06581,2025-12-22,CUST1328,Beauty,Shampoo,1,36337,0.21,4533.76,North,Lucknow,Credit Card
ORD06582,2025-11-26,CUST0549,Beauty,Shampoo,1,19170,0.14,2501.43,North,Delhi,Debit Card
ORD06583,2025-12-22,CUST0132,Furniture,Table,2,46758,0.12,3159.05,East,Kolkata,Net Banking
ORD06584,2025-03-09,CUST0824,Furniture,Sofa,5,91800,0.11,15298.99,North,Delhi,Debit Card
ORD06585,2025-03-30,CUST1394,Books,Comics,3,71628,0.03,14667.47,North,Jaipur,UPI
ORD06586,2025-05-03,CUST0938,Electronics,Laptop,4,80216,0.22,4465.03,West,Ahmedabad,Cash on Delivery
ORD06587,2025-10-24,CUST1976,Clothing,Jeans,3,65580,0.28,6417.96,South,Hyderabad,Credit Card
ORD06588,2025-09-10,CUST0412,Electronics,Headphones,3,106938,0.17,17258.8,South,Bangalore,Credit Card
ORD06589,2025-08-30,CUST0925,Beauty,Perfume,5,239170,0.01,33032.53,North,Lucknow,Credit Card
ORD06590,2025-12-04,CUST0653,Electronics,Laptop,3,137226,0.24,21537.27,North,Delhi,Net Banking
ORD06591,2025-02-04,CUST1282,Clothing,Jeans,3,23973,0.21,2261.09,East,Patna,Debit Card
ORD06592,2025-08-31,CUST0276,Books,Textbook,1,32932,0.08,6484.24,North,Lucknow,Credit Card
ORD06593,2025-01-25,CUST0900,Books,Magazine,5,167935,0.04,32454.88,North,Delhi,Cash on Delivery
ORD06594,2025-01-24,CUST0516,Electronics,Headphones,5,218205,0.19,33013.36,East,Bhubaneswar,Credit Card
ORD06595,2025-05-08,CUST0269,Furniture,Chair,4,157508,0.21,16337.13,West,Pune,Debit Card
ORD06596,2025-04-20,CUST1952,Furniture,Bookshelf,4,3984,0.05,669.33,West,Mumbai,Cash on Delivery
ORD06597,2025-08-12,CUST0369,Clothing,Jeans,4,32608,0.29,1694.09,North,Jaipur,Net Banking
ORD06598,2025-01-31,CUST1339,Beauty,Perfume,2,35748,0.05,5527.27,South,Bangalore,Debit Card
ORD06599,2025-12-02,CUST1291,Clothing,Shoes,3,58632,0.12,2610.65,East,Patna,Cash on Delivery
ORD06600,2025-04-28,CUST0387,Books,Textbook,1,41361,0.02,8737.34,South,Chennai,UPI
ORD06601,2025-12-20,CUST1090,Furniture,Table,4,160596,0.1,13303.68,South,Chennai,Debit Card
ORD06602,2025-01-13,CUST1755,Beauty,Face Wash,1,19060,0.09,1451.26,East,Patna,Debit Card
ORD06603,2025-07-17,CUST1573,Furniture,Sofa,1,28339,0.22,4271.45,West,Mumbai,Debit Card
ORD06604,2025-05-12,CUST2000,Electronics,Mobile Phone,1,14967,0.07,2327.85,North,Delhi,Cash on Delivery
ORD06605,2025-01-11,CUST0768,Furniture,Chair,1,28397,0.24,3984.14,North,Delhi,Net Banking
ORD06606,2025-10-25,CUST0199,Electronics,Headphones,1,49825,0.04,7740.79,West,Ahmedabad,Cash on Delivery
ORD06607,2025-05-01,CUST0037,Electronics,Laptop,3,31062,0.29,3208.29,West,Mumbai,Net Banking
ORD06608,2025-07-20,CUST1907,Beauty,Perfume,4,158912,0.13,34376.02,South,Chennai,Cash on Delivery
ORD06609,2025-01-19,CUST0092,Clothing,Dress,4,18264,0.03,2036.44,East,Patna,Net Banking
ORD06610,2025-02-04,CUST0895,Furniture,Table,1,47155,0.09,5482.99,East,Patna,Cash on Delivery
ORD06611,2025-06-13,CUST0291,Books,Comics,4,19080,0.22,3586.71,North,Delhi,Cash on Delivery
ORD06612,2025-09-16,CUST0493,Electronics,Mobile Phone,4,125292,0.02,20506.2,North,Lucknow,Cash on Delivery
ORD06613,2025-05-13,CUST0948,Clothing,T-Shirt,3,107919,0.2,9755.07,North,Jaipur,UPI
ORD06614,2025-07-28,CUST0428,Clothing,Jeans,3,110406,0.03,17885.14,South,Hyderabad,Debit Card
ORD06615,2025-07-16,CUST1800,Books,Novel,1,20403,0.2,3952.36,South,Chennai,Credit Card
ORD06616,2025-11-05,CUST1768,Furniture,Bookshelf,3,49815,0.29,6320.38,North,Lucknow,Credit Card
ORD06617,2025-01-02,CUST0575,Electronics,Headphones,4,183636,0.11,38184.66,North,Lucknow,Cash on Delivery
ORD06618,2025-12-26,CUST0134,Beauty,Shampoo,1,28992,0.29,4781.3,North,Delhi,Net Banking
ORD06619,2025-12-23,CUST1110,Furniture,Sofa,5,203160,0.06,15220.92,West,Mumbai,Cash on Delivery
ORD06620,2025-10-11,CUST0147,Furniture,Chair,1,20091,0.11,3290.43,West,Pune,Net Banking
ORD06621,2025-11-27,CUST0154,Beauty,Face Wash,4,80856,0.23,5638.2,North,Delhi,Credit Card
ORD06622,2025-11-05,CUST1386,Furniture,Sofa,4,27560,0.29,4578.97,East,Kolkata,UPI
ORD06623,2025-11-17,CUST1280,Clothing,Dress,2,9750,0.05,1934.52,North,Jaipur,Credit Card
ORD06624,2025-11-29,CUST0328,Clothing,Shoes,1,45252,0.12,8334.54,South,Chennai,Net Banking
ORD06625,2025-08-12,CUST1946,Books,Magazine,2,62346,0.22,6921.21,East,Bhubaneswar,Debit Card
ORD06626,2025-06-22,CUST1248,Electronics,Laptop,2,5124,0.14,1073.84,East,Bhubaneswar,Debit Card
ORD06627,2025-05-02,CUST1927,Electronics,Smart Watch,3,116397,0.09,6982.61,West,Pune,UPI
ORD06628,2025-06-15,CUST0595,Books,Textbook,2,94596,0.28,14613.8,East,Bhubaneswar,Net Banking
ORD06629,2025-07-20,CUST1509,Furniture,Chair,3,15477,0.08,3254.17,South,Hyderabad,Credit Card
ORD06630,2025-12-01,CUST0438,Clothing,Dress,4,30452,0.07,5576.42,East,Patna,UPI
ORD06631,2025-12-25,CUST0500,Furniture,Bookshelf,2,15140,0.02,2733.32,North,Lucknow,Cash on Delivery
ORD06632,2025-03-05,CUST1936,Clothing,Jeans,5,20230,0.15,3413.19,West,Pune,Credit Card
ORD06633,2025-10-21,CUST1125,Furniture,Chair,1,5519,0.03,894.89,South,Chennai,Credit Card
ORD06634,2025-04-07,CUST1058,Electronics,Mobile Phone,2,7122,0.18,1253.34,South,Chennai,Net Banking
ORD06635,2025-12-03,CUST1884,Electronics,Mobile Phone,1,33933,0.05,5246.8,North,Delhi,Net Banking
ORD06636,2025-09-23,CUST0864,Electronics,Laptop,2,42654,0.28,5492.94,East,Kolkata,Credit Card
ORD06637,2025-08-20,CUST0996,Books,Comics,5,5240,0.11,739.41,East,Patna,Net Banking
ORD06638,2025-05-26,CUST0858,Beauty,Shampoo,5,164680,0.17,11710.84,West,Pune,Debit Card
ORD06639,2025-07-15,CUST0557,Furniture,Chair,3,114525,0.16,23762.04,South,Hyderabad,Net Banking
ORD06640,2025-09-06,CUST1859,Furniture,Sofa,4,9672,0.26,1183.55,South,Hyderabad,Debit Card
ORD06641,2025-06-04,CUST0950,Furniture,Chair,3,110502,0.17,5264.07,South,Hyderabad,Cash on Delivery
ORD06642,2025-07-20,CUST0732,Books,Comics,5,249695,0.03,55491.83,West,Mumbai,Net Banking
ORD06643,2025-05-10,CUST1818,Beauty,Perfume,1,16652,0.25,1970.2,North,Jaipur,Debit Card
ORD06644,2025-11-30,CUST1548,Furniture,Table,4,150552,0.25,24678.49,South,Bangalore,Credit Card
ORD06645,2025-02-06,CUST0147,Beauty,Face Cream,3,135660,0.13,17864.08,South,Bangalore,Cash on Delivery
ORD06646,2025-09-23,CUST1367,Furniture,Bookshelf,3,61641,0.2,6302.05,West,Mumbai,Debit Card
ORD06647,2025-02-19,CUST0526,Books,Novel,1,3720,0.15,401.03,East,Bhubaneswar,UPI
ORD06648,2025-06-29,CUST1068,Clothing,Jeans,3,117360,0.13,12804.02,South,Hyderabad,Debit Card
ORD06649,2025-04-20,CUST0891,Furniture,Chair,3,6000,0.18,542.08,South,Hyderabad,UPI
ORD06650,2025-08-14,CUST1532,Furniture,Table,1,35439,0.03,3672.86,West,Ahmedabad,Debit Card
ORD06651,2025-11-22,CUST0075,Beauty,Perfume,2,57836,0.18,8814.1,South,Bangalore,Net Banking
ORD06652,2025-12-25,CUST1763,Books,Magazine,1,14967,0.13,3167.18,South,Hyderabad,UPI
ORD06653,2025-01-04,CUST1161,Beauty,Perfume,4,67740,0.06,6971.76,East,Bhubaneswar,Cash on Delivery
ORD06654,2025-04-13,CUST0424,Electronics,Headphones,1,7722,0.21,1125.06,East,Bhubaneswar,Credit Card
ORD06655,2025-08-05,CUST1425,Furniture,Chair,2,90690,0.15,8305.68,North,Jaipur,Credit Card
ORD06656,2025-03-05,CUST1693,Electronics,Headphones,3,5478,0.23,540.94,South,Hyderabad,UPI
ORD06657,2025-02-12,CUST0095,Electronics,Headphones,4,56412,0.27,3772.42,East,Kolkata,Cash on Delivery
ORD06658,2025-01-17,CUST0762,Books,Textbook,5,227805,0.16,25595.77,West,Pune,Debit Card
ORD06659,2025-08-29,CUST0338,Clothing,T-Shirt,5,139965,0.12,18739.52,North,Delhi,Cash on Delivery
ORD06660,2025-08-14,CUST1481,Clothing,Dress,5,181320,0.03,28676.4,North,Delhi,Debit Card
ORD06661,2025-02-22,CUST1587,Electronics,Laptop,1,42884,0.11,8790.77,South,Bangalore,Credit Card
ORD06662,2025-12-24,CUST0449,Electronics,Headphones,5,186115,0.23,20547.18,South,Hyderabad,Debit Card
ORD06663,2025-12-21,CUST1652,Clothing,Dress,3,89322,0.22,10896.51,West,Mumbai,Net Banking
ORD06664,2025-08-24,CUST0228,Beauty,Face Cream,4,62524,0.25,5022.76,East,Bhubaneswar,Debit Card
ORD06665,2025-12-19,CUST1333,Beauty,Face Cream,4,158096,0.28,8512.76,West,Pune,Net Banking
ORD06666,2025-02-22,CUST1401,Books,Novel,2,33474,0.06,4362.53,West,Mumbai,Credit Card
ORD06667,2025-10-30,CUST0926,Electronics,Headphones,2,29760,0.13,4345.11,East,Bhubaneswar,Cash on Delivery
ORD06668,2025-04-21,CUST0809,Electronics,Headphones,3,107769,0.16,12015.82,North,Jaipur,Debit Card
ORD06669,2025-07-24,CUST0497,Clothing,Jeans,5,248930,0.26,44886.83,South,Bangalore,Credit Card
ORD06670,2025-01-20,CUST1727,Books,Magazine,3,52623,0.22,6165.08,West,Pune,UPI
ORD06671,2025-09-23,CUST0684,Furniture,Chair,5,191510,0.15,30800.43,North,Delhi,Cash on Delivery
ORD06672,2025-07-19,CUST1408,Beauty,Shampoo,5,135530,0.21,24922.06,North,Lucknow,Cash on Delivery
ORD06673,2025-01-17,CUST1778,Books,Comics,5,223080,0.28,20514.45,South,Bangalore,Cash on Delivery
ORD06674,2025-09-13,CUST1350,Books,Novel,5,198845,0.19,34247.49,West,Ahmedabad,Net Banking
ORD06675,2025-07-26,CUST1801,Books,Comics,1,1363,0.03,266.31,South,Hyderabad,Credit Card
ORD06676,2025-12-28,CUST0776,Furniture,Sofa,5,112040,0.24,6810.25,South,Chennai,Debit Card
ORD06677,2025-04-02,CUST0297,Beauty,Perfume,3,82338,0.21,5766.69,East,Bhubaneswar,Debit Card
ORD06678,2025-12-05,CUST0590,Electronics,Headphones,4,124172,0.22,21588.76,East,Patna,Net Banking
ORD06679,2025-01-15,CUST0262,Books,Novel,3,53022,0.14,3930.45,East,Patna,Net Banking
ORD06680,2025-06-01,CUST1771,Books,Comics,2,87746,0.14,18491.58,South,Bangalore,Credit Card
ORD06681,2025-12-04,CUST0559,Furniture,Chair,2,95436,0.14,19186.67,North,Delhi,Net Banking
ORD06682,2025-09-09,CUST0457,Clothing,Dress,5,134565,0.18,14769.93,North,Lucknow,Net Banking
ORD06683,2025-03-12,CUST0176,Furniture,Chair,1,12021,0.28,453.38,West,Pune,Debit Card
ORD06684,2025-09-11,CUST1336,Books,Novel,1,12120,0.27,708.05,East,Bhubaneswar,UPI
ORD06685,2025-01-31,CUST0796,Clothing,Jeans,2,61810,0.16,11816.27,North,Delhi,Net Banking
ORD06686,2025-07-05,CUST0669,Furniture,Sofa,2,76018,0.25,9240.35,West,Pune,Debit Card
ORD06687,2025-03-10,CUST1348,Electronics,Mobile Phone,1,2986,0.21,462.46,South,Chennai,Credit Card
ORD06688,2025-09-20,CUST0760,Furniture,Table,1,41660,0.12,2573.7,North,Delhi,Debit Card
ORD06689,2025-07-15,CUST0562,Beauty,Shampoo,5,64230,0.12,2846.67,East,Kolkata,UPI
ORD06690,2025-12-10,CUST1459,Furniture,Sofa,2,24810,0.05,1709.69,North,Lucknow,Credit Card
ORD06691,2025-03-22,CUST1478,Books,Textbook,1,8832,0.07,730.53,North,Delhi,UPI
ORD06692,2025-06-12,CUST0075,Clothing,Jeans,1,19054,0.29,2015.48,East,Patna,Credit Card
ORD06693,2025-02-13,CUST1229,Clothing,T-Shirt,1,26227,0.25,1189.68,East,Patna,Net Banking
ORD06694,2025-06-02,CUST1357,Furniture,Chair,1,22036,0.18,2719.12,South,Chennai,Credit Card
ORD06695,2025-12-01,CUST1268,Books,Novel,2,84352,0.1,5626.97,East,Patna,Debit Card
ORD06696,2025-12-02,CUST1531,Electronics,Mobile Phone,4,65320,0.01,4605.64,North,Jaipur,UPI
ORD06697,2025-02-10,CUST1368,Electronics,Headphones,1,29008,0.21,5726.75,East,Kolkata,Debit Card
ORD06698,2025-05-15,CUST1361,Electronics,Laptop,5,173485,0.04,9239.22,East,Patna,Debit Card
ORD06699,2025-12-28,CUST1014,Beauty,Face Cream,1,40880,0.16,6056.59,North,Lucknow,Credit Card
ORD06700,2025-11-23,CUST1495,Beauty,Face Wash,5,69535,0.18,4342.69,South,Hyderabad,Credit Card
ORD06701,2025-02-18,CUST1803,Electronics,Headphones,4,182264,0.22,24704.35,West,Pune,Cash on Delivery
ORD06702,2025-02-19,CUST0468,Beauty,Shampoo,5,104310,0.24,15143.33,South,Bangalore,UPI
ORD06703,2025-11-19,CUST1195,Furniture,Bookshelf,2,33514,0.19,2253.57,South,Bangalore,Cash on Delivery
ORD06704,2025-08-30,CUST1975,Electronics,Mobile Phone,4,147788,0.13,20523.05,South,Chennai,Net Banking
ORD06705,2025-05-28,CUST0093,Beauty,Shampoo,2,92044,0.04,16817.34,South,Chennai,Debit Card
ORD06706,2025-05-11,CUST0655,Electronics,Smart Watch,4,104280,0.24,12202.92,West,Mumbai,UPI
ORD06707,2025-09-23,CUST0236,Electronics,Headphones,2,22752,0.1,3238.18,West,Ahmedabad,Net Banking
ORD06708,2025-12-28,CUST0899,Electronics,Mobile Phone,3,128289,0.22,15878.83,North,Jaipur,Net Banking
ORD06709,2025-08-25,CUST1387,Electronics,Headphones,3,131994,0.22,11348.03,West,Mumbai,UPI
ORD06710,2025-05-05,CUST0457,Beauty,Face Cream,4,149688,0.15,14342.33,North,Delhi,Debit Card
ORD06711,2025-08-02,CUST1232,Furniture,Chair,3,42468,0.01,7457.22,South,Hyderabad,Cash on Delivery
ORD06712,2025-01-26,CUST1031,Books,Comics,1,47173,0.05,9130.92,South,Chennai,Debit Card
ORD06713,2025-04-07,CUST0529,Clothing,T-Shirt,3,67956,0.18,2894.89,East,Bhubaneswar,Debit Card
ORD06714,2025-10-26,CUST1670,Electronics,Headphones,3,145854,0.18,14701.22,East,Bhubaneswar,Cash on Delivery
ORD06715,2025-11-22,CUST1361,Furniture,Chair,3,59823,0.23,11484.49,East,Kolkata,Debit Card
ORD06716,2025-11-05,CUST0178,Books,Comics,3,56553,0.1,5297.19,North,Lucknow,Credit Card
ORD06717,2025-10-26,CUST0602,Books,Comics,4,184676,0.17,16397.81,North,Delhi,Debit Card
ORD06718,2025-08-24,CUST1789,Clothing,Jeans,5,210780,0.17,32092.33,South,Chennai,Debit Card
ORD06719,2025-06-14,CUST1687,Clothing,Shoes,2,1460,0.26,186.94,West,Ahmedabad,Debit Card
ORD06720,2025-04-11,CUST1119,Electronics,Headphones,4,188164,0.09,38752.29,West,Ahmedabad,Net Banking
ORD06721,2025-06-28,CUST0210,Clothing,T-Shirt,3,143022,0.25,21646.49,North,Lucknow,Credit Card
ORD06722,2025-08-11,CUST1829,Electronics,Laptop,2,33064,0.3,5608.59,East,Bhubaneswar,Cash on Delivery
ORD06723,2025-06-01,CUST1681,Furniture,Table,4,60348,0.0,14300.7,West,Mumbai,Credit Card
ORD06724,2025-12-08,CUST1835,Clothing,Dress,3,79440,0.25,3130.34,North,Delhi,Debit Card
ORD06725,2025-04-18,CUST0697,Furniture,Bookshelf,3,78156,0.29,12864.35,East,Kolkata,Net Banking
ORD06726,2025-12-25,CUST0208,Clothing,Jeans,3,149868,0.14,18230.15,West,Mumbai,Cash on Delivery
ORD06727,2025-06-08,CUST0028,Electronics,Mobile Phone,4,198936,0.09,25816.49,East,Bhubaneswar,Cash on Delivery
ORD06728,2025-02-13,CUST0115,Clothing,Jeans,3,101523,0.12,12465.03,West,Pune,Cash on Delivery
ORD06729,2025-04-05,CUST0575,Books,Magazine,4,159068,0.07,33591.8,West,Ahmedabad,Net Banking
ORD06730,2025-09-15,CUST1861,Beauty,Face Cream,3,40989,0.13,8326.46,South,Bangalore,Debit Card
ORD06731,2025-05-26,CUST0910,Electronics,Headphones,5,70065,0.3,8322.94,West,Mumbai,Cash on Delivery
ORD06732,2025-01-29,CUST0238,Furniture,Sofa,2,30278,0.21,3179.92,West,Ahmedabad,UPI
ORD06733,2025-06-21,CUST0075,Beauty,Perfume,1,24597,0.06,4608.1,West,Pune,Credit Card
ORD06734,2025-11-18,CUST1866,Furniture,Sofa,3,62319,0.18,11615.58,West,Ahmedabad,UPI
ORD06735,2025-01-04,CUST1978,Beauty,Shampoo,3,110463,0.24,12492.12,East,Bhubaneswar,Net Banking
ORD06736,2025-04-14,CUST1355,Furniture,Bookshelf,4,8720,0.06,1025.96,West,Pune,Credit Card
ORD06737,2025-11-18,CUST0291,Furniture,Chair,2,19826,0.15,3928.72,West,Pune,UPI
ORD06738,2025-11-07,CUST0115,Beauty,Face Cream,3,87072,0.13,7297.45,West,Pune,Cash on Delivery
ORD06739,2025-07-31,CUST0765,Electronics,Mobile Phone,4,44752,0.28,5904.72,South,Bangalore,Cash on Delivery
ORD06740,2025-08-29,CUST1288,Beauty,Shampoo,4,109804,0.11,20556.68,East,Bhubaneswar,UPI
ORD06741,2025-03-07,CUST1675,Beauty,Face Wash,2,52766,0.03,9861.72,North,Delhi,Credit Card
ORD06742,2025-02-14,CUST0933,Furniture,Table,4,47688,0.08,4497.49,East,Patna,Cash on Delivery
ORD06743,2025-11-01,CUST1854,Furniture,Chair,3,104778,0.19,4681.34,West,Mumbai,Debit Card
ORD06744,2025-01-07,CUST0453,Beauty,Shampoo,5,211495,0.23,24138.03,South,Chennai,Credit Card
ORD06745,2025-11-28,CUST1710,Electronics,Headphones,4,4480,0.1,866.65,West,Pune,UPI
ORD06746,2025-07-23,CUST1165,Books,Textbook,5,67790,0.16,7237.23,North,Lucknow,Cash on Delivery
ORD06747,2025-01-07,CUST1933,Clothing,Dress,5,30830,0.02,6601.27,East,Bhubaneswar,Net Banking
ORD06748,2025-01-15,CUST1912,Books,Magazine,4,57812,0.17,8694.13,East,Patna,Debit Card
ORD06749,2025-12-12,CUST0201,Electronics,Headphones,4,21496,0.12,3351.73,East,Kolkata,Credit Card
ORD06750,2025-08-03,CUST0181,Electronics,Mobile Phone,3,104949,0.1,15554.91,South,Bangalore,UPI
ORD06751,2025-09-25,CUST1453,Furniture,Sofa,4,70692,0.3,9203.54,North,Jaipur,Cash on Delivery
ORD06752,2025-04-21,CUST1103,Furniture,Table,3,117474,0.07,15509.26,North,Delhi,Net Banking
ORD06753,2025-05-15,CUST1406,Books,Comics,2,45344,0.2,7301.03,West,Ahmedabad,Debit Card
ORD06754,2025-10-30,CUST1530,Furniture,Sofa,4,55016,0.2,10664.6,East,Patna,Net Banking
ORD06755,2025-11-24,CUST1061,Furniture,Chair,3,139152,0.11,23024.46,West,Mumbai,Credit Card
ORD06756,2025-03-12,CUST1059,Furniture,Table,2,57958,0.06,6632.62,West,Pune,UPI
ORD06757,2025-08-24,CUST0497,Beauty,Face Cream,5,145185,0.07,9161.61,West,Ahmedabad,Credit Card
ORD06758,2025-08-18,CUST0082,Clothing,Dress,2,52704,0.17,7737.23,West,Ahmedabad,UPI
ORD06759,2025-08-08,CUST0315,Electronics,Headphones,2,36450,0.06,8532.51,North,Lucknow,Net Banking
ORD06760,2025-04-10,CUST0491,Clothing,Jeans,2,17222,0.26,1304.72,East,Bhubaneswar,Debit Card
ORD06761,2025-02-05,CUST0449,Beauty,Shampoo,3,97326,0.09,6709.35,South,Chennai,Net Banking
ORD06762,2025-12-08,CUST1360,Beauty,Shampoo,2,70566,0.18,11763.99,West,Ahmedabad,Net Banking
ORD06763,2025-04-30,CUST1825,Beauty,Shampoo,3,80412,0.09,13721.72,South,Bangalore,UPI
ORD06764,2025-12-11,CUST1183,Electronics,Mobile Phone,5,232465,0.02,12744.28,West,Ahmedabad,Cash on Delivery
ORD06765,2025-10-28,CUST1574,Electronics,Mobile Phone,3,46290,0.19,4296.13,West,Pune,Credit Card
ORD06766,2025-07-05,CUST1800,Furniture,Table,4,185764,0.2,35376.27,West,Mumbai,Cash on Delivery
ORD06767,2025-12-23,CUST1378,Clothing,Jeans,4,179968,0.29,6830.62,West,Mumbai,UPI
ORD06768,2025-09-12,CUST0327,Clothing,Jeans,2,25894,0.01,5847.11,South,Chennai,Cash on Delivery
ORD06769,2025-01-22,CUST0405,Books,Textbook,1,36052,0.03,5907.53,West,Mumbai,Debit Card
ORD06770,2025-06-25,CUST1496,Electronics,Smart Watch,1,26737,0.04,4974.84,East,Kolkata,Net Banking
ORD06771,2025-11-18,CUST0158,Electronics,Headphones,5,110665,0.24,19531.38,South,Bangalore,Cash on Delivery
ORD06772,2025-09-11,CUST1128,Books,Comics,1,20976,0.24,2815.75,South,Chennai,Debit Card
ORD06773,2025-09-05,CUST0878,Books,Magazine,3,77529,0.11,16221.39,South,Chennai,Cash on Delivery
ORD06774,2025-05-03,CUST1845,Books,Comics,1,48986,0.15,6011.26,South,Chennai,Net Banking
ORD06775,2025-09-26,CUST1062,Beauty,Perfume,3,47151,0.15,4742.57,East,Bhubaneswar,Credit Card
ORD06776,2025-05-10,CUST0336,Furniture,Bookshelf,3,145998,0.23,23175.32,North,Jaipur,Net Banking
ORD06777,2025-04-30,CUST1756,Clothing,Dress,3,35307,0.03,5694.78,West,Ahmedabad,Net Banking
ORD06778,2025-09-19,CUST1209,Electronics,Headphones,4,156784,0.19,13054.83,East,Patna,Net Banking
ORD06779,2025-08-28,CUST0753,Clothing,T-Shirt,4,14984,0.27,609.61,North,Lucknow,Credit Card
ORD06780,2025-12-27,CUST0517,Books,Comics,4,113064,0.24,20740.91,East,Bhubaneswar,Credit Card
ORD06781,2025-09-27,CUST1798,Beauty,Shampoo,4,198664,0.29,15281.12,South,Hyderabad,Net Banking
ORD06782,2025-07-30,CUST0474,Furniture,Chair,1,48418,0.11,10168.25,South,Hyderabad,Debit Card
ORD06783,2025-08-16,CUST1336,Beauty,Shampoo,5,15840,0.08,3103.14,West,Pune,Net Banking
ORD06784,2025-04-06,CUST1935,Electronics,Headphones,3,27282,0.18,2776.88,East,Bhubaneswar,Debit Card
ORD06785,2025-03-30,CUST0199,Books,Novel,1,37097,0.13,3720.28,East,Patna,Net Banking
ORD06786,2025-09-24,CUST0819,Books,Comics,1,23212,0.16,2848.7,North,Lucknow,Net Banking
ORD06787,2025-02-02,CUST0533,Furniture,Bookshelf,3,17772,0.12,3075.37,North,Lucknow,UPI
ORD06788,2025-03-08,CUST0843,Beauty,Perfume,1,2460,0.1,292.86,East,Patna,Credit Card
ORD06789,2025-11-23,CUST1929,Furniture,Bookshelf,2,45580,0.27,6551.15,South,Chennai,Cash on Delivery
ORD06790,2025-08-24,CUST1847,Books,Magazine,3,95979,0.17,10660.23,East,Kolkata,Credit Card
ORD06791,2025-05-22,CUST0659,Beauty,Shampoo,1,7788,0.19,1219.93,South,Chennai,Net Banking
ORD06792,2025-06-02,CUST1842,Beauty,Shampoo,4,162236,0.17,20391.82,East,Bhubaneswar,Debit Card
ORD06793,2025-09-04,CUST1520,Electronics,Headphones,5,137200,0.15,21936.84,North,Lucknow,Cash on Delivery
ORD06794,2025-01-06,CUST1996,Clothing,T-Shirt,4,30728,0.01,5124.13,South,Chennai,Credit Card
ORD06795,2025-09-09,CUST1612,Clothing,Jeans,4,187624,0.3,10568.37,North,Jaipur,Credit Card
ORD06796,2025-02-20,CUST0211,Clothing,Dress,4,84740,0.29,11954.16,South,Hyderabad,Cash on Delivery
ORD06797,2025-02-03,CUST1032,Clothing,Dress,5,246505,0.25,25743.52,West,Ahmedabad,Debit Card
ORD06798,2025-04-14,CUST0239,Electronics,Laptop,4,117748,0.14,7477.35,East,Patna,Debit Card
ORD06799,2025-09-19,CUST1539,Books,Comics,4,39308,0.2,7249.33,North,Lucknow,Cash on Delivery
ORD06800,2025-12-31,CUST1402,Electronics,Laptop,2,74210,0.07,13318.87,North,Lucknow,Debit Card
ORD06801,2025-06-20,CUST1356,Electronics,Smart Watch,1,44287,0.15,8681.23,West,Ahmedabad,Net Banking
ORD06802,2025-09-18,CUST1627,Books,Magazine,2,50112,0.19,2522.9,East,Patna,Debit Card
ORD06803,2025-11-12,CUST0367,Books,Textbook,3,121623,0.23,16454.84,South,Chennai,Net Banking
ORD06804,2025-09-24,CUST0839,Beauty,Perfume,3,86724,0.14,7122.74,West,Ahmedabad,Cash on Delivery
ORD06805,2025-06-07,CUST1672,Books,Novel,2,99956,0.18,6231.04,East,Bhubaneswar,UPI
ORD06806,2025-01-27,CUST1066,Clothing,Jeans,2,23700,0.29,3058.42,West,Mumbai,UPI
ORD06807,2025-03-16,CUST0049,Books,Textbook,5,189460,0.29,27385.76,East,Bhubaneswar,Net Banking
ORD06808,2025-03-07,CUST0191,Furniture,Chair,3,121467,0.17,16568.68,West,Mumbai,Debit Card
ORD06809,2025-10-16,CUST1936,Beauty,Perfume,3,141390,0.16,23788.0,East,Patna,Cash on Delivery
ORD06810,2025-01-19,CUST0247,Electronics,Smart Watch,2,89472,0.27,9109.5,North,Jaipur,Net Banking
ORD06811,2025-02-03,CUST1287,Electronics,Mobile Phone,4,199352,0.11,40960.0,South,Bangalore,Credit Card
ORD06812,2025-03-20,CUST1717,Clothing,Dress,3,58599,0.07,7246.42,West,Mumbai,Net Banking
ORD06813,2025-11-26,CUST1905,Clothing,T-Shirt,3,52695,0.11,6233.34,West,Pune,Cash on Delivery
ORD06814,2025-10-17,CUST1856,Beauty,Shampoo,1,29325,0.01,6242.82,South,Bangalore,Debit Card
ORD06815,2025-06-25,CUST1588,Furniture,Bookshelf,5,175675,0.29,9457.9,East,Kolkata,Cash on Delivery
ORD06816,2025-12-13,CUST1411,Books,Textbook,1,7238,0.14,1270.41,South,Bangalore,Net Banking
ORD06817,2025-10-07,CUST0166,Furniture,Bookshelf,1,47544,0.22,8098.73,North,Lucknow,Net Banking
ORD06818,2025-09-28,CUST1292,Books,Magazine,1,24055,0.16,4196.48,East,Patna,Cash on Delivery
ORD06819,2025-02-04,CUST1178,Clothing,Jeans,5,90095,0.02,15855.17,South,Bangalore,Debit Card
ORD06820,2025-01-10,CUST0530,Beauty,Shampoo,2,14912,0.0,891.3,East,Bhubaneswar,Cash on Delivery
ORD06821,2025-01-20,CUST1659,Electronics,Headphones,3,86691,0.15,15525.96,North,Jaipur,UPI
ORD06822,2025-04-16,CUST1207,Clothing,Shoes,4,18580,0.28,1478.46,North,Lucknow,UPI
ORD06823,2025-09-17,CUST0398,Electronics,Smart Watch,3,35580,0.07,6923.2,West,Ahmedabad,Cash on Delivery
ORD06824,2025-03-16,CUST0807,Beauty,Face Cream,3,94239,0.0,6461.45,South,Chennai,UPI
ORD06825,2025-04-30,CUST0795,Furniture,Bookshelf,2,53814,0.12,3905.67,South,Hyderabad,Credit Card
ORD06826,2025-09-13,CUST0896,Electronics,Laptop,2,14332,0.08,2002.71,South,Bangalore,Credit Card
ORD06827,2025-03-03,CUST1205,Electronics,Smart Watch,5,38400,0.02,2015.83,West,Mumbai,Cash on Delivery
ORD06828,2025-09-16,CUST0383,Books,Textbook,5,25110,0.06,2828.38,South,Bangalore,Cash on Delivery
ORD06829,2025-03-14,CUST0609,Clothing,Shoes,5,173960,0.26,20068.16,East,Bhubaneswar,Debit Card
ORD06830,2025-09-09,CUST0305,Books,Novel,1,47933,0.06,7371.89,West,Ahmedabad,Credit Card
ORD06831,2025-06-06,CUST0190,Clothing,Jeans,2,93222,0.21,10419.78,South,Hyderabad,Credit Card
ORD06832,2025-06-21,CUST1412,Books,Magazine,3,57651,0.24,2426.31,North,Jaipur,Debit Card
ORD06833,2025-08-04,CUST1709,Beauty,Face Wash,2,39660,0.29,6594.56,East,Kolkata,Net Banking
ORD06834,2025-12-12,CUST0216,Electronics,Mobile Phone,3,116292,0.18,7004.92,North,Delhi,UPI
ORD06835,2025-07-02,CUST1515,Beauty,Shampoo,4,136796,0.17,16934.42,West,Ahmedabad,Credit Card
ORD06836,2025-11-07,CUST0578,Beauty,Shampoo,3,149124,0.3,12355.99,North,Jaipur,Credit Card
ORD06837,2025-12-19,CUST1179,Beauty,Face Wash,2,60604,0.06,13134.0,South,Bangalore,Debit Card
ORD06838,2025-03-03,CUST0335,Clothing,Shoes,3,55365,0.17,6675.17,South,Bangalore,Credit Card
ORD06839,2025-01-24,CUST0124,Beauty,Face Wash,2,55570,0.18,10704.02,North,Jaipur,Net Banking
ORD06840,2025-01-27,CUST0276,Electronics,Smart Watch,5,124965,0.07,13062.33,East,Patna,Net Banking
ORD06841,2025-08-11,CUST1359,Beauty,Shampoo,5,233940,0.18,10438.32,East,Kolkata,Debit Card
ORD06842,2025-10-13,CUST1660,Electronics,Laptop,3,110505,0.17,19872.02,South,Bangalore,Credit Card
ORD06843,2025-06-19,CUST1475,Beauty,Face Cream,5,43900,0.08,2578.73,West,Pune,Net Banking
ORD06844,2025-11-08,CUST0584,Books,Comics,1,19802,0.2,3253.22,North,Lucknow,UPI
ORD06845,2025-02-01,CUST0497,Furniture,Sofa,3,116595,0.08,5637.16,East,Kolkata,Debit Card
ORD06846,2025-01-30,CUST1579,Beauty,Face Cream,4,21772,0.01,2638.22,West,Mumbai,Net Banking
ORD06847,2025-02-19,CUST0945,Electronics,Mobile Phone,3,49596,0.13,6956.16,North,Lucknow,Cash on Delivery
ORD06848,2025-12-15,CUST1474,Furniture,Sofa,5,147140,0.11,12105.76,East,Bhubaneswar,UPI
ORD06849,2025-12-20,CUST1313,Furniture,Table,1,28094,0.09,5089.96,East,Patna,Net Banking
ORD06850,2025-02-23,CUST1742,Books,Comics,4,2412,0.01,336.75,South,Bangalore,Net Banking
ORD06851,2025-10-28,CUST1381,Books,Magazine,4,193440,0.11,40550.8,South,Hyderabad,Net Banking
ORD06852,2025-06-27,CUST1700,Books,Magazine,2,7812,0.21,729.45,South,Hyderabad,Cash on Delivery
ORD06853,2025-04-11,CUST1712,Books,Magazine,3,110466,0.08,20189.16,North,Jaipur,UPI
ORD06854,2025-08-04,CUST1334,Electronics,Smart Watch,1,27225,0.09,2120.26,South,Chennai,Cash on Delivery
ORD06855,2025-01-15,CUST0372,Beauty,Face Cream,1,39310,0.19,6135.5,South,Bangalore,Net Banking
ORD06856,2025-11-02,CUST1787,Clothing,Shoes,5,227665,0.0,31216.7,South,Hyderabad,Credit Card
ORD06857,2025-08-09,CUST0646,Books,Novel,3,22596,0.19,1505.16,South,Chennai,Net Banking
ORD06858,2025-09-29,CUST0404,Electronics,Mobile Phone,5,213965,0.19,20622.35,West,Mumbai,Cash on Delivery
ORD06859,2025-06-17,CUST0284,Clothing,Shoes,2,3274,0.1,277.09,North,Delhi,Cash on Delivery
ORD06860,2025-05-06,CUST1879,Electronics,Laptop,1,35852,0.19,6612.83,North,Lucknow,UPI
ORD06861,2025-04-12,CUST1529,Beauty,Face Cream,2,22818,0.03,2274.94,North,Delhi,Cash on Delivery
ORD06862,2025-06-20,CUST0366,Furniture,Chair,1,2579,0.13,398.81,North,Delhi,UPI
ORD06863,2025-08-25,CUST0240,Furniture,Sofa,5,28705,0.02,4943.36,North,Lucknow,Debit Card
ORD06864,2025-06-15,CUST0048,Books,Novel,1,5959,0.29,265.04,East,Patna,Debit Card
ORD06865,2025-03-27,CUST1855,Electronics,Smart Watch,3,13215,0.25,720.61,South,Hyderabad,Net Banking
ORD06866,2025-10-17,CUST0113,Beauty,Face Wash,2,52810,0.14,2648.21,North,Lucknow,Net Banking
ORD06867,2025-05-04,CUST1010,Beauty,Face Cream,5,195630,0.03,32454.78,North,Jaipur,UPI
ORD06868,2025-12-27,CUST1102,Books,Novel,3,23289,0.09,2143.97,North,Jaipur,Net Banking
ORD06869,2025-06-01,CUST1105,Electronics,Mobile Phone,1,3261,0.17,436.06,East,Bhubaneswar,Credit Card
ORD06870,2025-06-04,CUST1892,Furniture,Sofa,3,46293,0.29,6541.03,South,Bangalore,Cash on Delivery
ORD06871,2025-06-07,CUST0976,Books,Novel,2,90494,0.06,16706.41,East,Kolkata,Debit Card
ORD06872,2025-11-28,CUST0773,Electronics,Laptop,2,47668,0.22,3282.69,West,Ahmedabad,Debit Card
ORD06873,2025-08-19,CUST0974,Electronics,Headphones,5,26440,0.03,3185.88,East,Patna,UPI
ORD06874,2025-03-09,CUST1866,Beauty,Shampoo,3,94368,0.13,18833.65,West,Pune,Cash on Delivery
ORD06875,2025-05-08,CUST0043,Electronics,Laptop,1,19181,0.05,3685.61,West,Mumbai,Cash on Delivery
ORD06876,2025-06-14,CUST1276,Clothing,Dress,4,140656,0.04,20270.91,South,Hyderabad,Cash on Delivery
ORD06877,2025-03-01,CUST1883,Books,Novel,4,172868,0.26,16223.96,North,Lucknow,Cash on Delivery
ORD06878,2025-06-11,CUST0125,Books,Novel,3,49740,0.08,6556.15,North,Lucknow,Cash on Delivery
ORD06879,2025-07-30,CUST1527,Furniture,Sofa,3,48090,0.23,3792.97,East,Bhubaneswar,Net Banking
ORD06880,2025-10-27,CUST1976,Clothing,Shoes,4,58796,0.18,5725.9,West,Mumbai,Net Banking
ORD06881,2025-02-10,CUST0654,Electronics,Smart Watch,3,139239,0.26,18440.49,South,Chennai,Debit Card
ORD06882,2025-10-01,CUST1265,Clothing,Jeans,4,179736,0.14,13608.99,West,Pune,Net Banking
ORD06883,2025-12-11,CUST1282,Beauty,Shampoo,1,5801,0.06,399.76,West,Mumbai,Cash on Delivery
ORD06884,2025-12-29,CUST1075,Books,Magazine,4,174604,0.18,20365.71,North,Lucknow,Net Banking
ORD06885,2025-06-13,CUST1136,Clothing,Jeans,1,30036,0.29,1666.69,North,Lucknow,Debit Card
ORD06886,2025-05-20,CUST0837,Electronics,Laptop,2,84020,0.1,12637.86,North,Jaipur,Cash on Delivery
ORD06887,2025-04-04,CUST1669,Beauty,Shampoo,4,137500,0.17,27075.39,East,Kolkata,Debit Card
ORD06888,2025-12-04,CUST0023,Furniture,Chair,4,169300,0.17,7744.17,West,Mumbai,Debit Card
ORD06889,2025-02-23,CUST1016,Electronics,Laptop,1,27390,0.29,3992.55,South,Bangalore,Cash on Delivery
ORD06890,2025-06-18,CUST1845,Clothing,Jeans,4,62052,0.01,13464.11,West,Ahmedabad,Credit Card
ORD06891,2025-09-27,CUST0876,Clothing,T-Shirt,5,54990,0.1,10867.6,North,Lucknow,Debit Card
ORD06892,2025-04-15,CUST0169,Beauty,Shampoo,3,147156,0.23,6702.56,East,Patna,Credit Card
ORD06893,2025-04-22,CUST1682,Beauty,Face Wash,1,23077,0.27,2049.05,East,Bhubaneswar,Cash on Delivery
ORD06894,2025-09-19,CUST0306,Electronics,Headphones,4,69276,0.17,5423.33,North,Delhi,Cash on Delivery
ORD06895,2025-02-25,CUST1865,Books,Comics,2,5512,0.04,1301.46,North,Delhi,Debit Card
ORD06896,2025-12-17,CUST0967,Clothing,Shoes,4,174840,0.28,25875.64,South,Chennai,Net Banking
ORD06897,2025-11-04,CUST1609,Furniture,Bookshelf,4,29256,0.22,3448.33,East,Patna,Cash on Delivery
ORD06898,2025-09-21,CUST0919,Clothing,Dress,4,158052,0.14,18317.6,North,Delhi,Net Banking
ORD06899,2025-11-21,CUST1143,Furniture,Chair,3,22809,0.03,4984.95,South,Chennai,UPI
ORD06900,2025-10-30,CUST1411,Beauty,Face Cream,3,91653,0.02,15606.8,North,Delhi,Credit Card
ORD06901,2025-09-27,CUST1603,Beauty,Perfume,4,96500,0.15,12422.75,North,Jaipur,Net Banking
ORD06902,2025-03-09,CUST1950,Clothing,Shoes,4,19744,0.2,2213.44,West,Mumbai,Debit Card
ORD06903,2025-12-10,CUST0981,Furniture,Sofa,5,89535,0.17,12773.5,West,Pune,Net Banking
ORD06904,2025-06-07,CUST0425,Clothing,Shoes,5,67125,0.08,11257.4,East,Kolkata,Debit Card
ORD06905,2025-09-19,CUST0936,Electronics,Smart Watch,3,118203,0.18,6492.21,East,Patna,Cash on Delivery
ORD06906,2025-10-25,CUST0003,Electronics,Mobile Phone,4,192776,0.2,17379.06,East,Bhubaneswar,Credit Card
ORD06907,2025-04-15,CUST1134,Books,Novel,2,22170,0.02,3118.59,West,Ahmedabad,Cash on Delivery
ORD06908,2025-11-01,CUST1199,Furniture,Table,1,7417,0.04,1729.11,South,Bangalore,Credit Card
ORD06909,2025-11-09,CUST1597,Books,Magazine,3,113976,0.28,10790.93,South,Chennai,Credit Card
ORD06910,2025-11-16,CUST1093,Furniture,Bookshelf,4,13436,0.03,917.15,West,Ahmedabad,Cash on Delivery
ORD06911,2025-02-24,CUST1117,Clothing,Dress,1,8580,0.27,1258.25,East,Kolkata,Credit Card
ORD06912,2025-05-14,CUST0839,Beauty,Face Wash,4,32652,0.21,3366.03,South,Chennai,Cash on Delivery
ORD06913,2025-10-24,CUST0172,Beauty,Face Wash,5,84480,0.01,7253.18,West,Pune,UPI
ORD06914,2025-09-11,CUST1999,Clothing,Shoes,4,52740,0.13,5626.47,East,Patna,UPI
ORD06915,2025-11-24,CUST1827,Clothing,T-Shirt,5,183470,0.22,19913.21,South,Bangalore,Debit Card
ORD06916,2025-02-03,CUST1425,Electronics,Headphones,2,16886,0.2,3263.24,East,Bhubaneswar,Net Banking
ORD06917,2025-03-28,CUST1613,Electronics,Smart Watch,2,78448,0.26,13193.43,West,Ahmedabad,Net Banking
ORD06918,2025-02-13,CUST1578,Clothing,Shoes,2,24422,0.23,2803.18,West,Pune,UPI
ORD06919,2025-10-30,CUST0589,Clothing,Dress,2,25760,0.12,3488.06,North,Lucknow,Net Banking
ORD06920,2025-09-09,CUST0385,Furniture,Chair,2,56886,0.14,5177.35,West,Ahmedabad,Credit Card
ORD06921,2025-10-17,CUST1558,Furniture,Table,5,110700,0.29,9676.75,West,Mumbai,Cash on Delivery
ORD06922,2025-03-31,CUST1843,Books,Textbook,4,182072,0.12,16360.14,West,Mumbai,Net Banking
ORD06923,2025-05-27,CUST0557,Electronics,Mobile Phone,4,25632,0.12,3771.02,West,Mumbai,Debit Card
ORD06924,2025-06-08,CUST0344,Clothing,Jeans,2,36662,0.15,7186.15,West,Mumbai,Net Banking
ORD06925,2025-02-15,CUST0785,Furniture,Table,1,11328,0.01,1549.86,East,Bhubaneswar,Net Banking
ORD06926,2025-11-04,CUST0971,Electronics,Laptop,2,36384,0.04,6068.31,West,Ahmedabad,Cash on Delivery
ORD06927,2025-10-23,CUST0208,Beauty,Perfume,2,82790,0.17,10807.66,East,Kolkata,Net Banking
ORD06928,2025-11-28,CUST1552,Beauty,Face Wash,5,175980,0.09,11758.13,North,Jaipur,Debit Card
ORD06929,2025-02-04,CUST1777,Books,Comics,3,135711,0.27,20222.47,East,Bhubaneswar,Net Banking
ORD06930,2025-08-05,CUST0220,Books,Novel,3,80406,0.14,13168.46,South,Hyderabad,Cash on Delivery
ORD06931,2025-07-22,CUST0503,Books,Comics,2,68000,0.02,13468.98,East,Bhubaneswar,Cash on Delivery
ORD06932,2025-07-21,CUST0133,Electronics,Mobile Phone,5,124430,0.01,9305.83,South,Chennai,Cash on Delivery
ORD06933,2025-06-17,CUST1260,Clothing,Dress,3,78126,0.09,10768.69,North,Jaipur,UPI
ORD06934,2025-08-21,CUST0750,Electronics,Mobile Phone,3,13536,0.21,551.49,East,Kolkata,Debit Card
ORD06935,2025-08-30,CUST1930,Electronics,Headphones,4,145704,0.03,9712.94,South,Bangalore,Cash on Delivery
ORD06936,2025-12-05,CUST1104,Electronics,Laptop,2,69270,0.15,13853.47,East,Kolkata,Credit Card
ORD06937,2025-02-11,CUST1344,Books,Comics,2,66826,0.2,10518.48,North,Delhi,Net Banking
ORD06938,2025-03-26,CUST1099,Beauty,Face Wash,4,68064,0.07,4980.31,North,Delhi,Debit Card
ORD06939,2025-04-20,CUST0655,Clothing,Jeans,4,102780,0.01,19877.84,South,Hyderabad,Cash on Delivery
ORD06940,2025-03-12,CUST0323,Beauty,Face Cream,2,38450,0.25,2435.25,East,Bhubaneswar,Cash on Delivery
ORD06941,2025-05-01,CUST0325,Furniture,Bookshelf,2,85104,0.07,8780.35,South,Hyderabad,Cash on Delivery
ORD06942,2025-09-13,CUST1333,Electronics,Smart Watch,2,87312,0.13,9502.34,South,Chennai,Debit Card
ORD06943,2025-04-23,CUST0052,Books,Comics,3,133512,0.27,20854.84,East,Patna,Net Banking
ORD06944,2025-12-04,CUST0292,Books,Novel,5,235040,0.3,12943.65,North,Lucknow,Debit Card
ORD06945,2025-09-20,CUST1426,Electronics,Smart Watch,3,119955,0.15,8380.19,West,Mumbai,Net Banking
ORD06946,2025-10-08,CUST0074,Clothing,Jeans,2,78158,0.15,6799.42,North,Lucknow,UPI
ORD06947,2025-05-22,CUST1924,Books,Comics,4,117032,0.16,21242.16,South,Bangalore,Debit Card
ORD06948,2025-11-04,CUST1851,Furniture,Table,3,145647,0.09,27437.35,East,Bhubaneswar,Cash on Delivery
ORD06949,2025-05-10,CUST1092,Clothing,Shoes,5,64155,0.05,5864.77,South,Bangalore,Credit Card
ORD06950,2025-04-23,CUST1009,Clothing,Shoes,4,169224,0.19,29384.21,East,Bhubaneswar,Net Banking
ORD06951,2025-07-19,CUST0676,Furniture,Sofa,2,11006,0.03,2473.68,South,Hyderabad,Credit Card
ORD06952,2025-08-16,CUST1865,Electronics,Smart Watch,3,76452,0.21,10453.29,West,Pune,Debit Card
ORD06953,2025-02-14,CUST1336,Beauty,Shampoo,1,31880,0.03,5393.56,East,Bhubaneswar,Net Banking
ORD06954,2025-07-10,CUST0690,Clothing,Jeans,3,79251,0.05,13285.33,South,Chennai,UPI
ORD06955,2025-05-05,CUST1493,Electronics,Smart Watch,3,23763,0.23,1116.27,East,Patna,Debit Card
ORD06956,2025-11-22,CUST1342,Electronics,Laptop,2,87752,0.04,19962.06,South,Bangalore,Credit Card
ORD06957,2025-11-19,CUST0881,Clothing,T-Shirt,2,71786,0.3,11055.15,North,Jaipur,UPI
ORD06958,2025-11-15,CUST1990,Beauty,Perfume,2,1096,0.23,44.98,West,Pune,Cash on Delivery
ORD06959,2025-08-08,CUST1149,Furniture,Bookshelf,5,169490,0.26,14116.17,South,Hyderabad,UPI
ORD06960,2025-09-27,CUST0626,Books,Comics,1,6163,0.29,331.42,East,Patna,Net Banking
ORD06961,2025-04-08,CUST0264,Clothing,Jeans,5,82720,0.04,11010.66,East,Kolkata,Net Banking
ORD06962,2025-05-05,CUST1487,Beauty,Face Wash,2,8232,0.21,431.5,West,Mumbai,UPI
ORD06963,2025-11-08,CUST0145,Beauty,Face Wash,2,32082,0.18,6319.34,South,Chennai,UPI
ORD06964,2025-07-17,CUST0601,Books,Magazine,1,5343,0.1,1197.03,West,Pune,Debit Card
ORD06965,2025-11-01,CUST0968,Beauty,Face Wash,5,138600,0.23,25124.82,South,Chennai,Net Banking
ORD06966,2025-04-12,CUST0384,Clothing,Shoes,5,7340,0.0,1035.41,North,Delhi,Credit Card
ORD06967,2025-04-08,CUST1870,Beauty,Shampoo,5,176615,0.09,38099.75,North,Lucknow,Net Banking
ORD06968,2025-01-11,CUST1981,Electronics,Smart Watch,4,66268,0.04,14448.12,East,Patna,Debit Card
ORD06969,2025-05-20,CUST0331,Clothing,Jeans,5,233000,0.0,52349.86,North,Delhi,Net Banking
ORD06970,2025-11-15,CUST1857,Clothing,Jeans,4,10716,0.23,446.99,West,Mumbai,Cash on Delivery
ORD06971,2025-02-19,CUST1981,Clothing,Jeans,2,98900,0.25,5110.71,South,Chennai,Debit Card
ORD06972,2025-09-04,CUST1386,Electronics,Laptop,5,163110,0.24,13697.52,West,Mumbai,UPI
ORD06973,2025-12-11,CUST0831,Furniture,Chair,4,178476,0.26,18697.91,North,Lucknow,Cash on Delivery
ORD06974,2025-12-29,CUST1295,Clothing,T-Shirt,5,104065,0.1,6120.06,North,Delhi,Debit Card
ORD06975,2025-02-10,CUST0530,Clothing,Jeans,3,147681,0.24,9303.01,South,Bangalore,Cash on Delivery
ORD06976,2025-08-23,CUST1864,Clothing,Dress,4,41964,0.06,8437.26,North,Jaipur,Debit Card
ORD06977,2025-12-07,CUST0587,Electronics,Headphones,5,75290,0.02,17471.7,East,Bhubaneswar,Net Banking
ORD06978,2025-12-31,CUST0786,Clothing,Shoes,4,23420,0.13,3107.07,North,Delhi,Credit Card
ORD06979,2025-09-04,CUST0763,Electronics,Mobile Phone,2,20922,0.25,2848.29,South,Bangalore,Net Banking
ORD06980,2025-04-19,CUST1614,Furniture,Chair,5,41475,0.13,2039.79,West,Mumbai,Net Banking
ORD06981,2025-03-06,CUST0355,Books,Novel,5,107780,0.25,13017.47,North,Delhi,Credit Card
ORD06982,2025-03-09,CUST0467,Clothing,Dress,2,36856,0.29,2049.53,West,Mumbai,Debit Card
ORD06983,2025-03-14,CUST0394,Clothing,Jeans,1,1591,0.04,270.62,West,Pune,UPI
ORD06984,2025-07-26,CUST0222,Furniture,Bookshelf,4,120484,0.13,20502.89,West,Pune,Credit Card
ORD06985,2025-06-09,CUST0481,Furniture,Sofa,2,40556,0.05,2142.45,West,Pune,Net Banking
ORD06986,2025-08-10,CUST1940,Books,Comics,1,29025,0.18,2433.77,North,Delhi,Net Banking
ORD06987,2025-02-26,CUST1290,Electronics,Smart Watch,5,158300,0.09,23318.63,West,Ahmedabad,UPI
ORD06988,2025-12-17,CUST0770,Beauty,Perfume,2,37742,0.15,6746.38,West,Mumbai,Net Banking
ORD06989,2025-07-08,CUST1225,Furniture,Bookshelf,3,85614,0.17,16622.02,West,Pune,UPI
ORD06990,2025-10-06,CUST0376,Clothing,Jeans,3,82224,0.18,13518.93,West,Pune,Debit Card
ORD06991,2025-10-13,CUST0351,Furniture,Table,2,39592,0.09,5059.7,West,Pune,UPI
ORD06992,2025-03-23,CUST1988,Electronics,Laptop,4,136140,0.07,29774.56,South,Bangalore,Net Banking
ORD06993,2025-05-28,CUST0860,Electronics,Smart Watch,3,35484,0.26,1555.73,West,Mumbai,Debit Card
ORD06994,2025-09-01,CUST0276,Clothing,Dress,4,168784,0.02,19434.15,South,Chennai,Cash on Delivery
ORD06995,2025-01-20,CUST0550,Beauty,Perfume,1,10004,0.22,466.56,South,Chennai,Credit Card
ORD06996,2025-03-08,CUST1867,Clothing,T-Shirt,5,8310,0.22,1149.54,West,Pune,UPI
ORD06997,2025-11-10,CUST0694,Furniture,Chair,5,180515,0.09,36330.4,South,Chennai,Debit Card
ORD06998,2025-04-13,CUST0146,Furniture,Sofa,4,34176,0.17,1706.47,West,Mumbai,Net Banking
ORD06999,2025-07-15,CUST0555,Books,Textbook,5,20140,0.13,2452.92,East,Bhubaneswar,Cash on Delivery
ORD07000,2025-07-25,CUST0654,Clothing,T-Shirt,1,26650,0.1,1834.05,West,Pune,Debit Card
ORD07001,2025-06-05,CUST0245,Beauty,Face Cream,3,33798,0.24,1616.38,West,Mumbai,Debit Card
ORD07002,2025-01-04,CUST1163,Clothing,Jeans,5,163975,0.24,25352.7,West,Pune,Net Banking
ORD07003,2025-11-17,CUST0973,Furniture,Table,4,169008,0.18,29260.34,East,Kolkata,Cash on Delivery
ORD07004,2025-04-10,CUST1986,Clothing,Jeans,2,43462,0.25,7796.19,North,Delhi,Credit Card
ORD07005,2025-03-08,CUST1307,Beauty,Shampoo,1,14036,0.15,1581.72,West,Mumbai,UPI
ORD07006,2025-10-02,CUST0089,Beauty,Shampoo,4,64208,0.27,6274.01,West,Mumbai,Credit Card
ORD07007,2025-07-16,CUST1319,Electronics,Mobile Phone,1,29915,0.21,1248.34,West,Pune,Cash on Delivery
ORD07008,2025-05-23,CUST1175,Electronics,Laptop,5,79980,0.22,10404.72,East,Bhubaneswar,Credit Card
ORD07009,2025-10-14,CUST0899,Furniture,Table,4,24392,0.11,1274.95,North,Lucknow,Net Banking
ORD07010,2025-06-20,CUST0913,Books,Comics,2,19270,0.28,1626.98,West,Ahmedabad,Debit Card
ORD07011,2025-08-11,CUST0787,Electronics,Headphones,1,34666,0.19,4843.26,East,Patna,UPI
ORD07012,2025-07-14,CUST1797,Clothing,Shoes,1,38648,0.19,6007.63,South,Bangalore,UPI
ORD07013,2025-03-30,CUST1094,Beauty,Face Cream,2,33560,0.11,3234.65,North,Delhi,UPI
ORD07014,2025-09-19,CUST0196,Furniture,Chair,4,69568,0.08,13625.93,South,Chennai,Cash on Delivery
ORD07015,2025-02-28,CUST0672,Furniture,Table,3,32580,0.19,3484.02,West,Mumbai,Net Banking
ORD07016,2025-12-20,CUST1694,Electronics,Headphones,3,129600,0.23,17565.28,West,Pune,Net Banking
ORD07017,2025-10-05,CUST0204,Furniture,Sofa,5,228895,0.01,12074.29,West,Ahmedabad,Credit Card
ORD07018,2025-03-26,CUST1948,Furniture,Bookshelf,1,10678,0.21,1317.61,North,Jaipur,Credit Card
ORD07019,2025-11-08,CUST0804,Furniture,Bookshelf,4,15480,0.3,1599.82,North,Jaipur,Debit Card
ORD07020,2025-08-17,CUST1881,Electronics,Laptop,1,45026,0.17,5238.19,North,Delhi,Cash on Delivery
ORD07021,2025-02-12,CUST0827,Furniture,Bookshelf,3,137076,0.17,20769.82,North,Lucknow,Debit Card
ORD07022,2025-10-25,CUST0711,Beauty,Shampoo,4,109928,0.04,13976.96,South,Bangalore,UPI
ORD07023,2025-07-15,CUST1858,Clothing,Dress,2,66784,0.22,2911.0,North,Jaipur,UPI
ORD07024,2025-09-24,CUST0705,Furniture,Chair,3,99633,0.09,15160.36,South,Hyderabad,UPI
ORD07025,2025-07-12,CUST0476,Clothing,Shoes,3,107592,0.01,11183.62,North,Lucknow,Debit Card
ORD07026,2025-02-17,CUST0915,Books,Novel,2,60004,0.29,3297.9,North,Lucknow,UPI
ORD07027,2025-06-27,CUST1070,Furniture,Sofa,1,12332,0.18,2483.58,North,Delhi,Net Banking
ORD07028,2025-03-28,CUST0769,Books,Textbook,2,52222,0.19,8217.76,North,Lucknow,Credit Card
ORD07029,2025-09-19,CUST0328,Electronics,Smart Watch,3,84864,0.01,12806.21,East,Patna,Net Banking
ORD07030,2025-03-27,CUST1893,Furniture,Chair,2,72316,0.29,4248.42,North,Lucknow,Net Banking
ORD07031,2025-06-09,CUST0990,Clothing,T-Shirt,2,30462,0.02,3656.87,North,Jaipur,Net Banking
ORD07032,2025-04-27,CUST0161,Beauty,Shampoo,5,177285,0.2,33784.57,East,Patna,Credit Card
ORD07033,2025-05-06,CUST1552,Electronics,Mobile Phone,2,77354,0.1,14530.42,North,Jaipur,Credit Card
ORD07034,2025-10-16,CUST0429,Books,Textbook,1,9025,0.25,1238.1,East,Patna,Net Banking
ORD07035,2025-05-15,CUST1973,Beauty,Face Wash,1,29218,0.09,6104.58,South,Chennai,Net Banking
ORD07036,2025-03-27,CUST0107,Beauty,Perfume,4,58856,0.0,3014.66,East,Kolkata,UPI
ORD07037,2025-10-20,CUST0303,Books,Magazine,5,246870,0.19,17880.89,North,Jaipur,Debit Card
ORD07038,2025-08-01,CUST1108,Electronics,Laptop,2,67816,0.28,3298.84,North,Jaipur,UPI
ORD07039,2025-11-27,CUST1314,Beauty,Face Cream,1,38132,0.14,4045.37,South,Hyderabad,UPI
ORD07040,2025-08-03,CUST1857,Beauty,Perfume,5,184870,0.19,8041.25,South,Chennai,Debit Card
ORD07041,2025-01-12,CUST0103,Electronics,Headphones,3,47376,0.08,9993.56,West,Pune,Credit Card
ORD07042,2025-06-12,CUST0480,Beauty,Perfume,1,30292,0.04,4114.01,North,Jaipur,Net Banking
ORD07043,2025-02-18,CUST1713,Books,Textbook,1,46283,0.19,6763.51,East,Kolkata,UPI
ORD07044,2025-10-23,CUST0370,Books,Magazine,2,86460,0.26,9687.22,North,Jaipur,Net Banking
ORD07045,2025-05-17,CUST0846,Clothing,T-Shirt,3,120693,0.04,26761.68,North,Jaipur,Net Banking
ORD07046,2025-03-01,CUST1097,Books,Magazine,1,27217,0.25,4188.53,West,Ahmedabad,Debit Card
ORD07047,2025-09-01,CUST0473,Beauty,Shampoo,1,38087,0.05,8542.61,North,Delhi,Cash on Delivery
ORD07048,2025-03-01,CUST1247,Books,Magazine,3,132921,0.27,14037.59,West,Pune,Debit Card
ORD07049,2025-10-07,CUST0857,Furniture,Bookshelf,1,13011,0.08,2162.16,South,Hyderabad,Debit Card
ORD07050,2025-03-29,CUST0706,Electronics,Mobile Phone,2,86022,0.14,15490.79,West,Pune,Net Banking
ORD07051,2025-03-02,CUST1430,Electronics,Mobile Phone,5,229925,0.07,17381.94,South,Bangalore,Debit Card
ORD07052,2025-10-29,CUST1080,Electronics,Laptop,5,200320,0.03,33992.16,North,Lucknow,Credit Card
ORD07053,2025-09-24,CUST0054,Furniture,Bookshelf,1,6852,0.0,1552.31,North,Delhi,Cash on Delivery
ORD07054,2025-06-24,CUST1724,Beauty,Shampoo,1,11384,0.02,2087.46,North,Lucknow,Net Banking
ORD07055,2025-05-08,CUST0668,Clothing,Shoes,4,61184,0.16,5679.64,East,Patna,Debit Card
ORD07056,2025-01-25,CUST0019,Beauty,Shampoo,2,26188,0.27,3718.25,West,Pune,Credit Card
ORD07057,2025-01-19,CUST1062,Beauty,Face Cream,4,180788,0.29,15250.74,West,Mumbai,UPI
ORD07058,2025-04-20,CUST1579,Furniture,Sofa,4,131764,0.26,15422.34,North,Lucknow,Cash on Delivery
ORD07059,2025-05-16,CUST1847,Books,Comics,3,137697,0.25,11418.98,West,Mumbai,Debit Card
ORD07060,2025-07-30,CUST1774,Furniture,Bookshelf,1,4537,0.27,784.05,East,Kolkata,Cash on Delivery
ORD07061,2025-09-25,CUST1220,Books,Magazine,4,85648,0.13,4780.86,East,Kolkata,UPI
ORD07062,2025-11-08,CUST1679,Clothing,Dress,5,34515,0.2,3286.36,East,Kolkata,Cash on Delivery
ORD07063,2025-06-20,CUST1130,Books,Textbook,3,3411,0.02,782.26,East,Bhubaneswar,Cash on Delivery
ORD07064,2025-03-28,CUST1786,Beauty,Face Wash,2,48276,0.08,9751.18,South,Bangalore,Net Banking
ORD07065,2025-10-26,CUST1853,Clothing,Jeans,2,25682,0.01,3922.84,East,Kolkata,UPI
ORD07066,2025-06-10,CUST0075,Clothing,Jeans,5,146680,0.03,28371.01,East,Kolkata,UPI
ORD07067,2025-12-20,CUST1208,Electronics,Smart Watch,3,24333,0.09,1684.77,South,Hyderabad,UPI
ORD07068,2025-11-21,CUST1859,Electronics,Headphones,4,128576,0.25,9840.36,North,Delhi,UPI
ORD07069,2025-01-04,CUST1210,Books,Comics,3,112830,0.11,6966.43,South,Chennai,Cash on Delivery
ORD07070,2025-11-08,CUST0458,Beauty,Shampoo,5,23440,0.02,3050.94,South,Bangalore,Debit Card
ORD07071,2025-07-19,CUST0904,Beauty,Perfume,2,80698,0.29,5992.51,West,Pune,Net Banking
ORD07072,2025-03-31,CUST0151,Clothing,T-Shirt,1,48665,0.27,7767.37,West,Mumbai,Net Banking
ORD07073,2025-07-21,CUST0596,Clothing,Shoes,1,27001,0.22,3793.25,North,Lucknow,Credit Card
ORD07074,2025-12-13,CUST0749,Books,Magazine,3,131529,0.13,14579.26,South,Bangalore,Net Banking
ORD07075,2025-04-03,CUST0643,Beauty,Face Cream,1,14596,0.11,2541.82,North,Delhi,Net Banking
ORD07076,2025-04-16,CUST0336,Beauty,Perfume,4,78232,0.09,6754.49,East,Bhubaneswar,Net Banking
ORD07077,2025-05-01,CUST1355,Electronics,Headphones,2,56042,0.15,4470.98,West,Mumbai,Credit Card
ORD07078,2025-12-10,CUST0906,Books,Novel,1,34408,0.29,3108.29,East,Bhubaneswar,Debit Card
ORD07079,2025-09-02,CUST1279,Electronics,Mobile Phone,5,17525,0.23,968.12,South,Bangalore,Net Banking
ORD07080,2025-02-11,CUST0653,Books,Magazine,5,9760,0.16,826.52,North,Jaipur,Credit Card
ORD07081,2025-12-26,CUST0029,Beauty,Perfume,3,145980,0.27,15844.18,North,Delhi,Cash on Delivery
ORD07082,2025-07-23,CUST1723,Clothing,Shoes,2,5654,0.09,1080.8,North,Delhi,Credit Card
ORD07083,2025-12-31,CUST1509,Clothing,Jeans,2,85240,0.15,5007.19,South,Bangalore,Net Banking
ORD07084,2025-07-18,CUST0185,Beauty,Shampoo,2,4452,0.14,950.07,North,Delhi,Net Banking
ORD07085,2025-11-01,CUST0898,Beauty,Perfume,4,156620,0.29,15158.59,North,Lucknow,Net Banking
ORD07086,2025-08-10,CUST1629,Electronics,Mobile Phone,4,130360,0.03,13171.98,South,Bangalore,Net Banking
ORD07087,2025-03-24,CUST1866,Clothing,Shoes,4,12756,0.02,1163.1,East,Patna,UPI
ORD07088,2025-11-14,CUST1640,Clothing,Shoes,2,12166,0.24,690.37,North,Lucknow,Cash on Delivery
ORD07089,2025-05-10,CUST1974,Electronics,Mobile Phone,2,15320,0.24,1687.92,South,Bangalore,Net Banking
ORD07090,2025-08-18,CUST1025,Books,Comics,4,129980,0.16,21507.93,East,Kolkata,Debit Card
ORD07091,2025-02-24,CUST0260,Electronics,Headphones,3,129357,0.03,6707.33,East,Patna,Cash on Delivery
ORD07092,2025-09-15,CUST0935,Books,Magazine,1,7472,0.08,1194.21,South,Bangalore,Cash on Delivery
ORD07093,2025-07-03,CUST1221,Electronics,Headphones,5,34640,0.29,1944.38,South,Bangalore,Net Banking
ORD07094,2025-09-14,CUST0862,Clothing,Jeans,4,191824,0.2,14238.76,North,Lucknow,Debit Card
ORD07095,2025-02-04,CUST0015,Clothing,T-Shirt,1,48246,0.04,9781.93,East,Kolkata,Net Banking
ORD07096,2025-04-08,CUST1243,Electronics,Smart Watch,4,84640,0.11,17499.73,South,Bangalore,Net Banking
ORD07097,2025-06-07,CUST0332,Books,Comics,4,61844,0.28,3622.77,West,Pune,Cash on Delivery
ORD07098,2025-04-14,CUST0697,Beauty,Perfume,1,6200,0.08,436.88,West,Mumbai,Credit Card
ORD07099,2025-07-27,CUST0291,Beauty,Face Wash,1,30496,0.02,5927.99,South,Bangalore,Cash on Delivery
ORD07100,2025-08-11,CUST0058,Beauty,Perfume,5,236370,0.26,19505.83,East,Bhubaneswar,Debit Card
ORD07101,2025-01-23,CUST1484,Beauty,Face Wash,1,46919,0.01,6055.47,North,Delhi,Credit Card
ORD07102,2025-07-01,CUST1784,Books,Magazine,3,67077,0.04,15862.15,South,Hyderabad,Cash on Delivery
ORD07103,2025-01-30,CUST1811,Electronics,Laptop,3,103800,0.0,16702.12,North,Lucknow,Cash on Delivery
ORD07104,2025-03-29,CUST0465,Furniture,Table,4,58996,0.2,3748.84,North,Delhi,Cash on Delivery
ORD07105,2025-08-03,CUST0021,Furniture,Sofa,3,42699,0.05,3527.8,East,Patna,Credit Card
ORD07106,2025-12-19,CUST1059,Beauty,Face Wash,2,38124,0.26,3529.5,West,Ahmedabad,Credit Card
ORD07107,2025-03-15,CUST0438,Beauty,Face Wash,3,104781,0.14,17073.02,East,Patna,UPI
ORD07108,2025-07-31,CUST0922,Beauty,Shampoo,3,75609,0.09,13637.02,North,Lucknow,Debit Card
ORD07109,2025-01-12,CUST1297,Electronics,Headphones,5,106770,0.2,9172.1,West,Pune,Net Banking
ORD07110,2025-08-01,CUST0530,Beauty,Face Wash,3,4833,0.14,616.7,North,Jaipur,Debit Card
ORD07111,2025-10-19,CUST0808,Books,Magazine,2,13562,0.09,2586.16,South,Hyderabad,Debit Card
ORD07112,2025-02-10,CUST1210,Clothing,Dress,2,53502,0.11,9470.14,North,Jaipur,UPI
ORD07113,2025-06-19,CUST1862,Beauty,Shampoo,2,93854,0.04,12199.82,North,Lucknow,Cash on Delivery
ORD07114,2025-02-19,CUST1823,Beauty,Face Cream,2,40626,0.07,3990.01,West,Pune,Cash on Delivery
ORD07115,2025-07-04,CUST1970,Books,Novel,1,35705,0.18,7007.28,East,Patna,Net Banking
ORD07116,2025-03-01,CUST1418,Beauty,Shampoo,5,52315,0.2,10186.55,East,Bhubaneswar,UPI
ORD07117,2025-02-16,CUST0350,Books,Comics,4,198760,0.11,18583.44,West,Ahmedabad,Credit Card
ORD07118,2025-08-31,CUST1645,Books,Magazine,1,44952,0.08,4617.87,West,Pune,UPI
ORD07119,2025-01-19,CUST1106,Books,Magazine,1,15407,0.27,678.92,East,Patna,UPI
ORD07120,2025-06-17,CUST1300,Books,Magazine,5,236595,0.07,43037.3,South,Hyderabad,Cash on Delivery
ORD07121,2025-02-12,CUST1489,Electronics,Headphones,1,38949,0.07,2418.6,South,Bangalore,Credit Card
ORD07122,2025-11-18,CUST0276,Electronics,Smart Watch,5,112265,0.07,12216.27,East,Patna,Debit Card
ORD07123,2025-08-06,CUST1151,Electronics,Smart Watch,4,184676,0.05,31827.01,West,Pune,Debit Card
ORD07124,2025-06-05,CUST0141,Beauty,Perfume,1,46901,0.05,7111.52,North,Lucknow,UPI
ORD07125,2025-02-16,CUST1765,Electronics,Laptop,1,24011,0.01,4904.7,South,Chennai,Debit Card
ORD07126,2025-02-03,CUST1830,Furniture,Table,4,177796,0.27,23248.61,South,Bangalore,UPI
ORD07127,2025-09-17,CUST1928,Furniture,Table,5,157070,0.12,27122.35,South,Hyderabad,Net Banking
ORD07128,2025-02-25,CUST1986,Electronics,Laptop,3,32214,0.11,3356.87,East,Patna,Net Banking
ORD07129,2025-10-14,CUST0220,Furniture,Table,1,13734,0.15,2486.69,West,Pune,UPI
ORD07130,2025-04-28,CUST0851,Clothing,Jeans,3,53037,0.17,5775.71,South,Chennai,Cash on Delivery
ORD07131,2025-10-16,CUST1442,Books,Novel,3,73767,0.08,10785.63,South,Hyderabad,Net Banking
ORD07132,2025-07-30,CUST0286,Beauty,Face Wash,3,97644,0.01,5930.95,South,Bangalore,Net Banking
ORD07133,2025-10-05,CUST0181,Furniture,Table,5,212710,0.01,49765.94,South,Chennai,UPI
ORD07134,2025-11-23,CUST0889,Beauty,Shampoo,5,227150,0.07,41151.11,West,Mumbai,UPI
ORD07135,2025-09-11,CUST0529,Clothing,Shoes,1,1052,0.27,39.51,North,Jaipur,Net Banking
ORD07136,2025-07-17,CUST0075,Clothing,T-Shirt,5,139930,0.28,23681.8,South,Chennai,UPI
ORD07137,2025-07-17,CUST0284,Beauty,Perfume,1,24212,0.11,4924.59,East,Bhubaneswar,Credit Card
ORD07138,2025-02-02,CUST1509,Books,Textbook,3,81822,0.25,11708.08,West,Pune,Debit Card
ORD07139,2025-10-09,CUST1892,Furniture,Bookshelf,1,38481,0.1,5903.78,East,Patna,UPI
ORD07140,2025-07-19,CUST1720,Books,Textbook,4,6636,0.26,1052.28,North,Jaipur,Cash on Delivery
ORD07141,2025-09-18,CUST0959,Clothing,Dress,2,13714,0.11,1215.85,North,Delhi,UPI
ORD07142,2025-12-07,CUST1279,Clothing,Jeans,3,82164,0.15,10202.26,North,Delhi,Cash on Delivery
ORD07143,2025-11-15,CUST1354,Books,Magazine,3,19149,0.02,1138.93,North,Jaipur,UPI
ORD07144,2025-05-26,CUST1577,Electronics,Mobile Phone,5,242925,0.13,17799.66,South,Hyderabad,Net Banking
ORD07145,2025-05-25,CUST1625,Furniture,Table,4,11408,0.28,834.89,North,Jaipur,Net Banking
ORD07146,2025-06-25,CUST1673,Electronics,Mobile Phone,1,3963,0.07,646.23,North,Lucknow,Cash on Delivery
ORD07147,2025-05-24,CUST0501,Electronics,Headphones,2,85896,0.24,14199.46,South,Hyderabad,Cash on Delivery
ORD07148,2025-06-22,CUST0428,Furniture,Bookshelf,4,56556,0.12,8047.76,East,Kolkata,Net Banking
ORD07149,2025-04-30,CUST0516,Books,Comics,2,50260,0.28,6530.01,West,Ahmedabad,UPI
ORD07150,2025-07-01,CUST1922,Electronics,Headphones,4,72520,0.24,9919.15,South,Bangalore,UPI
ORD07151,2025-07-26,CUST1168,Beauty,Face Wash,2,4378,0.1,245.07,South,Hyderabad,Cash on Delivery
ORD07152,2025-08-22,CUST0290,Furniture,Sofa,2,51486,0.26,6157.08,East,Patna,Debit Card
ORD07153,2025-12-16,CUST0318,Beauty,Face Cream,1,38594,0.24,2334.16,South,Chennai,Debit Card
ORD07154,2025-09-09,CUST0496,Electronics,Laptop,1,24594,0.11,1935.01,West,Pune,UPI
ORD07155,2025-10-25,CUST1889,Beauty,Face Wash,1,22924,0.04,4471.9,South,Chennai,Credit Card
ORD07156,2025-11-12,CUST1270,Beauty,Face Cream,5,195045,0.15,23875.69,West,Mumbai,Debit Card
ORD07157,2025-08-08,CUST1577,Furniture,Sofa,1,16266,0.19,2156.78,South,Chennai,Net Banking
ORD07158,2025-12-10,CUST1631,Books,Magazine,5,99140,0.03,9140.23,South,Bangalore,Cash on Delivery
ORD07159,2025-01-19,CUST1245,Furniture,Bookshelf,3,50502,0.14,8440.45,West,Pune,Cash on Delivery
ORD07160,2025-08-11,CUST0059,Furniture,Chair,4,56628,0.15,5909.7,South,Bangalore,Credit Card
ORD07161,2025-10-05,CUST1891,Electronics,Smart Watch,1,20154,0.08,3663.65,North,Lucknow,UPI
ORD07162,2025-06-25,CUST0522,Furniture,Table,2,19088,0.14,1713.24,East,Kolkata,Cash on Delivery
ORD07163,2025-02-07,CUST1845,Furniture,Chair,3,113202,0.04,8398.87,South,Bangalore,Net Banking
ORD07164,2025-09-23,CUST0789,Clothing,T-Shirt,3,16875,0.2,1467.71,West,Pune,Credit Card
ORD07165,2025-03-26,CUST1565,Books,Magazine,5,96115,0.1,13334.93,South,Chennai,Net Banking
ORD07166,2025-01-15,CUST1512,Electronics,Mobile Phone,3,138426,0.0,25972.31,West,Mumbai,Net Banking
ORD07167,2025-07-08,CUST1422,Books,Comics,4,12980,0.02,1004.53,West,Ahmedabad,UPI
ORD07168,2025-12-18,CUST0512,Books,Textbook,3,9696,0.02,1078.94,West,Pune,UPI
ORD07169,2025-03-21,CUST0906,Clothing,Jeans,4,80416,0.17,5817.13,South,Hyderabad,Credit Card
ORD07170,2025-09-04,CUST0870,Furniture,Table,2,67014,0.17,5103.84,East,Kolkata,Debit Card
ORD07171,2025-08-31,CUST0974,Books,Textbook,2,20824,0.25,1403.23,South,Hyderabad,Debit Card
ORD07172,2025-06-26,CUST0250,Clothing,Jeans,1,25426,0.09,2339.34,West,Pune,Debit Card
ORD07173,2025-07-05,CUST1830,Furniture,Table,4,12476,0.1,1075.19,West,Mumbai,Debit Card
ORD07174,2025-05-18,CUST0967,Furniture,Table,5,188025,0.23,9046.26,North,Lucknow,Cash on Delivery
ORD07175,2025-02-23,CUST0254,Furniture,Table,3,43095,0.21,6869.5,East,Patna,UPI
ORD07176,2025-08-07,CUST0208,Clothing,T-Shirt,1,12712,0.03,2675.76,South,Chennai,Cash on Delivery
ORD07177,2025-11-24,CUST0062,Beauty,Face Cream,5,151785,0.06,26505.72,East,Kolkata,Credit Card
ORD07178,2025-12-01,CUST1026,Books,Comics,2,58286,0.1,11088.45,South,Chennai,UPI
ORD07179,2025-09-03,CUST0155,Electronics,Laptop,5,181575,0.16,27559.75,West,Pune,UPI
ORD07180,2025-01-28,CUST0118,Furniture,Table,3,49854,0.26,7811.8,East,Kolkata,Net Banking
ORD07181,2025-11-15,CUST0509,Beauty,Perfume,5,217350,0.02,46788.7,West,Pune,Cash on Delivery
ORD07182,2025-10-21,CUST0716,Clothing,Jeans,5,71580,0.12,12897.11,South,Chennai,Debit Card
ORD07183,2025-10-13,CUST1074,Books,Textbook,5,49535,0.0,5454.73,West,Pune,Debit Card
ORD07184,2025-12-05,CUST1318,Electronics,Mobile Phone,3,92583,0.18,10002.15,South,Chennai,Net Banking
ORD07185,2025-03-08,CUST0082,Electronics,Mobile Phone,4,160860,0.04,13478.58,West,Mumbai,Net Banking
ORD07186,2025-01-06,CUST0143,Books,Magazine,4,36952,0.1,1885.76,West,Mumbai,Credit Card
ORD07187,2025-03-24,CUST0267,Electronics,Laptop,4,97772,0.28,10825.27,East,Kolkata,Credit Card
ORD07188,2025-09-11,CUST1053,Beauty,Face Cream,3,118032,0.19,21647.85,East,Patna,Debit Card
ORD07189,2025-07-22,CUST1865,Books,Magazine,3,11940,0.3,807.14,West,Mumbai,Cash on Delivery
ORD07190,2025-08-15,CUST1159,Beauty,Perfume,2,64016,0.27,9981.52,West,Mumbai,Cash on Delivery
ORD07191,2025-10-22,CUST1895,Beauty,Face Cream,4,118220,0.26,16783.25,North,Delhi,Net Banking
ORD07192,2025-06-22,CUST0990,Books,Textbook,3,7992,0.03,687.11,West,Ahmedabad,Net Banking
ORD07193,2025-08-25,CUST1916,Clothing,Jeans,5,91560,0.29,11204.16,South,Hyderabad,UPI
ORD07194,2025-12-13,CUST0475,Books,Comics,4,41776,0.11,6502.47,East,Kolkata,Cash on Delivery
ORD07195,2025-11-21,CUST0601,Furniture,Table,5,157710,0.24,16544.77,North,Jaipur,Debit Card
ORD07196,2025-01-03,CUST1110,Books,Textbook,5,77020,0.11,13812.24,North,Lucknow,Net Banking
ORD07197,2025-09-27,CUST1568,Books,Novel,1,29260,0.18,2567.88,South,Chennai,UPI
ORD07198,2025-11-17,CUST0374,Beauty,Face Wash,3,141003,0.07,31874.85,East,Kolkata,Debit Card
ORD07199,2025-08-27,CUST1890,Furniture,Chair,1,13112,0.02,2122.27,East,Kolkata,Credit Card
ORD07200,2025-04-12,CUST1969,Beauty,Perfume,2,62654,0.29,6441.03,North,Lucknow,Credit Card
ORD07201,2025-12-28,CUST1776,Clothing,T-Shirt,2,83494,0.12,4257.39,East,Patna,Net Banking
ORD07202,2025-05-30,CUST1032,Clothing,Dress,3,45507,0.29,4100.68,West,Pune,Net Banking
ORD07203,2025-08-13,CUST1500,Books,Comics,2,97436,0.16,14713.31,South,Bangalore,Debit Card
ORD07204,2025-02-03,CUST1095,Electronics,Mobile Phone,5,98685,0.21,11144.15,North,Lucknow,Net Banking
ORD07205,2025-04-30,CUST0173,Books,Novel,5,212755,0.21,10823.85,West,Ahmedabad,Net Banking
ORD07206,2025-08-17,CUST0518,Electronics,Headphones,4,119452,0.3,17202.05,South,Hyderabad,Cash on Delivery
ORD07207,2025-08-22,CUST1124,Books,Magazine,4,79720,0.12,4581.87,South,Hyderabad,UPI
ORD07208,2025-06-13,CUST1956,Clothing,Shoes,3,123336,0.04,15973.91,West,Ahmedabad,Net Banking
ORD07209,2025-05-31,CUST1280,Books,Comics,1,27324,0.22,3122.64,South,Hyderabad,UPI
ORD07210,2025-12-12,CUST0485,Furniture,Sofa,2,32136,0.07,2727.48,East,Bhubaneswar,UPI
ORD07211,2025-12-15,CUST0629,Beauty,Perfume,1,2780,0.07,201.93,South,Hyderabad,Cash on Delivery
ORD07212,2025-09-08,CUST0610,Electronics,Headphones,5,119730,0.29,7575.96,North,Lucknow,Debit Card
ORD07213,2025-11-24,CUST0042,Furniture,Chair,1,13477,0.11,2681.91,North,Lucknow,Debit Card
ORD07214,2025-01-02,CUST1926,Beauty,Shampoo,2,87328,0.05,8165.4,South,Hyderabad,Credit Card
ORD07215,2025-05-14,CUST0303,Electronics,Mobile Phone,4,19372,0.25,1916.26,South,Hyderabad,Net Banking
ORD07216,2025-10-02,CUST1360,Furniture,Bookshelf,3,128547,0.24,16803.39,North,Delhi,UPI
ORD07217,2025-11-10,CUST1231,Clothing,Jeans,4,9604,0.25,434.35,South,Chennai,Credit Card
ORD07218,2025-03-29,CUST1489,Furniture,Bookshelf,1,6226,0.09,307.66,South,Hyderabad,UPI
ORD07219,2025-07-31,CUST0148,Furniture,Chair,1,19032,0.02,2644.72,North,Lucknow,Cash on Delivery
ORD07220,2025-05-22,CUST1920,Beauty,Shampoo,5,195625,0.07,13902.24,South,Hyderabad,Debit Card
ORD07221,2025-12-15,CUST1023,Furniture,Chair,2,88726,0.2,14164.67,South,Hyderabad,Net Banking
ORD07222,2025-08-10,CUST0694,Electronics,Mobile Phone,3,32979,0.14,3477.63,South,Chennai,Cash on Delivery
ORD07223,2025-04-22,CUST1772,Electronics,Mobile Phone,1,45658,0.08,3114.2,West,Mumbai,Debit Card
ORD07224,2025-03-03,CUST0250,Electronics,Smart Watch,2,11802,0.27,1080.81,North,Jaipur,Debit Card
ORD07225,2025-01-13,CUST1399,Electronics,Laptop,3,67836,0.28,4261.5,West,Pune,Net Banking
ORD07226,2025-11-02,CUST0630,Furniture,Sofa,3,72147,0.04,4804.29,South,Bangalore,Cash on Delivery
ORD07227,2025-08-30,CUST1246,Furniture,Chair,5,52370,0.07,7418.47,West,Mumbai,Net Banking
ORD07228,2025-01-13,CUST1224,Clothing,Jeans,2,94296,0.11,11598.94,South,Chennai,Net Banking
ORD07229,2025-01-31,CUST0250,Books,Textbook,2,47408,0.21,2369.64,South,Bangalore,Credit Card
ORD07230,2025-03-10,CUST0541,Furniture,Sofa,3,75057,0.28,12704.93,South,Chennai,Net Banking
ORD07231,2025-07-26,CUST0188,Books,Comics,4,34296,0.06,6508.94,North,Lucknow,Net Banking
ORD07232,2025-02-03,CUST1353,Books,Novel,1,46564,0.3,7412.68,East,Kolkata,Credit Card
ORD07233,2025-03-12,CUST1486,Beauty,Shampoo,1,28360,0.21,1337.66,North,Lucknow,Net Banking
ORD07234,2025-05-26,CUST1171,Beauty,Perfume,5,156395,0.13,7489.96,East,Bhubaneswar,Credit Card
ORD07235,2025-05-01,CUST0751,Electronics,Mobile Phone,5,72995,0.21,6388.62,South,Hyderabad,Debit Card
ORD07236,2025-02-12,CUST1006,Beauty,Face Wash,3,87972,0.09,18218.17,North,Lucknow,Cash on Delivery
ORD07237,2025-05-01,CUST0313,Electronics,Headphones,3,104061,0.17,10818.89,East,Bhubaneswar,Credit Card
ORD07238,2025-09-30,CUST1220,Furniture,Bookshelf,1,35506,0.28,1793.0,West,Mumbai,Net Banking
ORD07239,2025-11-03,CUST0307,Beauty,Shampoo,2,51848,0.06,4350.13,South,Hyderabad,Cash on Delivery
ORD07240,2025-06-27,CUST0298,Clothing,T-Shirt,2,33982,0.01,7103.14,East,Patna,UPI
ORD07241,2025-08-16,CUST0489,Beauty,Face Cream,1,43668,0.16,6342.22,North,Delhi,Credit Card
ORD07242,2025-10-27,CUST1261,Clothing,Dress,3,131265,0.05,20128.47,West,Mumbai,Net Banking
ORD07243,2025-08-17,CUST1593,Beauty,Perfume,1,12947,0.03,1601.75,South,Hyderabad,Credit Card
ORD07244,2025-05-29,CUST0469,Books,Novel,5,84545,0.01,8232.69,East,Patna,UPI
ORD07245,2025-09-22,CUST1800,Books,Novel,4,185608,0.06,22488.93,East,Patna,Cash on Delivery
ORD07246,2025-03-19,CUST1822,Beauty,Face Wash,1,22109,0.21,3421.59,West,Mumbai,Credit Card
ORD07247,2025-03-22,CUST0072,Beauty,Shampoo,4,121340,0.26,19011.8,East,Bhubaneswar,UPI
ORD07248,2025-10-23,CUST0886,Furniture,Chair,5,238605,0.23,11104.12,West,Ahmedabad,Debit Card
ORD07249,2025-07-31,CUST0926,Clothing,Dress,2,5168,0.03,720.81,South,Hyderabad,UPI
ORD07250,2025-11-12,CUST0221,Clothing,Dress,1,5045,0.11,791.73,East,Patna,Credit Card
ORD07251,2025-07-29,CUST1323,Beauty,Shampoo,4,106888,0.05,24829.36,West,Mumbai,Credit Card
ORD07252,2025-08-08,CUST0964,Beauty,Face Cream,4,5076,0.25,633.09,East,Bhubaneswar,Debit Card
ORD07253,2025-07-02,CUST0273,Furniture,Sofa,4,40048,0.07,3017.94,West,Mumbai,Cash on Delivery
ORD07254,2025-12-07,CUST1053,Furniture,Table,4,90824,0.28,8602.61,East,Patna,UPI
ORD07255,2025-06-27,CUST1918,Electronics,Smart Watch,3,83952,0.25,11791.8,North,Delhi,Credit Card
ORD07256,2025-09-29,CUST0940,Electronics,Headphones,3,40665,0.19,5570.43,North,Jaipur,Credit Card
ORD07257,2025-11-14,CUST1339,Beauty,Shampoo,3,120642,0.22,8981.54,West,Ahmedabad,Credit Card
ORD07258,2025-05-07,CUST1410,Furniture,Chair,3,50778,0.17,10429.28,South,Hyderabad,Credit Card
ORD07259,2025-09-26,CUST1926,Books,Novel,4,18384,0.01,1642.81,North,Lucknow,UPI
ORD07260,2025-06-25,CUST1576,Electronics,Mobile Phone,2,77566,0.21,13399.58,South,Hyderabad,Debit Card
ORD07261,2025-04-22,CUST1553,Clothing,Dress,1,9258,0.25,742.72,East,Bhubaneswar,Net Banking
ORD07262,2025-11-11,CUST1506,Furniture,Sofa,5,154515,0.23,11937.19,East,Patna,UPI
ORD07263,2025-06-17,CUST0209,Books,Comics,4,59452,0.04,11298.73,North,Lucknow,Net Banking
ORD07264,2025-07-06,CUST1982,Furniture,Sofa,2,33296,0.09,1671.7,West,Mumbai,Net Banking
ORD07265,2025-12-09,CUST1349,Clothing,Jeans,2,59426,0.2,7004.24,South,Chennai,Credit Card
ORD07266,2025-09-29,CUST1234,Furniture,Sofa,2,81284,0.19,13942.83,East,Patna,Debit Card
ORD07267,2025-02-04,CUST0717,Books,Novel,5,6450,0.1,1004.32,East,Patna,Debit Card
ORD07268,2025-08-25,CUST0408,Beauty,Perfume,3,27717,0.25,4692.16,East,Bhubaneswar,UPI
ORD07269,2025-09-03,CUST0123,Electronics,Mobile Phone,3,92568,0.01,19331.92,South,Bangalore,Debit Card
ORD07270,2025-05-30,CUST1851,Clothing,T-Shirt,5,202195,0.03,15333.51,East,Patna,Debit Card
ORD07271,2025-05-03,CUST1046,Beauty,Perfume,4,130080,0.23,16472.12,South,Chennai,UPI
ORD07272,2025-01-06,CUST1877,Furniture,Bookshelf,2,2156,0.06,285.22,North,Delhi,Debit Card
ORD07273,2025-06-19,CUST0933,Books,Novel,4,157920,0.17,7113.24,North,Lucknow,Net Banking
ORD07274,2025-02-05,CUST0468,Beauty,Face Cream,5,19600,0.22,2256.47,North,Delhi,Cash on Delivery
ORD07275,2025-01-05,CUST0511,Clothing,Jeans,4,138400,0.08,31816.15,East,Bhubaneswar,Credit Card
ORD07276,2025-11-25,CUST1867,Clothing,Jeans,2,92434,0.15,10631.41,North,Delhi,UPI
ORD07277,2025-12-20,CUST1544,Books,Magazine,4,5800,0.18,531.25,West,Mumbai,Net Banking
ORD07278,2025-12-05,CUST1305,Furniture,Bookshelf,1,27437,0.17,4518.01,South,Bangalore,Debit Card
ORD07279,2025-06-28,CUST0409,Furniture,Chair,5,219110,0.02,12401.64,West,Ahmedabad,Debit Card
ORD07280,2025-11-24,CUST1691,Electronics,Headphones,4,76944,0.17,14654.77,South,Bangalore,Credit Card
ORD07281,2025-05-19,CUST0726,Electronics,Laptop,5,193560,0.27,30994.29,North,Jaipur,Cash on Delivery
ORD07282,2025-08-21,CUST1701,Furniture,Sofa,1,31260,0.29,1857.66,South,Hyderabad,Debit Card
ORD07283,2025-10-17,CUST0161,Furniture,Chair,4,36556,0.1,5420.88,South,Hyderabad,Cash on Delivery
ORD07284,2025-05-01,CUST0987,Books,Novel,1,21296,0.06,1557.59,South,Bangalore,Credit Card
ORD07285,2025-07-14,CUST1152,Clothing,Shoes,4,31264,0.28,3231.62,South,Hyderabad,UPI
ORD07286,2025-07-03,CUST0315,Clothing,Jeans,1,32756,0.15,1554.58,East,Patna,Debit Card
ORD07287,2025-04-02,CUST0147,Furniture,Sofa,4,170640,0.16,17671.64,South,Bangalore,UPI
ORD07288,2025-01-12,CUST0124,Clothing,Dress,4,26024,0.09,2424.23,West,Ahmedabad,Debit Card
ORD07289,2025-11-15,CUST0173,Beauty,Perfume,1,22844,0.05,3191.33,East,Kolkata,UPI
ORD07290,2025-05-02,CUST0020,Electronics,Mobile Phone,3,68541,0.28,6473.09,East,Bhubaneswar,Credit Card
ORD07291,2025-01-26,CUST0622,Electronics,Laptop,4,92960,0.2,6525.09,West,Ahmedabad,Credit Card
ORD07292,2025-03-22,CUST1069,Electronics,Headphones,3,92907,0.27,3521.39,South,Chennai,Debit Card
ORD07293,2025-01-11,CUST1149,Books,Textbook,2,53884,0.14,5057.6,North,Delhi,Net Banking
ORD07294,2025-12-15,CUST1687,Clothing,Jeans,5,106450,0.27,14598.44,North,Delhi,Cash on Delivery
ORD07295,2025-12-05,CUST0769,Furniture,Chair,2,21974,0.11,2141.91,North,Lucknow,Debit Card
ORD07296,2025-01-14,CUST1156,Clothing,T-Shirt,5,40530,0.22,7438.4,North,Delhi,Cash on Delivery
ORD07297,2025-08-29,CUST1823,Beauty,Face Wash,3,98415,0.03,18175.29,South,Hyderabad,Net Banking
ORD07298,2025-11-12,CUST0394,Beauty,Face Cream,5,58855,0.14,8370.54,North,Lucknow,Debit Card
ORD07299,2025-07-25,CUST1030,Books,Comics,3,103665,0.0,10680.72,South,Hyderabad,Net Banking
ORD07300,2025-08-20,CUST1734,Electronics,Laptop,1,6746,0.14,694.05,West,Pune,Debit Card
ORD07301,2025-08-08,CUST0638,Electronics,Smart Watch,5,42655,0.11,3350.45,North,Jaipur,UPI
ORD07302,2025-09-29,CUST1333,Books,Magazine,2,4400,0.01,711.09,North,Delhi,UPI
ORD07303,2025-06-20,CUST0608,Books,Magazine,3,88608,0.12,18898.99,North,Lucknow,Debit Card
ORD07304,2025-04-15,CUST0056,Electronics,Headphones,4,44608,0.02,9168.82,North,Delhi,Debit Card
ORD07305,2025-12-31,CUST0584,Electronics,Laptop,2,77828,0.23,3201.73,East,Patna,Cash on Delivery
ORD07306,2025-07-07,CUST1566,Clothing,T-Shirt,5,102400,0.07,7960.46,West,Mumbai,Cash on Delivery
ORD07307,2025-06-29,CUST0263,Clothing,Dress,4,112276,0.25,6612.47,South,Hyderabad,Credit Card
ORD07308,2025-11-27,CUST1243,Books,Novel,4,82500,0.27,11490.34,East,Bhubaneswar,Net Banking
ORD07309,2025-07-05,CUST0064,Furniture,Table,3,48264,0.24,5716.52,West,Pune,Cash on Delivery
ORD07310,2025-05-21,CUST1786,Furniture,Table,5,12395,0.3,1251.93,North,Delhi,Debit Card
ORD07311,2025-03-12,CUST1917,Clothing,Jeans,2,91452,0.23,6137.14,West,Ahmedabad,Credit Card
ORD07312,2025-11-21,CUST1669,Electronics,Smart Watch,4,174132,0.0,16707.29,South,Hyderabad,Credit Card
ORD07313,2025-11-22,CUST0722,Books,Magazine,2,89484,0.22,3913.34,North,Lucknow,Credit Card
ORD07314,2025-07-17,CUST1559,Electronics,Mobile Phone,5,96620,0.03,5139.25,North,Delhi,Net Banking
ORD07315,2025-12-07,CUST1311,Beauty,Perfume,2,19284,0.07,2305.83,West,Pune,Cash on Delivery
ORD07316,2025-12-31,CUST1789,Beauty,Face Cream,3,30084,0.03,4648.16,West,Ahmedabad,Cash on Delivery
ORD07317,2025-02-15,CUST0900,Clothing,Jeans,3,139947,0.21,14284.1,North,Lucknow,Debit Card
ORD07318,2025-02-12,CUST1071,Clothing,Jeans,5,145305,0.18,8074.36,North,Lucknow,UPI
ORD07319,2025-06-13,CUST1307,Books,Novel,3,66204,0.21,10082.28,West,Pune,Credit Card
ORD07320,2025-07-17,CUST1584,Beauty,Shampoo,1,2719,0.05,232.73,North,Jaipur,Credit Card
ORD07321,2025-08-30,CUST1336,Books,Magazine,1,26197,0.26,1457.43,East,Kolkata,UPI
ORD07322,2025-12-02,CUST0529,Clothing,Jeans,2,92308,0.2,17989.53,North,Lucknow,Net Banking
ORD07323,2025-11-02,CUST1003,Electronics,Smart Watch,3,90063,0.02,13728.08,West,Ahmedabad,Credit Card
ORD07324,2025-06-28,CUST1967,Books,Comics,1,5440,0.01,359.02,North,Lucknow,Debit Card
ORD07325,2025-04-23,CUST1835,Furniture,Sofa,3,57822,0.15,11014.28,East,Bhubaneswar,Net Banking
ORD07326,2025-01-12,CUST1631,Electronics,Mobile Phone,3,96570,0.09,19907.37,North,Jaipur,Cash on Delivery
ORD07327,2025-05-08,CUST0813,Books,Comics,5,123750,0.06,26532.61,South,Chennai,Credit Card
ORD07328,2025-01-26,CUST1440,Clothing,T-Shirt,4,41564,0.28,6269.5,East,Bhubaneswar,Cash on Delivery
ORD07329,2025-09-14,CUST1585,Clothing,Shoes,2,17012,0.26,2434.51,West,Ahmedabad,Debit Card
ORD07330,2025-04-20,CUST1190,Clothing,T-Shirt,3,45087,0.18,8711.12,West,Mumbai,Debit Card
ORD07331,2025-01-30,CUST1209,Books,Magazine,2,34330,0.06,3498.58,East,Kolkata,Credit Card
ORD07332,2025-05-11,CUST0614,Furniture,Chair,2,54640,0.07,11844.56,West,Ahmedabad,Net Banking
ORD07333,2025-09-29,CUST1252,Clothing,T-Shirt,1,24784,0.3,2037.75,East,Kolkata,Cash on Delivery
ORD07334,2025-07-19,CUST1023,Electronics,Laptop,4,130536,0.24,8315.13,South,Hyderabad,Debit Card
ORD07335,2025-08-24,CUST1704,Beauty,Perfume,2,41578,0.1,7023.62,North,Jaipur,UPI
ORD07336,2025-01-20,CUST0353,Electronics,Mobile Phone,5,9775,0.12,1035.04,North,Jaipur,Cash on Delivery
ORD07337,2025-05-31,CUST1618,Furniture,Bookshelf,2,11064,0.08,1347.95,South,Chennai,Credit Card
ORD07338,2025-07-22,CUST1549,Electronics,Smart Watch,4,95928,0.3,11061.01,North,Jaipur,Cash on Delivery
ORD07339,2025-08-15,CUST1710,Furniture,Sofa,2,39832,0.21,4490.65,South,Bangalore,Cash on Delivery
ORD07340,2025-10-09,CUST1847,Clothing,Jeans,5,128590,0.12,11265.73,West,Ahmedabad,Cash on Delivery
ORD07341,2025-09-04,CUST1738,Electronics,Smart Watch,3,123813,0.15,21546.69,North,Jaipur,Debit Card
ORD07342,2025-02-13,CUST1535,Electronics,Headphones,4,170452,0.18,16743.29,East,Kolkata,Net Banking
ORD07343,2025-04-01,CUST1263,Electronics,Laptop,3,85809,0.1,16144.71,East,Patna,Credit Card
ORD07344,2025-12-29,CUST0546,Beauty,Shampoo,2,34868,0.2,1454.78,South,Bangalore,Cash on Delivery
ORD07345,2025-01-28,CUST0310,Beauty,Perfume,5,80060,0.17,13790.19,South,Chennai,Cash on Delivery
ORD07346,2025-05-16,CUST1872,Books,Magazine,4,54884,0.25,9209.27,South,Hyderabad,UPI
ORD07347,2025-02-11,CUST0614,Clothing,Dress,5,150195,0.16,27672.12,North,Delhi,UPI
ORD07348,2025-04-28,CUST1792,Clothing,T-Shirt,5,10495,0.12,2214.92,North,Delhi,Cash on Delivery
ORD07349,2025-06-08,CUST1900,Books,Textbook,2,60608,0.28,7785.34,South,Hyderabad,Cash on Delivery
ORD07350,2025-12-08,CUST1559,Beauty,Shampoo,3,105984,0.22,13790.99,North,Jaipur,Cash on Delivery
ORD07351,2025-03-14,CUST0187,Clothing,Dress,5,38920,0.02,2381.02,North,Delhi,Credit Card
ORD07352,2025-02-21,CUST1258,Furniture,Sofa,4,128312,0.16,20510.59,West,Pune,Net Banking
ORD07353,2025-04-15,CUST0252,Beauty,Perfume,2,32912,0.16,3902.42,East,Bhubaneswar,UPI
ORD07354,2025-08-23,CUST0391,Beauty,Face Wash,1,13155,0.03,1836.6,West,Pune,Debit Card
ORD07355,2025-09-04,CUST1620,Clothing,Jeans,1,18200,0.27,904.78,West,Pune,Debit Card
ORD07356,2025-04-11,CUST0679,Beauty,Shampoo,2,8484,0.18,1525.92,South,Bangalore,Credit Card
ORD07357,2025-06-24,CUST0640,Furniture,Sofa,5,176335,0.14,32785.9,South,Chennai,Cash on Delivery
ORD07358,2025-02-20,CUST0272,Beauty,Shampoo,4,94744,0.21,10621.85,North,Jaipur,Net Banking
ORD07359,2025-07-20,CUST0402,Electronics,Mobile Phone,3,21108,0.28,3434.76,North,Delhi,Net Banking
ORD07360,2025-04-10,CUST0703,Beauty,Shampoo,1,35227,0.06,2339.9,North,Delhi,Credit Card
ORD07361,2025-07-28,CUST0395,Beauty,Shampoo,3,81822,0.27,9064.74,North,Lucknow,Net Banking
ORD07362,2025-05-14,CUST0539,Furniture,Sofa,5,104670,0.24,16864.34,West,Mumbai,Cash on Delivery
ORD07363,2025-12-06,CUST1499,Furniture,Bookshelf,3,98934,0.17,8189.44,North,Lucknow,UPI
ORD07364,2025-04-11,CUST1084,Books,Comics,4,186624,0.16,35775.73,East,Bhubaneswar,Net Banking
ORD07365,2025-02-12,CUST0955,Clothing,Jeans,2,92654,0.08,14632.12,East,Bhubaneswar,Net Banking
ORD07366,2025-10-14,CUST1322,Beauty,Face Cream,5,61335,0.14,6646.4,North,Lucknow,Debit Card
ORD07367,2025-11-10,CUST0743,Beauty,Perfume,4,185996,0.06,32805.05,West,Ahmedabad,Cash on Delivery
ORD07368,2025-03-15,CUST0243,Books,Novel,5,218335,0.3,20983.26,East,Patna,Cash on Delivery
ORD07369,2025-09-24,CUST0049,Clothing,Dress,4,198300,0.08,40736.61,West,Ahmedabad,UPI
ORD07370,2025-12-05,CUST1526,Electronics,Headphones,1,33639,0.09,7197.81,North,Lucknow,Cash on Delivery
ORD07371,2025-10-24,CUST1718,Furniture,Sofa,2,7618,0.11,663.5,North,Delhi,Debit Card
ORD07372,2025-08-18,CUST0501,Beauty,Shampoo,2,50334,0.26,7273.02,South,Bangalore,Net Banking
ORD07373,2025-03-16,CUST0750,Clothing,Shoes,4,188152,0.21,8502.87,West,Mumbai,UPI
ORD07374,2025-02-18,CUST1267,Books,Novel,5,57465,0.26,10390.79,West,Ahmedabad,Net Banking
ORD07375,2025-04-03,CUST0502,Electronics,Headphones,1,25159,0.19,3502.91,West,Ahmedabad,Credit Card
ORD07376,2025-01-25,CUST0168,Clothing,Shoes,2,53398,0.21,7903.37,West,Ahmedabad,Net Banking
ORD07377,2025-08-26,CUST0347,Beauty,Face Cream,1,11650,0.01,2265.43,North,Delhi,Credit Card
ORD07378,2025-11-13,CUST1217,Electronics,Mobile Phone,4,79428,0.2,11138.86,South,Chennai,Credit Card
ORD07379,2025-12-31,CUST0688,Books,Comics,2,37590,0.27,1458.4,West,Mumbai,Net Banking
ORD07380,2025-07-16,CUST1600,Beauty,Face Cream,4,155472,0.06,30165.46,East,Bhubaneswar,Cash on Delivery
ORD07381,2025-07-12,CUST1679,Clothing,Dress,5,245775,0.13,48792.97,South,Hyderabad,Credit Card
ORD07382,2025-09-14,CUST1898,Books,Novel,2,87764,0.12,7007.59,West,Pune,Net Banking
ORD07383,2025-08-30,CUST0113,Electronics,Smart Watch,1,1109,0.06,98.51,South,Hyderabad,Cash on Delivery
ORD07384,2025-05-08,CUST0798,Electronics,Smart Watch,1,30532,0.2,4593.79,North,Jaipur,UPI
ORD07385,2025-11-20,CUST0573,Clothing,Jeans,5,32295,0.16,2750.34,South,Chennai,Net Banking
ORD07386,2025-06-24,CUST1149,Beauty,Face Wash,3,32517,0.07,4717.74,North,Lucknow,Net Banking
ORD07387,2025-03-10,CUST1776,Beauty,Face Cream,4,121800,0.21,9134.33,East,Kolkata,Credit Card
ORD07388,2025-05-30,CUST1873,Beauty,Shampoo,1,16216,0.09,1893.3,North,Delhi,Credit Card
ORD07389,2025-04-25,CUST1719,Books,Novel,2,30040,0.17,2919.36,North,Jaipur,Credit Card
ORD07390,2025-02-06,CUST1035,Clothing,Shoes,5,6775,0.04,1625.54,East,Kolkata,Debit Card
ORD07391,2025-12-12,CUST0107,Books,Comics,3,119610,0.26,5529.49,West,Pune,UPI
ORD07392,2025-07-15,CUST1286,Beauty,Perfume,2,38226,0.12,6643.14,North,Lucknow,UPI
ORD07393,2025-06-09,CUST0967,Beauty,Face Wash,2,15706,0.2,1867.01,West,Mumbai,Credit Card
ORD07394,2025-08-14,CUST1017,Beauty,Perfume,3,9099,0.29,1020.0,South,Chennai,Credit Card
ORD07395,2025-12-29,CUST0114,Beauty,Face Wash,4,104096,0.16,16432.98,South,Hyderabad,Cash on Delivery
ORD07396,2025-12-14,CUST1808,Clothing,Dress,5,7815,0.22,927.02,South,Chennai,Credit Card
ORD07397,2025-07-10,CUST0501,Electronics,Mobile Phone,4,153116,0.28,18573.43,South,Chennai,Debit Card
ORD07398,2025-07-03,CUST1663,Clothing,T-Shirt,4,133732,0.01,18705.39,East,Bhubaneswar,Credit Card
ORD07399,2025-12-14,CUST1441,Beauty,Perfume,3,36192,0.19,6985.49,East,Bhubaneswar,Net Banking
ORD07400,2025-01-09,CUST1828,Electronics,Headphones,1,13249,0.12,603.94,South,Hyderabad,Debit Card
ORD07401,2025-11-15,CUST0700,Beauty,Shampoo,1,2006,0.03,316.75,East,Kolkata,UPI
ORD07402,2025-08-22,CUST0719,Electronics,Mobile Phone,3,83772,0.04,5658.22,South,Bangalore,Credit Card
ORD07403,2025-03-22,CUST0482,Electronics,Headphones,3,53166,0.02,11385.47,South,Hyderabad,Net Banking
ORD07404,2025-10-29,CUST0197,Beauty,Face Wash,4,76204,0.04,8417.95,South,Bangalore,Net Banking
ORD07405,2025-08-05,CUST1396,Books,Textbook,4,87456,0.03,13279.85,West,Pune,Debit Card
ORD07406,2025-10-11,CUST1048,Beauty,Face Cream,1,13850,0.06,2110.64,North,Jaipur,Net Banking
ORD07407,2025-12-28,CUST0730,Furniture,Bookshelf,4,35132,0.13,2913.14,East,Kolkata,Credit Card
ORD07408,2025-04-09,CUST1357,Books,Comics,5,55140,0.26,2835.09,North,Lucknow,UPI
ORD07409,2025-12-20,CUST1737,Clothing,Dress,1,43308,0.04,10014.25,South,Chennai,Net Banking
ORD07410,2025-09-02,CUST1113,Books,Novel,4,152440,0.21,7114.42,East,Kolkata,Credit Card
ORD07411,2025-08-16,CUST1805,Furniture,Chair,4,174196,0.0,29114.67,East,Bhubaneswar,Net Banking
ORD07412,2025-03-04,CUST0941,Furniture,Sofa,4,19660,0.07,3293.03,West,Mumbai,Net Banking
ORD07413,2025-09-18,CUST0976,Books,Novel,2,52422,0.13,5952.5,West,Ahmedabad,Debit Card
ORD07414,2025-02-05,CUST0187,Clothing,Jeans,5,96640,0.09,9878.22,South,Chennai,Cash on Delivery
ORD07415,2025-02-12,CUST0904,Books,Textbook,3,147909,0.14,8072.91,East,Patna,UPI
ORD07416,2025-03-04,CUST0528,Furniture,Table,1,24316,0.28,2227.5,East,Patna,Debit Card
ORD07417,2025-12-25,CUST0773,Electronics,Smart Watch,2,13410,0.25,1562.26,North,Delhi,Cash on Delivery
ORD07418,2025-09-07,CUST0262,Electronics,Headphones,4,30424,0.0,1876.26,North,Jaipur,Cash on Delivery
ORD07419,2025-01-30,CUST1313,Electronics,Mobile Phone,3,15417,0.13,3200.97,West,Ahmedabad,Cash on Delivery
ORD07420,2025-05-31,CUST0711,Furniture,Sofa,5,246275,0.29,18810.09,North,Jaipur,UPI
ORD07421,2025-11-14,CUST1115,Clothing,Jeans,5,88210,0.24,15333.12,West,Mumbai,UPI
ORD07422,2025-05-07,CUST1629,Electronics,Mobile Phone,5,158375,0.05,15641.76,West,Pune,Credit Card
ORD07423,2025-04-23,CUST0423,Furniture,Table,5,122355,0.19,19885.1,West,Pune,Cash on Delivery
ORD07424,2025-10-08,CUST1092,Furniture,Chair,3,110034,0.06,25302.94,South,Bangalore,UPI
ORD07425,2025-06-26,CUST0886,Books,Magazine,5,85330,0.11,10466.9,North,Jaipur,Net Banking
ORD07426,2025-06-18,CUST0961,Books,Comics,4,108564,0.16,13176.06,South,Bangalore,Net Banking
ORD07427,2025-08-05,CUST1022,Beauty,Face Wash,1,21717,0.22,2264.01,North,Delhi,Cash on Delivery
ORD07428,2025-12-29,CUST1209,Clothing,T-Shirt,4,5220,0.13,786.6,South,Hyderabad,Debit Card
ORD07429,2025-07-19,CUST1228,Furniture,Bookshelf,2,41810,0.11,6823.83,South,Bangalore,Net Banking
ORD07430,2025-05-08,CUST1382,Books,Magazine,1,41417,0.09,6347.83,East,Kolkata,Credit Card
ORD07431,2025-06-09,CUST1929,Clothing,Shoes,5,143930,0.3,24839.84,South,Hyderabad,Debit Card
ORD07432,2025-02-08,CUST1179,Beauty,Shampoo,5,190430,0.21,22436.95,East,Patna,Debit Card
ORD07433,2025-11-11,CUST1829,Furniture,Table,5,131155,0.02,7420.03,East,Patna,Cash on Delivery
ORD07434,2025-07-14,CUST0517,Beauty,Face Wash,3,21771,0.25,1281.43,North,Lucknow,UPI
ORD07435,2025-08-25,CUST0831,Furniture,Chair,5,74925,0.25,4325.63,East,Kolkata,Net Banking
ORD07436,2025-06-22,CUST1670,Beauty,Face Cream,4,49332,0.04,6448.03,North,Jaipur,Credit Card
ORD07437,2025-10-21,CUST1157,Clothing,Shoes,5,27540,0.14,5026.77,North,Jaipur,Credit Card
ORD07438,2025-02-21,CUST1060,Books,Textbook,2,22772,0.13,4756.49,East,Patna,UPI
ORD07439,2025-10-14,CUST1084,Furniture,Table,1,4145,0.21,436.17,East,Bhubaneswar,Cash on Delivery
ORD07440,2025-07-29,CUST1327,Clothing,T-Shirt,4,173136,0.04,35449.17,South,Hyderabad,Credit Card
ORD07441,2025-03-24,CUST0908,Clothing,Shoes,5,150760,0.12,26597.59,East,Kolkata,UPI
ORD07442,2025-10-07,CUST0934,Clothing,Jeans,1,1786,0.22,182.75,West,Mumbai,Credit Card
ORD07443,2025-09-29,CUST1480,Furniture,Table,4,194556,0.08,42330.73,North,Jaipur,UPI
ORD07444,2025-08-25,CUST0994,Beauty,Face Cream,2,22406,0.25,1148.3,North,Jaipur,Credit Card
ORD07445,2025-11-25,CUST1570,Electronics,Mobile Phone,2,89838,0.14,13203.51,West,Pune,Debit Card
ORD07446,2025-02-11,CUST0559,Clothing,Shoes,3,28743,0.14,3713.41,West,Mumbai,UPI
ORD07447,2025-10-20,CUST1308,Beauty,Face Wash,3,108852,0.0,21134.94,North,Lucknow,Debit Card
ORD07448,2025-05-15,CUST1127,Clothing,T-Shirt,4,14440,0.11,2949.04,West,Pune,Net Banking
ORD07449,2025-04-21,CUST0369,Beauty,Face Wash,3,8556,0.14,1297.58,South,Hyderabad,Net Banking
ORD07450,2025-09-26,CUST0134,Furniture,Table,5,223365,0.17,14592.94,West,Ahmedabad,Cash on Delivery
ORD07451,2025-04-14,CUST0527,Electronics,Laptop,5,41730,0.17,2120.51,South,Chennai,Net Banking
ORD07452,2025-10-05,CUST0475,Beauty,Perfume,5,83715,0.06,10902.12,East,Patna,Debit Card
ORD07453,2025-11-21,CUST1770,Books,Textbook,5,13095,0.2,1383.14,East,Bhubaneswar,Net Banking
ORD07454,2025-09-13,CUST1592,Electronics,Smart Watch,1,46672,0.22,6276.9,South,Chennai,Cash on Delivery
ORD07455,2025-05-05,CUST0730,Furniture,Bookshelf,5,245220,0.26,18123.13,East,Patna,Cash on Delivery
ORD07456,2025-12-14,CUST1812,Beauty,Face Cream,2,24718,0.13,5350.35,South,Hyderabad,Net Banking
ORD07457,2025-04-03,CUST1186,Beauty,Perfume,2,5348,0.16,505.17,West,Pune,Net Banking
ORD07458,2025-02-15,CUST1377,Furniture,Sofa,1,42203,0.04,5529.94,West,Pune,UPI
ORD07459,2025-06-26,CUST1667,Furniture,Bookshelf,2,19540,0.22,1029.66,South,Bangalore,Debit Card
ORD07460,2025-02-16,CUST1503,Beauty,Shampoo,3,145284,0.18,26412.6,South,Chennai,Credit Card
ORD07461,2025-11-24,CUST1342,Clothing,Shoes,1,43990,0.18,7068.18,West,Mumbai,Net Banking
ORD07462,2025-12-25,CUST1927,Furniture,Chair,3,135042,0.03,20475.55,West,Ahmedabad,Net Banking
ORD07463,2025-03-27,CUST0208,Electronics,Smart Watch,2,13078,0.1,2425.4,North,Delhi,Net Banking
ORD07464,2025-10-09,CUST1476,Electronics,Mobile Phone,3,121701,0.05,27812.38,North,Delhi,Debit Card
ORD07465,2025-08-30,CUST0299,Clothing,Dress,1,41158,0.16,4562.46,West,Mumbai,Cash on Delivery
ORD07466,2025-04-10,CUST0374,Clothing,T-Shirt,3,110154,0.09,12258.07,North,Jaipur,Debit Card
ORD07467,2025-08-05,CUST1038,Furniture,Table,3,45984,0.13,5198.89,North,Lucknow,UPI
ORD07468,2025-12-27,CUST0968,Furniture,Table,5,121950,0.21,6675.57,North,Lucknow,Credit Card
ORD07469,2025-07-31,CUST0985,Books,Magazine,5,63375,0.07,10925.83,South,Chennai,UPI
ORD07470,2025-06-02,CUST0499,Books,Textbook,1,43601,0.13,2961.22,East,Bhubaneswar,UPI
ORD07471,2025-11-21,CUST1064,Beauty,Perfume,3,125466,0.0,6596.47,West,Pune,Debit Card
ORD07472,2025-07-12,CUST0049,Beauty,Perfume,5,246880,0.11,26120.92,West,Ahmedabad,Cash on Delivery
ORD07473,2025-12-25,CUST0317,Electronics,Smart Watch,5,84840,0.2,8587.36,East,Kolkata,UPI
ORD07474,2025-11-23,CUST1607,Furniture,Bookshelf,3,90777,0.04,5389.54,South,Chennai,Net Banking
ORD07475,2025-06-12,CUST1317,Books,Novel,2,60804,0.03,13593.57,East,Patna,Net Banking
ORD07476,2025-08-21,CUST0646,Clothing,Shoes,4,197136,0.01,46693.79,North,Lucknow,UPI
ORD07477,2025-07-29,CUST1012,Beauty,Perfume,2,10704,0.14,476.71,East,Kolkata,Cash on Delivery
ORD07478,2025-08-09,CUST1029,Furniture,Sofa,1,26637,0.06,4601.95,South,Chennai,Debit Card
ORD07479,2025-05-02,CUST0649,Clothing,Shoes,4,23500,0.16,3301.95,South,Chennai,Debit Card
ORD07480,2025-10-10,CUST0231,Books,Magazine,2,61996,0.04,8837.5,East,Bhubaneswar,Net Banking
ORD07481,2025-09-18,CUST0076,Furniture,Sofa,4,50468,0.24,7091.92,East,Bhubaneswar,Credit Card
ORD07482,2025-12-14,CUST0991,Beauty,Perfume,3,81555,0.02,10803.06,North,Lucknow,UPI
ORD07483,2025-12-05,CUST1379,Beauty,Face Wash,1,17721,0.28,770.52,North,Lucknow,Net Banking
ORD07484,2025-03-17,CUST1063,Books,Novel,2,57256,0.27,8524.21,South,Hyderabad,UPI
ORD07485,2025-01-22,CUST1923,Clothing,Shoes,2,39970,0.15,6778.05,North,Delhi,Net Banking
ORD07486,2025-08-09,CUST0767,Beauty,Perfume,4,103532,0.14,5654.12,South,Hyderabad,Credit Card
ORD07487,2025-09-04,CUST0618,Beauty,Perfume,2,82792,0.26,14350.88,West,Mumbai,Net Banking
ORD07488,2025-06-13,CUST1677,Books,Novel,5,80105,0.19,8985.52,East,Kolkata,UPI
ORD07489,2025-01-19,CUST1854,Furniture,Chair,2,28870,0.25,4380.83,North,Lucknow,UPI
ORD07490,2025-12-13,CUST1149,Furniture,Bookshelf,3,16389,0.02,2846.11,West,Mumbai,Net Banking
ORD07491,2025-09-16,CUST1254,Books,Comics,2,21864,0.22,1431.61,West,Mumbai,UPI
ORD07492,2025-11-27,CUST0810,Clothing,Shoes,2,59870,0.08,6820.81,North,Jaipur,Cash on Delivery
ORD07493,2025-09-17,CUST1611,Clothing,Dress,1,37923,0.29,4021.52,North,Lucknow,Debit Card
ORD07494,2025-11-06,CUST0381,Books,Comics,3,118059,0.09,23194.81,West,Pune,Credit Card
ORD07495,2025-11-10,CUST0645,Beauty,Shampoo,2,34412,0.2,3927.43,North,Lucknow,Cash on Delivery
ORD07496,2025-02-06,CUST1231,Books,Magazine,4,33428,0.29,5679.75,South,Chennai,Credit Card
ORD07497,2025-01-28,CUST1082,Furniture,Sofa,5,151845,0.27,14771.7,West,Mumbai,UPI
ORD07498,2025-05-28,CUST0313,Beauty,Shampoo,4,105660,0.02,11952.42,South,Hyderabad,Net Banking
ORD07499,2025-06-25,CUST0610,Electronics,Mobile Phone,2,92978,0.21,7475.98,East,Bhubaneswar,Credit Card
ORD07500,2025-11-18,CUST1136,Beauty,Face Cream,4,92648,0.23,14865.0,East,Bhubaneswar,Cash on Delivery
ORD07501,2025-03-27,CUST0408,Books,Comics,3,103335,0.04,22748.06,North,Delhi,Cash on Delivery
ORD07502,2025-10-01,CUST0841,Books,Comics,5,242150,0.26,30480.72,East,Patna,Debit Card
ORD07503,2025-07-24,CUST0725,Electronics,Mobile Phone,1,6113,0.12,631.28,West,Mumbai,UPI
ORD07504,2025-10-06,CUST1388,Electronics,Headphones,3,73101,0.11,4592.17,North,Delhi,UPI
ORD07505,2025-09-05,CUST0984,Electronics,Mobile Phone,1,23797,0.13,3867.14,West,Ahmedabad,Credit Card
ORD07506,2025-04-20,CUST1106,Electronics,Smart Watch,1,35729,0.24,5340.63,West,Mumbai,UPI
ORD07507,2025-03-12,CUST1595,Electronics,Mobile Phone,5,199960,0.27,21721.71,South,Hyderabad,Credit Card
ORD07508,2025-08-20,CUST0346,Beauty,Shampoo,5,240185,0.27,31998.92,North,Lucknow,UPI
ORD07509,2025-02-26,CUST0885,Books,Novel,1,45596,0.2,6300.1,West,Mumbai,Debit Card
ORD07510,2025-06-19,CUST0967,Electronics,Mobile Phone,3,96159,0.06,10424.32,North,Delhi,UPI
ORD07511,2025-04-06,CUST0021,Electronics,Smart Watch,4,23080,0.15,1210.98,East,Patna,UPI
ORD07512,2025-10-24,CUST0025,Furniture,Table,1,49627,0.16,9944.04,East,Kolkata,UPI
ORD07513,2025-04-14,CUST1324,Furniture,Chair,2,18180,0.11,2957.26,East,Kolkata,Credit Card
ORD07514,2025-01-04,CUST0289,Furniture,Chair,1,11841,0.2,850.85,South,Chennai,Debit Card
ORD07515,2025-03-11,CUST0287,Books,Comics,1,14789,0.12,840.73,South,Hyderabad,Cash on Delivery
ORD07516,2025-12-02,CUST1780,Beauty,Shampoo,4,173696,0.08,23858.09,East,Patna,Credit Card
ORD07517,2025-10-13,CUST1000,Electronics,Laptop,4,169824,0.22,6976.45,North,Delhi,Cash on Delivery
ORD07518,2025-05-05,CUST0719,Beauty,Perfume,2,26960,0.09,4419.18,East,Bhubaneswar,Cash on Delivery
ORD07519,2025-12-16,CUST0094,Books,Textbook,1,5073,0.2,614.8,South,Bangalore,Credit Card
ORD07520,2025-01-13,CUST0864,Clothing,Shoes,4,57720,0.14,12359.43,North,Delhi,UPI
ORD07521,2025-02-27,CUST0810,Furniture,Sofa,3,20670,0.27,3128.79,South,Chennai,Credit Card
ORD07522,2025-03-28,CUST0720,Beauty,Face Wash,4,165884,0.29,15605.64,East,Patna,Credit Card
ORD07523,2025-08-14,CUST1712,Electronics,Smart Watch,2,57750,0.24,2227.21,East,Patna,Credit Card
ORD07524,2025-11-22,CUST1060,Clothing,Jeans,5,45290,0.28,4567.12,West,Ahmedabad,Cash on Delivery
ORD07525,2025-09-08,CUST0677,Electronics,Smart Watch,3,147975,0.0,24784.37,South,Hyderabad,UPI
ORD07526,2025-01-06,CUST1178,Electronics,Laptop,2,80348,0.19,12402.5,South,Hyderabad,Net Banking
ORD07527,2025-05-21,CUST1839,Beauty,Face Wash,5,188705,0.28,23957.18,West,Pune,Debit Card
ORD07528,2025-03-16,CUST1608,Books,Novel,2,5942,0.07,1262.93,West,Mumbai,Net Banking
ORD07529,2025-04-15,CUST0446,Furniture,Table,2,15066,0.06,1536.28,South,Hyderabad,Credit Card
ORD07530,2025-03-26,CUST1273,Electronics,Smart Watch,1,42870,0.02,8251.18,South,Chennai,Debit Card
ORD07531,2025-06-23,CUST1784,Beauty,Shampoo,2,79148,0.06,3745.92,South,Chennai,Net Banking
ORD07532,2025-12-22,CUST0353,Beauty,Face Cream,1,30188,0.11,1613.2,North,Delhi,Debit Card
ORD07533,2025-04-25,CUST1672,Furniture,Bookshelf,5,144150,0.0,27570.77,South,Chennai,UPI
ORD07534,2025-06-29,CUST0467,Furniture,Chair,3,46917,0.15,3952.77,West,Pune,Debit Card
ORD07535,2025-09-08,CUST0783,Books,Magazine,4,63928,0.0,12602.99,South,Bangalore,Credit Card
ORD07536,2025-05-13,CUST1126,Clothing,Dress,2,80588,0.13,8914.62,South,Bangalore,Net Banking
ORD07537,2025-07-21,CUST1262,Electronics,Smart Watch,2,2028,0.07,282.5,North,Jaipur,Debit Card
ORD07538,2025-10-15,CUST0966,Electronics,Headphones,3,7203,0.03,1172.83,South,Chennai,Net Banking
ORD07539,2025-10-28,CUST0524,Furniture,Chair,2,95450,0.28,4856.14,East,Kolkata,Credit Card
ORD07540,2025-09-14,CUST0017,Books,Textbook,5,168450,0.11,27678.93,North,Lucknow,Credit Card
ORD07541,2025-02-16,CUST0828,Books,Textbook,2,7694,0.01,817.83,South,Chennai,Debit Card
ORD07542,2025-09-02,CUST1695,Books,Textbook,3,113061,0.26,8561.89,North,Jaipur,UPI
ORD07543,2025-01-21,CUST1488,Clothing,Jeans,4,5912,0.07,678.59,North,Lucknow,Net Banking
ORD07544,2025-02-05,CUST0844,Books,Textbook,3,122940,0.08,8713.58,South,Chennai,Net Banking
ORD07545,2025-12-17,CUST1458,Books,Novel,1,15409,0.1,1773.89,West,Ahmedabad,Cash on Delivery
ORD07546,2025-06-20,CUST0746,Clothing,Jeans,3,86577,0.23,16084.08,East,Patna,Cash on Delivery
ORD07547,2025-06-23,CUST1351,Electronics,Headphones,4,35632,0.25,6108.21,West,Ahmedabad,Debit Card
ORD07548,2025-11-01,CUST1397,Electronics,Mobile Phone,3,136893,0.16,16222.0,South,Bangalore,Credit Card
ORD07549,2025-07-13,CUST0202,Beauty,Shampoo,5,89470,0.28,15071.3,East,Patna,Cash on Delivery
ORD07550,2025-05-29,CUST1021,Clothing,Dress,1,27958,0.21,2371.97,South,Bangalore,UPI
ORD07551,2025-01-16,CUST0315,Beauty,Perfume,5,245115,0.02,19547.45,East,Kolkata,Net Banking
ORD07552,2025-06-01,CUST1042,Beauty,Shampoo,4,19024,0.03,2505.77,North,Lucknow,UPI
ORD07553,2025-09-19,CUST1919,Clothing,Jeans,5,132555,0.17,23245.55,South,Bangalore,UPI
ORD07554,2025-12-18,CUST1923,Electronics,Laptop,3,107874,0.19,9800.89,East,Patna,Debit Card
ORD07555,2025-07-30,CUST1953,Furniture,Sofa,3,142365,0.05,10669.81,North,Delhi,UPI
ORD07556,2025-11-16,CUST0641,Beauty,Shampoo,2,96800,0.04,17877.58,South,Hyderabad,Credit Card
ORD07557,2025-10-25,CUST0833,Electronics,Mobile Phone,5,49530,0.06,10643.03,West,Pune,Cash on Delivery
ORD07558,2025-07-23,CUST0460,Furniture,Bookshelf,3,116472,0.09,24147.09,West,Pune,Cash on Delivery
ORD07559,2025-02-11,CUST1578,Books,Magazine,5,239665,0.13,15007.06,East,Bhubaneswar,Net Banking
ORD07560,2025-08-10,CUST0408,Books,Magazine,5,39775,0.16,4635.11,South,Bangalore,Credit Card
ORD07561,2025-04-19,CUST0337,Beauty,Perfume,2,93870,0.12,16931.34,East,Bhubaneswar,Cash on Delivery
ORD07562,2025-04-24,CUST0818,Books,Novel,1,22568,0.29,3147.07,South,Bangalore,Debit Card
ORD07563,2025-12-11,CUST1104,Electronics,Mobile Phone,1,46304,0.29,7067.31,West,Mumbai,Credit Card
ORD07564,2025-05-23,CUST0183,Electronics,Mobile Phone,5,107980,0.21,11237.34,East,Patna,Credit Card
ORD07565,2025-02-07,CUST0585,Clothing,Dress,1,48048,0.04,8555.79,East,Patna,UPI
ORD07566,2025-06-25,CUST1508,Furniture,Chair,5,51055,0.1,10152.98,North,Jaipur,UPI
ORD07567,2025-07-15,CUST1940,Furniture,Chair,5,51070,0.1,2818.47,East,Kolkata,Net Banking
ORD07568,2025-02-08,CUST0737,Books,Comics,1,4429,0.06,785.36,North,Jaipur,Net Banking
ORD07569,2025-03-11,CUST0907,Furniture,Chair,5,95355,0.05,9002.83,South,Bangalore,UPI
ORD07570,2025-05-30,CUST0293,Beauty,Shampoo,1,18524,0.18,2213.51,West,Pune,Credit Card
ORD07571,2025-03-30,CUST0374,Beauty,Shampoo,1,15871,0.23,932.9,West,Ahmedabad,Credit Card
ORD07572,2025-03-19,CUST1563,Furniture,Sofa,4,155940,0.29,27248.16,West,Ahmedabad,UPI
ORD07573,2025-07-21,CUST0028,Electronics,Mobile Phone,3,33468,0.09,6759.52,North,Delhi,Net Banking
ORD07574,2025-12-11,CUST1102,Electronics,Laptop,1,32048,0.05,1753.75,South,Bangalore,Debit Card
ORD07575,2025-03-29,CUST0240,Electronics,Smart Watch,5,91320,0.06,5852.58,West,Mumbai,UPI
ORD07576,2025-12-01,CUST1991,Books,Magazine,5,138980,0.22,12900.61,North,Jaipur,Cash on Delivery
ORD07577,2025-12-09,CUST0791,Electronics,Headphones,4,147588,0.16,16082.0,West,Mumbai,Debit Card
ORD07578,2025-03-23,CUST1061,Electronics,Headphones,5,129360,0.0,25808.55,East,Bhubaneswar,Debit Card
ORD07579,2025-09-28,CUST1964,Clothing,Shoes,5,58275,0.17,10190.4,West,Pune,Cash on Delivery
ORD07580,2025-03-02,CUST0477,Electronics,Laptop,4,63184,0.11,6061.08,South,Hyderabad,Credit Card
ORD07581,2025-05-27,CUST0656,Electronics,Laptop,4,197424,0.02,37562.5,South,Hyderabad,Debit Card
ORD07582,2025-05-03,CUST0082,Beauty,Face Cream,5,157785,0.18,8783.52,North,Jaipur,Credit Card
ORD07583,2025-11-12,CUST0948,Clothing,Shoes,1,34145,0.1,1545.62,North,Jaipur,Cash on Delivery
ORD07584,2025-12-26,CUST1545,Beauty,Shampoo,3,2694,0.18,446.08,West,Pune,Debit Card
ORD07585,2025-03-20,CUST0803,Beauty,Perfume,1,19570,0.29,1759.65,West,Ahmedabad,UPI
ORD07586,2025-05-24,CUST0079,Electronics,Headphones,5,138220,0.06,32189.36,East,Kolkata,Net Banking
ORD07587,2025-05-05,CUST1561,Books,Textbook,3,53706,0.09,11839.79,North,Jaipur,Net Banking
ORD07588,2025-06-25,CUST0297,Books,Comics,2,95208,0.07,16134.44,East,Patna,Cash on Delivery
ORD07589,2025-02-21,CUST1015,Clothing,Shoes,5,21850,0.3,1937.37,South,Chennai,Cash on Delivery
ORD07590,2025-07-23,CUST0442,Books,Novel,5,229775,0.03,13503.88,East,Kolkata,UPI
ORD07591,2025-05-15,CUST1054,Electronics,Headphones,4,107612,0.04,5262.98,East,Kolkata,Cash on Delivery
ORD07592,2025-05-04,CUST1755,Books,Magazine,4,158272,0.02,36905.21,North,Lucknow,Credit Card
ORD07593,2025-03-01,CUST0572,Books,Comics,5,62050,0.02,10595.14,North,Delhi,Net Banking
ORD07594,2025-09-19,CUST1721,Books,Comics,4,147428,0.1,7236.67,North,Lucknow,Net Banking
ORD07595,2025-05-12,CUST1852,Furniture,Bookshelf,5,212580,0.07,25106.58,South,Hyderabad,Cash on Delivery
ORD07596,2025-04-30,CUST1065,Books,Novel,1,1415,0.18,66.26,West,Ahmedabad,Credit Card
ORD07597,2025-12-14,CUST1018,Clothing,Jeans,2,50020,0.06,5330.19,South,Chennai,Credit Card
ORD07598,2025-02-03,CUST1945,Beauty,Shampoo,2,99886,0.19,4500.65,East,Patna,Net Banking
ORD07599,2025-08-14,CUST1017,Books,Magazine,4,163672,0.12,32132.81,South,Chennai,Cash on Delivery
ORD07600,2025-09-15,CUST0432,Beauty,Perfume,2,2302,0.15,197.3,West,Mumbai,Net Banking
ORD07601,2025-06-21,CUST0876,Beauty,Face Cream,4,186340,0.13,12322.77,North,Delhi,Net Banking
ORD07602,2025-05-05,CUST0821,Books,Magazine,3,100074,0.28,12048.31,East,Bhubaneswar,Cash on Delivery
ORD07603,2025-02-09,CUST1663,Electronics,Mobile Phone,4,95852,0.0,8965.61,North,Lucknow,Debit Card
ORD07604,2025-02-05,CUST0724,Electronics,Headphones,5,3300,0.03,704.52,South,Hyderabad,UPI
ORD07605,2025-10-12,CUST0601,Electronics,Headphones,2,40646,0.21,3665.8,South,Bangalore,Credit Card
ORD07606,2025-09-24,CUST0618,Furniture,Table,3,13932,0.3,1348.74,West,Mumbai,Credit Card
ORD07607,2025-07-03,CUST0979,Beauty,Perfume,5,246445,0.29,15290.0,North,Delhi,Net Banking
ORD07608,2025-07-07,CUST0307,Books,Novel,3,138384,0.2,10656.44,West,Ahmedabad,Debit Card
ORD07609,2025-10-25,CUST0044,Beauty,Face Cream,3,142260,0.06,22003.83,West,Mumbai,Debit Card
ORD07610,2025-02-10,CUST1448,Electronics,Laptop,3,144396,0.24,18096.41,South,Hyderabad,Net Banking
ORD07611,2025-04-30,CUST0639,Furniture,Chair,3,72681,0.15,6927.2,South,Bangalore,Credit Card
ORD07612,2025-03-14,CUST1197,Furniture,Table,2,74000,0.12,10845.24,North,Delhi,Credit Card
ORD07613,2025-06-27,CUST0278,Books,Comics,4,42416,0.16,5718.89,North,Delhi,UPI
ORD07614,2025-11-24,CUST0722,Electronics,Laptop,3,118785,0.01,10637.33,West,Mumbai,Cash on Delivery
ORD07615,2025-04-18,CUST1629,Electronics,Headphones,3,101721,0.04,10336.06,East,Kolkata,UPI
ORD07616,2025-06-16,CUST1846,Clothing,Dress,5,185345,0.11,38437.9,East,Patna,Cash on Delivery
ORD07617,2025-07-03,CUST0727,Clothing,Jeans,2,84854,0.3,3058.82,West,Pune,UPI
ORD07618,2025-05-02,CUST1726,Clothing,Shoes,5,202955,0.03,39729.36,South,Bangalore,Debit Card
ORD07619,2025-01-08,CUST0966,Clothing,Dress,5,42360,0.14,2999.1,East,Bhubaneswar,UPI
ORD07620,2025-04-10,CUST0797,Clothing,Shoes,5,167520,0.18,12458.01,West,Ahmedabad,Credit Card
ORD07621,2025-08-28,CUST0580,Electronics,Laptop,2,62830,0.28,11100.4,East,Patna,Net Banking
ORD07622,2025-07-02,CUST0308,Electronics,Laptop,5,164530,0.16,30454.7,East,Bhubaneswar,Net Banking
ORD07623,2025-06-25,CUST1649,Electronics,Headphones,5,9915,0.02,2357.04,East,Kolkata,Debit Card
ORD07624,2025-01-12,CUST0368,Books,Magazine,4,54180,0.29,9501.76,South,Bangalore,Credit Card
ORD07625,2025-11-24,CUST0477,Electronics,Smart Watch,3,60771,0.01,12414.1,West,Mumbai,Credit Card
ORD07626,2025-12-07,CUST0125,Furniture,Sofa,3,136164,0.14,23051.83,North,Jaipur,Cash on Delivery
ORD07627,2025-06-13,CUST0146,Electronics,Smart Watch,1,41157,0.16,4169.89,South,Bangalore,UPI
ORD07628,2025-12-08,CUST0422,Clothing,T-Shirt,3,52650,0.16,3143.9,East,Bhubaneswar,Credit Card
ORD07629,2025-02-10,CUST1229,Clothing,T-Shirt,3,35040,0.21,6144.41,West,Mumbai,UPI
ORD07630,2025-11-24,CUST1436,Beauty,Perfume,3,5604,0.25,461.49,West,Ahmedabad,UPI
ORD07631,2025-09-10,CUST0683,Electronics,Mobile Phone,3,10185,0.02,1400.63,South,Chennai,Net Banking
ORD07632,2025-04-12,CUST1735,Electronics,Mobile Phone,5,14705,0.29,2461.08,East,Patna,Net Banking
ORD07633,2025-11-19,CUST0039,Clothing,Shoes,3,127575,0.08,6289.25,North,Lucknow,Cash on Delivery
ORD07634,2025-04-16,CUST1183,Beauty,Shampoo,5,127070,0.27,7012.64,East,Bhubaneswar,Net Banking
ORD07635,2025-02-13,CUST1056,Clothing,T-Shirt,3,118011,0.15,8201.56,North,Delhi,Net Banking
ORD07636,2025-05-18,CUST0705,Books,Magazine,4,42876,0.21,6330.56,North,Delhi,UPI
ORD07637,2025-10-05,CUST1371,Beauty,Perfume,4,5804,0.07,301.83,North,Delhi,Debit Card
ORD07638,2025-03-13,CUST1997,Books,Magazine,1,21323,0.21,3538.92,East,Kolkata,Cash on Delivery
ORD07639,2025-06-30,CUST0569,Furniture,Chair,1,37368,0.03,7179.78,South,Hyderabad,Debit Card
ORD07640,2025-03-09,CUST1511,Books,Textbook,2,8180,0.17,768.85,North,Jaipur,Cash on Delivery
ORD07641,2025-11-01,CUST0390,Books,Textbook,4,43152,0.11,8378.81,West,Mumbai,Credit Card
ORD07642,2025-06-14,CUST0440,Clothing,T-Shirt,4,145368,0.06,10726.49,South,Chennai,Net Banking
ORD07643,2025-06-12,CUST1686,Furniture,Table,1,14038,0.08,1855.62,South,Hyderabad,Cash on Delivery
ORD07644,2025-10-09,CUST0319,Furniture,Chair,4,100708,0.03,5516.55,South,Chennai,UPI
ORD07645,2025-06-13,CUST0135,Electronics,Mobile Phone,3,9963,0.2,991.62,South,Chennai,Credit Card
ORD07646,2025-07-28,CUST0596,Electronics,Mobile Phone,3,36900,0.23,5202.45,South,Hyderabad,Net Banking
ORD07647,2025-02-06,CUST0730,Beauty,Perfume,1,14835,0.09,1695.2,North,Jaipur,Debit Card
ORD07648,2025-10-27,CUST1806,Furniture,Chair,2,15424,0.12,3185.95,West,Pune,Debit Card
ORD07649,2025-10-22,CUST0101,Beauty,Face Wash,5,241565,0.0,27671.34,East,Kolkata,Cash on Delivery
ORD07650,2025-11-11,CUST1028,Furniture,Table,2,80812,0.04,4748.88,West,Ahmedabad,Net Banking
ORD07651,2025-01-30,CUST1730,Beauty,Perfume,1,35108,0.26,3606.32,West,Mumbai,UPI
ORD07652,2025-01-17,CUST1871,Beauty,Face Wash,4,25952,0.17,1735.66,North,Delhi,Credit Card
ORD07653,2025-02-28,CUST1802,Electronics,Headphones,4,123076,0.26,10327.65,East,Bhubaneswar,Cash on Delivery
ORD07654,2025-07-01,CUST1850,Clothing,Dress,3,145851,0.08,32738.24,South,Hyderabad,UPI
ORD07655,2025-02-19,CUST1634,Beauty,Perfume,4,140388,0.3,14978.77,East,Bhubaneswar,Debit Card
ORD07656,2025-06-07,CUST0274,Furniture,Chair,3,135345,0.27,7262.63,West,Pune,Debit Card
ORD07657,2025-04-09,CUST1599,Books,Novel,3,30015,0.05,2346.55,West,Ahmedabad,Cash on Delivery
ORD07658,2025-04-01,CUST0501,Clothing,Shoes,1,20290,0.1,4317.45,North,Delhi,Credit Card
ORD07659,2025-04-19,CUST1472,Books,Novel,1,17807,0.23,2022.39,East,Kolkata,Net Banking
ORD07660,2025-07-30,CUST0883,Furniture,Chair,1,32183,0.02,4797.83,East,Kolkata,UPI
ORD07661,2025-12-01,CUST0427,Books,Novel,3,23142,0.19,3176.76,South,Hyderabad,Credit Card
ORD07662,2025-07-02,CUST1429,Clothing,T-Shirt,2,50982,0.22,9204.83,South,Hyderabad,Cash on Delivery
ORD07663,2025-07-31,CUST1003,Clothing,T-Shirt,1,5158,0.11,846.82,West,Mumbai,Cash on Delivery
ORD07664,2025-02-19,CUST1450,Clothing,Jeans,5,45955,0.12,9681.07,West,Pune,Cash on Delivery
ORD07665,2025-05-21,CUST0323,Electronics,Laptop,2,69644,0.13,10066.65,South,Chennai,Cash on Delivery
ORD07666,2025-02-07,CUST0682,Clothing,Dress,3,59469,0.23,5565.83,North,Lucknow,Cash on Delivery
ORD07667,2025-02-04,CUST0334,Books,Comics,5,192020,0.02,39867.54,South,Chennai,Net Banking
ORD07668,2025-12-19,CUST1078,Electronics,Laptop,4,184888,0.01,30215.37,North,Jaipur,Credit Card
ORD07669,2025-11-21,CUST1149,Beauty,Perfume,5,112615,0.12,15236.85,North,Jaipur,Cash on Delivery
ORD07670,2025-05-25,CUST1490,Beauty,Perfume,1,47111,0.14,7814.79,North,Delhi,Debit Card
ORD07671,2025-09-04,CUST1828,Furniture,Sofa,3,89919,0.09,19597.53,East,Bhubaneswar,Debit Card
ORD07672,2025-03-01,CUST1036,Books,Comics,1,14633,0.04,2215.87,East,Patna,UPI
ORD07673,2025-04-07,CUST0666,Electronics,Smart Watch,5,91875,0.2,8332.9,East,Bhubaneswar,Credit Card
ORD07674,2025-11-18,CUST1901,Beauty,Face Wash,1,46240,0.22,4000.59,North,Jaipur,Net Banking
ORD07675,2025-09-13,CUST0638,Electronics,Smart Watch,3,86310,0.28,7725.98,North,Delhi,UPI
ORD07676,2025-04-02,CUST1178,Furniture,Table,3,56514,0.24,2724.88,West,Pune,UPI
ORD07677,2025-04-05,CUST1174,Clothing,Jeans,1,10532,0.23,819.5,West,Pune,Net Banking
ORD07678,2025-01-18,CUST1227,Clothing,Shoes,4,10528,0.27,1858.08,South,Chennai,Debit Card
ORD07679,2025-03-16,CUST0320,Electronics,Laptop,5,29730,0.2,2066.77,South,Hyderabad,Cash on Delivery
ORD07680,2025-10-05,CUST1539,Beauty,Shampoo,3,31239,0.1,1880.24,East,Patna,Cash on Delivery
ORD07681,2025-02-14,CUST1937,Furniture,Chair,1,37223,0.1,3121.25,South,Chennai,Credit Card
ORD07682,2025-11-15,CUST0907,Clothing,Shoes,1,13595,0.09,2816.12,East,Bhubaneswar,UPI
ORD07683,2025-11-23,CUST1587,Books,Novel,3,62163,0.07,7537.62,East,Patna,Cash on Delivery
ORD07684,2025-06-10,CUST0277,Furniture,Sofa,1,31879,0.22,5592.25,West,Mumbai,Net Banking
ORD07685,2025-10-09,CUST0650,Beauty,Perfume,5,85450,0.2,13685.58,East,Kolkata,UPI
ORD07686,2025-12-18,CUST1106,Books,Comics,4,182964,0.28,26824.35,West,Mumbai,Cash on Delivery
ORD07687,2025-11-26,CUST0109,Books,Comics,3,33102,0.2,1588.86,West,Ahmedabad,Credit Card
ORD07688,2025-02-24,CUST1937,Books,Novel,1,9542,0.15,581.2,West,Mumbai,UPI
ORD07689,2025-12-03,CUST1642,Beauty,Shampoo,3,141357,0.27,16389.71,East,Kolkata,Cash on Delivery
ORD07690,2025-08-26,CUST1492,Clothing,Shoes,1,24986,0.04,4679.92,East,Patna,UPI
ORD07691,2025-02-10,CUST0853,Clothing,T-Shirt,5,160780,0.23,7580.93,West,Mumbai,Credit Card
ORD07692,2025-08-20,CUST0981,Electronics,Mobile Phone,3,102645,0.28,17276.75,South,Hyderabad,UPI
ORD07693,2025-07-26,CUST0788,Books,Magazine,4,197928,0.28,9015.07,West,Pune,UPI
ORD07694,2025-06-09,CUST0545,Beauty,Face Wash,5,179765,0.2,29806.94,East,Patna,Credit Card
ORD07695,2025-07-01,CUST0455,Furniture,Table,5,247170,0.15,27481.82,North,Jaipur,Net Banking
ORD07696,2025-08-01,CUST0864,Beauty,Face Wash,2,55640,0.1,4281.6,East,Kolkata,Cash on Delivery
ORD07697,2025-08-27,CUST1700,Clothing,T-Shirt,2,42420,0.25,2175.04,East,Bhubaneswar,Net Banking
ORD07698,2025-10-11,CUST0845,Clothing,Jeans,2,50788,0.29,8672.18,North,Delhi,Net Banking
ORD07699,2025-06-24,CUST0854,Furniture,Sofa,3,65559,0.29,7236.02,West,Mumbai,Net Banking
ORD07700,2025-10-11,CUST0376,Beauty,Perfume,3,73707,0.2,7389.15,North,Delhi,Cash on Delivery
ORD07701,2025-09-24,CUST1308,Clothing,Dress,2,28000,0.11,2167.1,South,Bangalore,Cash on Delivery
ORD07702,2025-09-01,CUST1886,Electronics,Laptop,3,17637,0.24,1727.36,East,Kolkata,Credit Card
ORD07703,2025-12-30,CUST1124,Furniture,Bookshelf,2,13914,0.02,1382.68,North,Lucknow,Debit Card
ORD07704,2025-08-28,CUST0240,Books,Magazine,4,31796,0.1,5913.29,East,Kolkata,Credit Card
ORD07705,2025-12-30,CUST0377,Electronics,Mobile Phone,3,90909,0.19,7232.72,South,Bangalore,UPI
ORD07706,2025-03-21,CUST1257,Electronics,Mobile Phone,5,75625,0.13,11313.09,North,Delhi,Cash on Delivery
ORD07707,2025-05-03,CUST0654,Furniture,Sofa,2,31278,0.19,3084.38,South,Hyderabad,Net Banking
ORD07708,2025-06-07,CUST0802,Furniture,Table,5,72790,0.29,9355.88,West,Mumbai,UPI
ORD07709,2025-06-15,CUST0893,Beauty,Face Wash,5,173620,0.25,14761.35,North,Jaipur,UPI
ORD07710,2025-03-01,CUST1750,Clothing,Shoes,3,94389,0.19,17757.05,North,Lucknow,UPI
ORD07711,2025-10-31,CUST1191,Furniture,Chair,3,110907,0.08,12739.62,East,Kolkata,Credit Card
ORD07712,2025-12-31,CUST0738,Clothing,Jeans,1,29846,0.28,3425.29,East,Bhubaneswar,Credit Card
ORD07713,2025-08-26,CUST1992,Books,Textbook,5,243455,0.26,35712.57,East,Kolkata,Credit Card
ORD07714,2025-08-23,CUST1526,Beauty,Perfume,1,41190,0.26,4556.95,South,Hyderabad,UPI
ORD07715,2025-09-12,CUST1232,Furniture,Sofa,3,75600,0.28,3293.55,North,Lucknow,Net Banking
ORD07716,2025-08-19,CUST1532,Electronics,Mobile Phone,1,33854,0.29,3725.63,South,Bangalore,Debit Card
ORD07717,2025-01-18,CUST1419,Clothing,Dress,1,26094,0.09,1970.32,East,Kolkata,UPI
ORD07718,2025-11-29,CUST0653,Electronics,Laptop,5,109320,0.08,16332.69,South,Hyderabad,Credit Card
ORD07719,2025-05-06,CUST0386,Electronics,Laptop,3,114852,0.27,17382.32,South,Chennai,Credit Card
ORD07720,2025-10-31,CUST1859,Books,Novel,5,85200,0.04,20065.1,West,Ahmedabad,UPI
ORD07721,2025-06-18,CUST1920,Electronics,Mobile Phone,4,164960,0.19,25131.97,West,Mumbai,Credit Card
ORD07722,2025-11-05,CUST1571,Clothing,Shoes,1,39783,0.19,4054.85,North,Lucknow,Net Banking
ORD07723,2025-07-28,CUST0514,Books,Magazine,3,127416,0.27,21981.44,East,Kolkata,Cash on Delivery
ORD07724,2025-01-21,CUST1603,Clothing,Shoes,3,142677,0.1,8337.28,North,Jaipur,Net Banking
ORD07725,2025-05-21,CUST0024,Clothing,Shoes,2,42816,0.16,7821.85,West,Mumbai,Debit Card
ORD07726,2025-05-23,CUST0861,Beauty,Perfume,2,97558,0.01,9598.73,North,Lucknow,UPI
ORD07727,2025-08-12,CUST1057,Electronics,Mobile Phone,3,13176,0.19,2494.2,West,Ahmedabad,Debit Card
ORD07728,2025-04-29,CUST0506,Beauty,Face Wash,2,42034,0.24,7781.91,East,Patna,Debit Card
ORD07729,2025-01-08,CUST1363,Books,Magazine,4,145268,0.02,10689.65,East,Bhubaneswar,Net Banking
ORD07730,2025-12-07,CUST0766,Beauty,Perfume,3,41088,0.02,7866.92,East,Bhubaneswar,Net Banking
ORD07731,2025-06-03,CUST1929,Furniture,Bookshelf,4,71248,0.04,6376.44,South,Hyderabad,UPI
ORD07732,2025-07-20,CUST1777,Clothing,Jeans,4,8140,0.07,894.24,East,Kolkata,Net Banking
ORD07733,2025-02-23,CUST0387,Beauty,Face Wash,2,79264,0.02,13870.95,West,Pune,Net Banking
ORD07734,2025-02-15,CUST0771,Furniture,Bookshelf,2,64480,0.12,13447.47,South,Chennai,Credit Card
ORD07735,2025-03-02,CUST0358,Books,Textbook,4,41752,0.23,2563.99,North,Delhi,Debit Card
ORD07736,2025-11-23,CUST0773,Beauty,Face Wash,2,24538,0.09,3947.46,North,Jaipur,Credit Card
ORD07737,2025-07-20,CUST0005,Books,Novel,3,70494,0.08,3698.23,North,Lucknow,Net Banking
ORD07738,2025-05-13,CUST1182,Books,Comics,1,46729,0.15,6535.63,West,Mumbai,Credit Card
ORD07739,2025-09-19,CUST0275,Furniture,Sofa,4,120784,0.05,10439.21,West,Mumbai,UPI
ORD07740,2025-08-19,CUST1211,Beauty,Face Wash,2,40314,0.17,4553.65,North,Delhi,Cash on Delivery
ORD07741,2025-02-20,CUST0997,Books,Novel,2,8942,0.04,874.01,North,Delhi,Credit Card
ORD07742,2025-03-15,CUST0533,Clothing,T-Shirt,3,138396,0.09,29951.25,East,Patna,Cash on Delivery
ORD07743,2025-05-05,CUST0919,Beauty,Face Wash,1,40996,0.09,9210.1,North,Lucknow,Net Banking
ORD07744,2025-04-25,CUST0859,Electronics,Headphones,5,125180,0.16,20353.52,North,Delhi,UPI
ORD07745,2025-06-28,CUST0948,Beauty,Face Cream,3,17139,0.27,716.72,East,Kolkata,Credit Card
ORD07746,2025-04-23,CUST1678,Clothing,Dress,4,150172,0.03,12249.43,South,Chennai,UPI
ORD07747,2025-12-23,CUST1128,Beauty,Perfume,2,79352,0.26,7811.7,North,Jaipur,UPI
ORD07748,2025-05-07,CUST0450,Beauty,Face Wash,1,19321,0.09,1333.83,East,Patna,Debit Card
ORD07749,2025-03-28,CUST0617,Clothing,T-Shirt,1,9723,0.07,1598.35,East,Bhubaneswar,Cash on Delivery
ORD07750,2025-02-06,CUST0471,Furniture,Bookshelf,2,65724,0.03,7651.84,West,Ahmedabad,Cash on Delivery
ORD07751,2025-10-05,CUST1501,Electronics,Smart Watch,5,150535,0.27,18669.33,East,Patna,UPI
ORD07752,2025-08-30,CUST1265,Books,Magazine,4,136220,0.3,23760.8,East,Kolkata,Credit Card
ORD07753,2025-11-01,CUST1201,Books,Comics,2,75848,0.09,13791.43,West,Ahmedabad,Debit Card
ORD07754,2025-02-01,CUST0620,Beauty,Face Cream,1,13996,0.27,844.85,North,Delhi,Net Banking
ORD07755,2025-10-28,CUST1488,Electronics,Laptop,5,209700,0.03,46124.07,East,Bhubaneswar,Credit Card
ORD07756,2025-05-28,CUST1178,Clothing,T-Shirt,4,54140,0.21,7783.95,South,Hyderabad,Credit Card
ORD07757,2025-02-27,CUST0091,Clothing,Dress,3,120885,0.06,22676.25,South,Hyderabad,Debit Card
ORD07758,2025-02-23,CUST1791,Electronics,Mobile Phone,5,111445,0.25,19070.22,West,Mumbai,UPI
ORD07759,2025-11-11,CUST1432,Clothing,T-Shirt,3,9729,0.22,418.01,North,Jaipur,Cash on Delivery
ORD07760,2025-05-22,CUST0501,Beauty,Face Cream,5,184625,0.01,31551.15,North,Delhi,Net Banking
ORD07761,2025-02-27,CUST0348,Books,Novel,5,50695,0.02,11457.65,North,Jaipur,UPI
ORD07762,2025-12-09,CUST1852,Beauty,Face Cream,1,35112,0.09,1731.01,East,Bhubaneswar,Cash on Delivery
ORD07763,2025-06-19,CUST0791,Beauty,Face Wash,1,40165,0.18,7858.51,North,Jaipur,Net Banking
ORD07764,2025-11-04,CUST0456,Electronics,Laptop,2,11082,0.1,2161.04,South,Bangalore,UPI
ORD07765,2025-07-07,CUST1443,Furniture,Chair,5,214240,0.05,16538.11,South,Hyderabad,Net Banking
ORD07766,2025-05-19,CUST1715,Beauty,Face Cream,4,45824,0.23,4792.92,East,Patna,Cash on Delivery
ORD07767,2025-08-15,CUST1756,Electronics,Smart Watch,3,34212,0.13,6814.02,North,Jaipur,Credit Card
ORD07768,2025-01-21,CUST0026,Electronics,Mobile Phone,3,3495,0.07,348.97,South,Hyderabad,Credit Card
ORD07769,2025-07-15,CUST1371,Furniture,Table,3,147582,0.29,25245.0,North,Jaipur,Cash on Delivery
ORD07770,2025-06-10,CUST1548,Beauty,Face Wash,2,64456,0.22,11714.87,North,Jaipur,Credit Card
ORD07771,2025-05-13,CUST0223,Clothing,T-Shirt,4,87060,0.22,9308.77,South,Chennai,Debit Card
ORD07772,2025-04-22,CUST1901,Books,Comics,1,48766,0.25,6341.37,North,Delhi,Net Banking
ORD07773,2025-09-17,CUST0459,Clothing,Dress,1,38791,0.05,8923.49,North,Delhi,Debit Card
ORD07774,2025-11-29,CUST0092,Clothing,Shoes,3,76935,0.13,3659.29,East,Bhubaneswar,Cash on Delivery
ORD07775,2025-07-28,CUST1717,Beauty,Face Wash,3,121806,0.08,26298.44,North,Lucknow,Debit Card
ORD07776,2025-03-19,CUST1423,Furniture,Bookshelf,3,92544,0.03,16392.99,East,Kolkata,Credit Card
ORD07777,2025-12-03,CUST0260,Electronics,Laptop,5,68905,0.28,5237.08,South,Hyderabad,Net Banking
ORD07778,2025-03-29,CUST1675,Furniture,Table,1,31649,0.09,5155.17,East,Bhubaneswar,Net Banking
ORD07779,2025-01-27,CUST0021,Books,Comics,4,154176,0.21,12618.32,North,Delhi,UPI
ORD07780,2025-08-10,CUST1702,Electronics,Headphones,5,160980,0.14,8317.53,West,Ahmedabad,Debit Card
ORD07781,2025-07-26,CUST1193,Books,Magazine,2,88752,0.05,20126.51,East,Bhubaneswar,Cash on Delivery
ORD07782,2025-10-25,CUST0480,Books,Comics,4,154948,0.24,28500.27,West,Ahmedabad,Debit Card
ORD07783,2025-12-07,CUST0409,Books,Textbook,3,94632,0.04,19169.99,West,Mumbai,UPI
ORD07784,2025-10-08,CUST0141,Furniture,Chair,3,136809,0.3,16157.43,West,Mumbai,Debit Card
ORD07785,2025-08-24,CUST0737,Beauty,Face Wash,1,5568,0.22,483.61,North,Delhi,UPI
ORD07786,2025-05-18,CUST1047,Clothing,Dress,2,63488,0.2,9622.1,East,Bhubaneswar,UPI
ORD07787,2025-11-26,CUST1559,Electronics,Smart Watch,2,23030,0.26,2619.39,North,Lucknow,UPI
ORD07788,2025-03-18,CUST1358,Beauty,Perfume,5,239770,0.26,17196.33,North,Jaipur,Credit Card
ORD07789,2025-03-16,CUST0378,Furniture,Sofa,3,90435,0.07,7194.93,North,Jaipur,Credit Card
ORD07790,2025-12-30,CUST1088,Clothing,Shoes,4,96084,0.09,11249.93,North,Delhi,Net Banking
ORD07791,2025-04-17,CUST0637,Clothing,Jeans,5,209285,0.02,21435.55,North,Lucknow,Net Banking
ORD07792,2025-12-27,CUST0991,Clothing,T-Shirt,5,91200,0.23,9206.5,West,Mumbai,Credit Card
ORD07793,2025-12-05,CUST1526,Beauty,Face Wash,1,9268,0.21,1414.16,West,Mumbai,Net Banking
ORD07794,2025-04-16,CUST1321,Furniture,Table,4,22840,0.08,3029.16,West,Ahmedabad,Net Banking
ORD07795,2025-03-22,CUST0995,Electronics,Smart Watch,4,12400,0.03,1112.29,North,Delhi,Debit Card
ORD07796,2025-05-18,CUST0496,Electronics,Smart Watch,5,97200,0.19,15542.59,North,Jaipur,Debit Card
ORD07797,2025-07-10,CUST1997,Electronics,Laptop,4,172828,0.13,27827.29,East,Patna,UPI
ORD07798,2025-11-08,CUST1148,Furniture,Sofa,5,133980,0.28,22655.02,South,Chennai,Credit Card
ORD07799,2025-09-19,CUST0837,Electronics,Headphones,1,31649,0.12,6778.32,North,Jaipur,UPI
ORD07800,2025-04-10,CUST0294,Books,Novel,1,41835,0.24,7226.03,East,Bhubaneswar,Debit Card
ORD07801,2025-08-18,CUST0371,Clothing,Dress,5,200305,0.22,13934.01,East,Bhubaneswar,UPI
ORD07802,2025-03-13,CUST0005,Furniture,Bookshelf,4,187748,0.23,15723.72,North,Delhi,Net Banking
ORD07803,2025-01-25,CUST0913,Clothing,Jeans,4,66696,0.19,7180.64,East,Patna,UPI
ORD07804,2025-04-25,CUST0279,Electronics,Mobile Phone,1,46587,0.07,9189.1,North,Delhi,Credit Card
ORD07805,2025-05-13,CUST0653,Clothing,Jeans,3,45495,0.06,6363.29,South,Bangalore,Credit Card
ORD07806,2025-02-21,CUST1749,Beauty,Face Wash,2,52142,0.14,5038.9,West,Mumbai,Credit Card
ORD07807,2025-04-06,CUST0344,Electronics,Mobile Phone,2,33884,0.09,7141.39,South,Hyderabad,Credit Card
ORD07808,2025-12-25,CUST1473,Books,Magazine,5,88550,0.07,11161.05,South,Bangalore,UPI
ORD07809,2025-06-29,CUST1950,Books,Magazine,5,64840,0.17,3544.81,North,Jaipur,UPI
ORD07810,2025-07-09,CUST0410,Furniture,Sofa,1,35287,0.25,3505.27,West,Mumbai,Debit Card
ORD07811,2025-11-12,CUST0350,Books,Textbook,2,82968,0.26,3830.73,North,Jaipur,Net Banking
ORD07812,2025-01-05,CUST1443,Clothing,Dress,2,86262,0.08,13548.71,South,Bangalore,UPI
ORD07813,2025-03-04,CUST1949,Furniture,Chair,4,70948,0.25,12467.13,North,Delhi,Debit Card
ORD07814,2025-07-24,CUST1410,Beauty,Perfume,2,36136,0.12,5544.79,South,Hyderabad,Debit Card
ORD07815,2025-09-18,CUST0023,Books,Comics,5,204980,0.2,27136.05,West,Mumbai,UPI
ORD07816,2025-06-09,CUST0914,Clothing,Shoes,5,65625,0.25,2794.99,West,Ahmedabad,Cash on Delivery
ORD07817,2025-10-04,CUST0186,Furniture,Chair,3,61845,0.04,9646.33,East,Patna,Net Banking
ORD07818,2025-11-01,CUST0135,Clothing,Jeans,1,10872,0.11,2014.49,East,Bhubaneswar,Cash on Delivery
ORD07819,2025-08-11,CUST1261,Books,Comics,5,152765,0.26,8194.68,West,Mumbai,UPI
ORD07820,2025-07-30,CUST0729,Books,Magazine,2,17924,0.18,1407.6,West,Mumbai,UPI
ORD07821,2025-06-09,CUST1841,Electronics,Smart Watch,3,132183,0.0,24537.02,East,Kolkata,UPI
ORD07822,2025-09-02,CUST0984,Beauty,Perfume,5,162450,0.03,36787.17,North,Lucknow,Net Banking
ORD07823,2025-03-19,CUST0089,Clothing,Shoes,3,93057,0.25,7282.39,East,Kolkata,Net Banking
ORD07824,2025-12-18,CUST0550,Beauty,Perfume,5,139660,0.06,24911.18,East,Bhubaneswar,Credit Card
ORD07825,2025-12-03,CUST0663,Electronics,Laptop,4,160440,0.09,16772.4,South,Chennai,Debit Card
ORD07826,2025-03-25,CUST1855,Clothing,T-Shirt,3,149448,0.01,23661.28,West,Mumbai,Credit Card
ORD07827,2025-04-03,CUST0563,Electronics,Mobile Phone,3,123573,0.26,7745.85,South,Hyderabad,UPI
ORD07828,2025-05-16,CUST1819,Books,Textbook,4,79224,0.17,10268.3,North,Lucknow,UPI
ORD07829,2025-05-22,CUST0632,Beauty,Face Cream,3,128613,0.23,15050.23,South,Chennai,UPI
ORD07830,2025-04-16,CUST1201,Clothing,T-Shirt,2,20902,0.14,3979.68,South,Chennai,Credit Card
ORD07831,2025-04-20,CUST1856,Electronics,Laptop,5,249435,0.01,25088.6,West,Pune,Net Banking
ORD07832,2025-05-01,CUST1751,Furniture,Table,5,193165,0.15,21460.53,North,Delhi,UPI
ORD07833,2025-01-15,CUST1609,Books,Novel,2,2102,0.18,220.86,East,Patna,Debit Card
ORD07834,2025-10-08,CUST1686,Beauty,Face Cream,4,126196,0.07,23460.01,East,Kolkata,Net Banking
ORD07835,2025-12-22,CUST0528,Furniture,Chair,3,48675,0.07,7650.79,West,Pune,UPI
ORD07836,2025-05-07,CUST0404,Books,Textbook,2,85536,0.08,13806.95,South,Chennai,Debit Card
ORD07837,2025-03-24,CUST0664,Electronics,Mobile Phone,2,29584,0.22,4011.35,East,Bhubaneswar,Debit Card
ORD07838,2025-05-09,CUST1544,Beauty,Shampoo,5,4065,0.25,392.47,South,Bangalore,Debit Card
ORD07839,2025-03-29,CUST0816,Books,Textbook,5,228490,0.27,25525.79,West,Pune,Net Banking
ORD07840,2025-04-15,CUST0863,Furniture,Table,4,15836,0.22,872.44,North,Delhi,UPI
ORD07841,2025-06-22,CUST0213,Beauty,Face Cream,3,67719,0.09,8128.73,West,Mumbai,Debit Card
ORD07842,2025-06-06,CUST0646,Furniture,Sofa,2,92534,0.29,8778.22,East,Kolkata,UPI
ORD07843,2025-09-21,CUST0132,Books,Textbook,5,58245,0.05,6694.91,North,Delhi,Debit Card
ORD07844,2025-06-04,CUST1490,Electronics,Laptop,1,38321,0.01,2160.47,North,Delhi,Debit Card
ORD07845,2025-11-29,CUST1532,Clothing,T-Shirt,3,100596,0.21,19489.65,West,Pune,Net Banking
ORD07846,2025-03-15,CUST0817,Electronics,Laptop,2,44452,0.11,6559.17,West,Ahmedabad,Credit Card
ORD07847,2025-09-10,CUST0856,Furniture,Table,4,99504,0.25,6098.86,East,Bhubaneswar,Net Banking
ORD07848,2025-01-23,CUST0248,Clothing,Dress,5,165955,0.04,9493.71,East,Bhubaneswar,UPI
ORD07849,2025-09-01,CUST0939,Beauty,Shampoo,4,137892,0.09,20952.82,North,Delhi,Cash on Delivery
ORD07850,2025-08-14,CUST0915,Beauty,Shampoo,2,76894,0.24,7617.82,South,Chennai,Debit Card
ORD07851,2025-11-02,CUST0388,Furniture,Table,3,143763,0.07,24868.99,West,Ahmedabad,Cash on Delivery
ORD07852,2025-04-02,CUST0277,Beauty,Perfume,4,45056,0.24,3101.2,North,Delhi,Net Banking
ORD07853,2025-12-04,CUST1520,Clothing,Shoes,1,35651,0.14,5119.28,South,Hyderabad,Cash on Delivery
ORD07854,2025-02-09,CUST1597,Furniture,Chair,2,63680,0.11,3953.43,West,Ahmedabad,Debit Card
ORD07855,2025-10-20,CUST1869,Books,Magazine,4,20976,0.29,3288.03,South,Chennai,Debit Card
ORD07856,2025-05-07,CUST1260,Beauty,Perfume,1,29596,0.18,5625.01,East,Bhubaneswar,Credit Card
ORD07857,2025-04-03,CUST1325,Furniture,Sofa,2,54474,0.09,6509.1,North,Delhi,Net Banking
ORD07858,2025-01-04,CUST0814,Furniture,Sofa,4,121604,0.21,18637.28,West,Ahmedabad,Debit Card
ORD07859,2025-06-11,CUST0026,Beauty,Face Wash,3,74352,0.21,5564.74,North,Lucknow,UPI
ORD07860,2025-09-18,CUST1754,Beauty,Shampoo,4,197608,0.01,43089.96,East,Bhubaneswar,Cash on Delivery
ORD07861,2025-09-08,CUST0821,Electronics,Smart Watch,2,73860,0.14,6189.91,South,Bangalore,Net Banking
ORD07862,2025-11-13,CUST1751,Furniture,Bookshelf,5,137920,0.1,25006.42,East,Kolkata,Net Banking
ORD07863,2025-05-10,CUST1801,Books,Novel,4,23396,0.15,2738.4,East,Bhubaneswar,UPI
ORD07864,2025-12-20,CUST1905,Beauty,Perfume,3,104814,0.17,11213.08,West,Pune,Debit Card
ORD07865,2025-07-06,CUST1509,Electronics,Mobile Phone,5,6350,0.08,1400.21,North,Delhi,Net Banking
ORD07866,2025-08-17,CUST1285,Clothing,Dress,1,27816,0.2,3209.61,North,Delhi,Cash on Delivery
ORD07867,2025-08-23,CUST1304,Electronics,Smart Watch,2,3548,0.01,743.95,East,Bhubaneswar,Credit Card
ORD07868,2025-02-13,CUST0290,Furniture,Sofa,4,74416,0.23,4628.06,East,Kolkata,Net Banking
ORD07869,2025-01-29,CUST0246,Electronics,Smart Watch,5,99470,0.07,21982.03,South,Chennai,Net Banking
ORD07870,2025-08-02,CUST0037,Electronics,Mobile Phone,4,79928,0.03,18931.13,East,Kolkata,UPI
ORD07871,2025-09-25,CUST1167,Clothing,Shoes,3,135909,0.23,13310.39,West,Pune,Debit Card
ORD07872,2025-12-08,CUST1899,Clothing,T-Shirt,3,106884,0.16,13504.46,West,Mumbai,UPI
ORD07873,2025-01-12,CUST0643,Clothing,Jeans,4,93152,0.24,5653.77,East,Kolkata,Credit Card
ORD07874,2025-08-27,CUST1591,Books,Textbook,1,11907,0.29,595.84,North,Delhi,UPI
ORD07875,2025-01-08,CUST1559,Beauty,Shampoo,3,82131,0.14,6210.24,East,Patna,Debit Card
ORD07876,2025-04-17,CUST1030,Furniture,Sofa,1,29612,0.02,5829.66,East,Patna,Credit Card
ORD07877,2025-07-08,CUST1098,Furniture,Sofa,2,48298,0.09,6250.01,East,Bhubaneswar,Debit Card
ORD07878,2025-10-18,CUST1692,Books,Textbook,4,109232,0.05,14022.09,East,Patna,Credit Card
ORD07879,2025-12-28,CUST1223,Furniture,Bookshelf,4,6452,0.27,409.79,West,Mumbai,Cash on Delivery
ORD07880,2025-02-12,CUST0985,Beauty,Shampoo,2,19144,0.24,1610.28,West,Pune,Credit Card
ORD07881,2025-06-18,CUST0046,Clothing,Dress,3,70233,0.17,13649.63,East,Kolkata,UPI
ORD07882,2025-07-13,CUST0503,Books,Comics,1,1148,0.28,50.6,North,Lucknow,Net Banking
ORD07883,2025-05-20,CUST1149,Electronics,Laptop,5,12375,0.13,1040.02,North,Lucknow,Net Banking
ORD07884,2025-12-03,CUST0973,Clothing,Dress,5,14430,0.13,629.87,North,Delhi,UPI
ORD07885,2025-12-13,CUST0763,Books,Magazine,4,14500,0.06,1538.58,South,Hyderabad,Net Banking
ORD07886,2025-10-29,CUST0583,Books,Comics,3,51075,0.27,6861.94,North,Delhi,Credit Card
ORD07887,2025-09-19,CUST0454,Books,Magazine,2,43516,0.15,6240.06,East,Kolkata,UPI
ORD07888,2025-04-11,CUST0492,Furniture,Chair,3,41781,0.15,8369.48,North,Jaipur,Credit Card
ORD07889,2025-11-22,CUST1053,Electronics,Smart Watch,5,74065,0.16,7888.06,North,Delhi,Credit Card
ORD07890,2025-05-28,CUST0394,Clothing,Shoes,2,46024,0.13,2513.68,West,Mumbai,Cash on Delivery
ORD07891,2025-03-18,CUST0507,Electronics,Headphones,4,38132,0.18,5050.99,West,Pune,Debit Card
ORD07892,2025-07-19,CUST1229,Furniture,Chair,3,59010,0.26,8351.75,North,Lucknow,UPI
ORD07893,2025-08-09,CUST1133,Furniture,Chair,2,38316,0.15,6927.78,East,Bhubaneswar,Net Banking
ORD07894,2025-11-01,CUST0804,Electronics,Laptop,1,4297,0.29,602.32,West,Pune,Debit Card
ORD07895,2025-06-05,CUST1599,Furniture,Sofa,1,3891,0.04,463.1,West,Pune,UPI
ORD07896,2025-01-12,CUST0651,Furniture,Sofa,1,17030,0.26,835.17,West,Pune,Debit Card
ORD07897,2025-10-30,CUST1290,Clothing,Dress,4,28296,0.15,4615.8,North,Delhi,Cash on Delivery
ORD07898,2025-01-22,CUST0904,Books,Comics,1,4341,0.22,539.6,South,Hyderabad,Cash on Delivery
ORD07899,2025-10-29,CUST1384,Books,Textbook,5,30565,0.2,2074.85,East,Patna,Credit Card
ORD07900,2025-09-30,CUST1782,Electronics,Mobile Phone,4,17216,0.28,1183.21,West,Ahmedabad,Credit Card
ORD07901,2025-07-22,CUST0244,Furniture,Bookshelf,4,73936,0.13,4295.61,West,Mumbai,Debit Card
ORD07902,2025-11-16,CUST0027,Electronics,Laptop,3,4035,0.07,924.12,West,Mumbai,Cash on Delivery
ORD07903,2025-01-11,CUST0474,Books,Magazine,3,5760,0.21,619.6,North,Delhi,Debit Card
ORD07904,2025-06-03,CUST1377,Beauty,Shampoo,2,52834,0.3,5423.94,North,Lucknow,Cash on Delivery
ORD07905,2025-08-11,CUST0344,Furniture,Bookshelf,3,10002,0.19,827.06,South,Chennai,UPI
ORD07906,2025-09-17,CUST1605,Books,Comics,3,113652,0.07,6869.41,South,Hyderabad,Debit Card
ORD07907,2025-06-17,CUST0245,Books,Magazine,1,39165,0.18,3927.83,North,Jaipur,UPI
ORD07908,2025-08-22,CUST0654,Beauty,Shampoo,1,13106,0.09,1876.39,East,Bhubaneswar,Cash on Delivery
ORD07909,2025-01-02,CUST1892,Beauty,Face Cream,1,3598,0.04,438.1,North,Lucknow,Credit Card
ORD07910,2025-09-20,CUST1876,Beauty,Shampoo,1,23035,0.08,5074.26,South,Bangalore,Debit Card
ORD07911,2025-01-31,CUST0497,Beauty,Shampoo,5,68645,0.09,4646.37,North,Delhi,Credit Card
ORD07912,2025-03-08,CUST0296,Furniture,Table,2,15502,0.19,1406.13,South,Hyderabad,UPI
ORD07913,2025-10-17,CUST1548,Beauty,Face Wash,3,146160,0.22,16574.38,North,Delhi,UPI
ORD07914,2025-08-15,CUST1243,Clothing,Shoes,5,216690,0.18,17668.85,West,Ahmedabad,Credit Card
ORD07915,2025-09-25,CUST0153,Books,Novel,5,127720,0.2,7837.89,West,Mumbai,Cash on Delivery
ORD07916,2025-03-28,CUST0672,Clothing,Shoes,1,6553,0.2,1041.56,North,Delhi,UPI
ORD07917,2025-03-23,CUST0195,Books,Textbook,2,13264,0.26,721.0,South,Bangalore,Net Banking
ORD07918,2025-11-27,CUST1354,Clothing,Jeans,3,62577,0.26,6651.34,North,Jaipur,Debit Card
ORD07919,2025-12-01,CUST1662,Furniture,Chair,1,10582,0.1,1814.06,South,Chennai,Debit Card
ORD07920,2025-08-27,CUST1054,Clothing,Jeans,2,97954,0.18,6808.96,East,Bhubaneswar,UPI
ORD07921,2025-05-19,CUST1498,Electronics,Headphones,5,185105,0.21,24772.58,North,Lucknow,UPI
ORD07922,2025-04-20,CUST0824,Books,Novel,4,44112,0.07,8331.3,West,Ahmedabad,Net Banking
ORD07923,2025-06-12,CUST1659,Clothing,Dress,1,30912,0.07,3587.83,North,Lucknow,Credit Card
ORD07924,2025-12-10,CUST0013,Furniture,Chair,4,157296,0.09,17029.43,East,Bhubaneswar,Net Banking
ORD07925,2025-09-08,CUST1138,Furniture,Bookshelf,3,73707,0.1,5909.06,North,Jaipur,UPI
ORD07926,2025-01-03,CUST0812,Electronics,Mobile Phone,3,19116,0.07,3984.19,North,Lucknow,Credit Card
ORD07927,2025-03-26,CUST0773,Furniture,Sofa,2,85602,0.28,14760.56,West,Mumbai,Credit Card
ORD07928,2025-07-28,CUST1930,Clothing,Shoes,1,24473,0.13,3052.13,North,Lucknow,Debit Card
ORD07929,2025-12-28,CUST0061,Clothing,Jeans,5,106155,0.01,24469.4,West,Ahmedabad,Debit Card
ORD07930,2025-12-21,CUST1424,Beauty,Face Wash,2,2246,0.23,375.39,East,Kolkata,Debit Card
ORD07931,2025-02-22,CUST1544,Electronics,Laptop,2,75592,0.0,4543.26,South,Chennai,UPI
ORD07932,2025-03-19,CUST0285,Clothing,Dress,1,41784,0.29,5551.92,South,Bangalore,UPI
ORD07933,2025-01-01,CUST1436,Clothing,T-Shirt,1,3362,0.17,636.09,East,Kolkata,Net Banking
ORD07934,2025-04-26,CUST0701,Books,Textbook,4,99680,0.18,15602.77,North,Jaipur,Cash on Delivery
ORD07935,2025-03-08,CUST1825,Electronics,Headphones,5,239705,0.03,43032.83,North,Delhi,Net Banking
ORD07936,2025-06-07,CUST0537,Beauty,Shampoo,5,53660,0.24,5982.74,West,Ahmedabad,Cash on Delivery
ORD07937,2025-11-13,CUST0541,Electronics,Mobile Phone,3,35511,0.04,5845.94,East,Patna,Net Banking
ORD07938,2025-07-22,CUST1165,Books,Magazine,5,42100,0.11,2228.36,West,Mumbai,Debit Card
ORD07939,2025-06-28,CUST0259,Electronics,Mobile Phone,5,154710,0.01,34994.89,East,Patna,Net Banking
ORD07940,2025-12-30,CUST1996,Furniture,Sofa,3,59868,0.03,14202.1,West,Mumbai,Cash on Delivery
ORD07941,2025-06-26,CUST1321,Beauty,Face Wash,3,61341,0.09,7985.95,South,Chennai,Net Banking
ORD07942,2025-04-12,CUST0653,Books,Novel,2,84876,0.09,14983.53,West,Mumbai,UPI
ORD07943,2025-11-30,CUST1458,Books,Textbook,2,61908,0.08,8682.58,North,Delhi,UPI
ORD07944,2025-01-13,CUST0696,Beauty,Face Cream,5,176215,0.11,36473.52,West,Ahmedabad,Cash on Delivery
ORD07945,2025-03-16,CUST1799,Beauty,Shampoo,5,187290,0.17,30710.48,East,Patna,UPI
ORD07946,2025-03-17,CUST0762,Books,Magazine,3,79002,0.06,13083.67,East,Bhubaneswar,Cash on Delivery
ORD07947,2025-11-15,CUST0900,Books,Novel,4,169180,0.12,31477.05,South,Hyderabad,Cash on Delivery
ORD07948,2025-10-06,CUST1023,Books,Novel,5,40670,0.01,7223.44,South,Hyderabad,Debit Card
ORD07949,2025-12-08,CUST1914,Electronics,Smart Watch,3,128226,0.22,5845.71,South,Bangalore,Credit Card
ORD07950,2025-03-14,CUST0378,Electronics,Laptop,5,184690,0.05,27152.62,East,Bhubaneswar,UPI
ORD07951,2025-07-19,CUST0099,Books,Magazine,1,30257,0.15,5582.55,East,Kolkata,Credit Card
ORD07952,2025-11-19,CUST0795,Furniture,Bookshelf,5,32900,0.03,6003.48,South,Bangalore,Net Banking
ORD07953,2025-09-10,CUST1546,Electronics,Mobile Phone,2,23540,0.2,2338.29,South,Bangalore,Cash on Delivery
ORD07954,2025-03-26,CUST1537,Books,Magazine,3,148239,0.26,16943.05,East,Patna,Credit Card
ORD07955,2025-01-04,CUST0773,Books,Magazine,5,43590,0.13,4995.12,North,Lucknow,Debit Card
ORD07956,2025-09-25,CUST0365,Beauty,Perfume,5,199575,0.23,22147.94,South,Hyderabad,Debit Card
ORD07957,2025-09-19,CUST1397,Electronics,Mobile Phone,1,17746,0.05,2660.3,West,Ahmedabad,Net Banking
ORD07958,2025-07-03,CUST0592,Clothing,Dress,2,91906,0.09,19263.38,West,Pune,UPI
ORD07959,2025-03-31,CUST1653,Furniture,Bookshelf,4,46640,0.12,5174.65,North,Jaipur,Net Banking
ORD07960,2025-02-03,CUST0540,Books,Comics,4,93232,0.1,9835.41,East,Bhubaneswar,Cash on Delivery
ORD07961,2025-06-26,CUST0469,Furniture,Chair,2,8426,0.18,1166.82,North,Jaipur,Credit Card
ORD07962,2025-09-19,CUST1479,Electronics,Smart Watch,3,136470,0.07,14648.48,North,Lucknow,Cash on Delivery
ORD07963,2025-11-06,CUST0213,Furniture,Table,5,186570,0.01,27685.01,South,Chennai,Cash on Delivery
ORD07964,2025-06-18,CUST1366,Furniture,Chair,5,218475,0.13,27229.07,East,Kolkata,Cash on Delivery
ORD07965,2025-12-11,CUST0094,Beauty,Perfume,3,145551,0.04,30896.11,North,Jaipur,Net Banking
ORD07966,2025-10-16,CUST0472,Beauty,Face Wash,2,86804,0.3,13759.73,West,Mumbai,Debit Card
ORD07967,2025-07-03,CUST1295,Beauty,Face Wash,1,19969,0.09,1141.63,East,Kolkata,UPI
ORD07968,2025-11-01,CUST1064,Electronics,Mobile Phone,1,33178,0.28,4329.05,North,Delhi,Debit Card
ORD07969,2025-06-13,CUST1117,Clothing,Shoes,5,133395,0.02,25368.59,South,Bangalore,Net Banking
ORD07970,2025-05-08,CUST1112,Beauty,Face Cream,3,110433,0.12,22839.56,East,Kolkata,Debit Card
ORD07971,2025-12-04,CUST0390,Electronics,Smart Watch,4,138752,0.14,11430.0,West,Mumbai,UPI
ORD07972,2025-08-09,CUST1420,Electronics,Headphones,5,51605,0.27,6641.8,North,Delhi,UPI
ORD07973,2025-11-26,CUST0818,Beauty,Face Cream,5,147020,0.27,11233.45,North,Jaipur,Cash on Delivery
ORD07974,2025-09-30,CUST0077,Electronics,Headphones,2,1020,0.1,164.75,West,Pune,UPI
ORD07975,2025-03-02,CUST0250,Electronics,Laptop,1,45658,0.12,2508.84,South,Bangalore,Net Banking
ORD07976,2025-11-07,CUST0083,Books,Novel,5,159800,0.26,23649.49,West,Ahmedabad,Net Banking
ORD07977,2025-04-25,CUST1442,Electronics,Headphones,2,54582,0.22,9327.1,South,Chennai,Debit Card
ORD07978,2025-12-27,CUST0981,Furniture,Bookshelf,1,42099,0.19,6985.79,East,Bhubaneswar,Net Banking
ORD07979,2025-04-27,CUST1280,Furniture,Chair,2,17484,0.0,1093.09,East,Patna,Debit Card
ORD07980,2025-04-21,CUST0312,Clothing,T-Shirt,3,135369,0.26,11893.46,West,Pune,Debit Card
ORD07981,2025-09-03,CUST0627,Beauty,Shampoo,4,12492,0.04,1421.73,South,Hyderabad,Debit Card
ORD07982,2025-09-21,CUST0627,Electronics,Mobile Phone,1,19266,0.21,2973.09,West,Mumbai,Net Banking
ORD07983,2025-02-20,CUST1012,Furniture,Bookshelf,5,229360,0.07,51773.48,North,Jaipur,Debit Card
ORD07984,2025-06-18,CUST1349,Beauty,Face Cream,1,17424,0.2,3320.79,West,Ahmedabad,UPI
ORD07985,2025-02-18,CUST0994,Electronics,Headphones,1,1288,0.08,63.12,East,Bhubaneswar,Credit Card
ORD07986,2025-08-04,CUST1433,Clothing,Shoes,1,7263,0.19,914.47,East,Patna,UPI
ORD07987,2025-01-15,CUST0200,Clothing,T-Shirt,3,66249,0.13,3924.43,South,Hyderabad,Cash on Delivery
ORD07988,2025-07-04,CUST0486,Electronics,Headphones,3,137814,0.07,25681.93,East,Kolkata,Cash on Delivery
ORD07989,2025-06-15,CUST1335,Electronics,Headphones,4,95716,0.19,12954.2,South,Chennai,Debit Card
ORD07990,2025-12-02,CUST1358,Furniture,Sofa,5,193195,0.1,29781.28,North,Lucknow,Net Banking
ORD07991,2025-01-06,CUST1034,Clothing,T-Shirt,5,213500,0.21,22805.27,East,Bhubaneswar,Credit Card
ORD07992,2025-04-28,CUST0397,Books,Magazine,3,23805,0.3,3868.76,West,Mumbai,Net Banking
ORD07993,2025-07-18,CUST0461,Books,Textbook,5,28250,0.3,1694.15,South,Bangalore,Net Banking
ORD07994,2025-11-28,CUST0995,Books,Magazine,2,49254,0.09,7559.03,East,Patna,UPI
ORD07995,2025-03-21,CUST0494,Beauty,Face Wash,3,38964,0.16,7279.49,East,Bhubaneswar,Debit Card
ORD07996,2025-09-06,CUST1756,Electronics,Laptop,5,229925,0.17,44012.52,West,Mumbai,Debit Card
ORD07997,2025-10-25,CUST1064,Clothing,Jeans,5,51615,0.17,5919.13,West,Pune,Cash on Delivery
ORD07998,2025-12-21,CUST0474,Beauty,Shampoo,5,24950,0.01,2993.69,West,Ahmedabad,UPI
ORD07999,2025-07-12,CUST1521,Furniture,Bookshelf,5,74275,0.06,12245.53,South,Hyderabad,Credit Card
ORD08000,2025-03-18,CUST1076,Furniture,Table,2,51412,0.24,7062.89,West,Mumbai,Debit Card
ORD08001,2025-08-24,CUST0458,Books,Textbook,3,74718,0.15,9883.48,North,Delhi,Net Banking
ORD08002,2025-04-02,CUST0601,Beauty,Shampoo,4,81048,0.09,5506.01,East,Kolkata,Cash on Delivery
ORD08003,2025-01-27,CUST0503,Electronics,Mobile Phone,1,2084,0.23,80.6,North,Delhi,Debit Card
ORD08004,2025-03-07,CUST0573,Clothing,Shoes,4,168520,0.05,20577.4,East,Kolkata,Net Banking
ORD08005,2025-11-08,CUST1035,Furniture,Bookshelf,1,47532,0.2,8716.89,South,Bangalore,Debit Card
ORD08006,2025-08-27,CUST1790,Furniture,Table,1,19879,0.23,2691.12,South,Hyderabad,Credit Card
ORD08007,2025-03-06,CUST0233,Beauty,Shampoo,5,40740,0.06,6185.84,North,Lucknow,Cash on Delivery
ORD08008,2025-09-16,CUST1539,Clothing,Jeans,4,161128,0.11,31512.36,West,Mumbai,Debit Card
ORD08009,2025-03-10,CUST0267,Furniture,Bookshelf,2,12404,0.14,955.17,East,Patna,UPI
ORD08010,2025-08-22,CUST0583,Beauty,Face Cream,5,12595,0.14,888.87,East,Patna,Credit Card
ORD08011,2025-05-16,CUST1958,Furniture,Table,2,17706,0.15,2225.05,West,Ahmedabad,Credit Card
ORD08012,2025-01-03,CUST0723,Furniture,Chair,1,11172,0.09,2166.46,North,Jaipur,UPI
ORD08013,2025-04-30,CUST0764,Books,Comics,1,13343,0.26,1385.92,East,Bhubaneswar,UPI
ORD08014,2025-11-27,CUST0332,Books,Comics,2,45954,0.21,6804.5,West,Ahmedabad,Cash on Delivery
ORD08015,2025-11-30,CUST0279,Electronics,Mobile Phone,3,51723,0.03,11814.43,East,Kolkata,Credit Card
ORD08016,2025-11-30,CUST0181,Books,Magazine,2,9888,0.26,994.07,North,Delhi,Credit Card
ORD08017,2025-05-24,CUST1987,Books,Comics,2,77884,0.2,12016.29,South,Chennai,Debit Card
ORD08018,2025-08-19,CUST1665,Furniture,Sofa,4,112224,0.2,16329.56,South,Chennai,Net Banking
ORD08019,2025-01-02,CUST1870,Beauty,Perfume,4,78188,0.09,13083.48,North,Jaipur,Cash on Delivery
ORD08020,2025-03-21,CUST1475,Electronics,Mobile Phone,2,85636,0.11,12540.42,West,Mumbai,Credit Card
ORD08021,2025-09-18,CUST1515,Clothing,T-Shirt,5,193685,0.15,12081.42,South,Hyderabad,Cash on Delivery
ORD08022,2025-07-13,CUST1870,Electronics,Headphones,2,10858,0.26,1453.99,East,Kolkata,Credit Card
ORD08023,2025-06-06,CUST0792,Furniture,Bookshelf,5,94510,0.12,15893.92,East,Patna,Debit Card
ORD08024,2025-05-11,CUST0262,Furniture,Sofa,3,130641,0.02,13231.86,East,Bhubaneswar,Debit Card
ORD08025,2025-02-02,CUST0163,Furniture,Chair,1,35609,0.11,6343.68,East,Patna,Debit Card
ORD08026,2025-08-05,CUST1879,Furniture,Table,3,148227,0.27,20270.29,West,Ahmedabad,Debit Card
ORD08027,2025-09-14,CUST1151,Clothing,Dress,3,130137,0.05,9907.45,South,Bangalore,UPI
ORD08028,2025-05-29,CUST1587,Clothing,Jeans,2,75660,0.14,12888.89,West,Mumbai,Net Banking
ORD08029,2025-08-19,CUST1371,Electronics,Headphones,4,183312,0.25,24372.49,West,Ahmedabad,Credit Card
ORD08030,2025-02-16,CUST0175,Clothing,Dress,1,34558,0.17,4039.91,South,Chennai,UPI
ORD08031,2025-08-05,CUST0870,Books,Magazine,1,11217,0.25,1926.88,West,Mumbai,Debit Card
ORD08032,2025-08-26,CUST1268,Clothing,Dress,5,182595,0.11,35651.26,North,Lucknow,UPI
ORD08033,2025-05-01,CUST1140,Beauty,Face Cream,5,133640,0.17,9197.02,North,Jaipur,Debit Card
ORD08034,2025-05-10,CUST0828,Furniture,Sofa,1,44348,0.26,3249.41,East,Kolkata,Cash on Delivery
ORD08035,2025-09-28,CUST0189,Beauty,Face Cream,5,4635,0.08,779.54,North,Lucknow,Credit Card
ORD08036,2025-03-04,CUST0183,Beauty,Face Cream,3,86151,0.0,5687.5,West,Ahmedabad,Debit Card
ORD08037,2025-09-18,CUST0548,Beauty,Perfume,1,48808,0.24,2050.21,South,Hyderabad,Net Banking
ORD08038,2025-12-18,CUST1611,Furniture,Table,5,214430,0.26,35267.32,West,Ahmedabad,Credit Card
ORD08039,2025-07-17,CUST1194,Books,Novel,1,7317,0.24,824.24,South,Bangalore,Cash on Delivery
ORD08040,2025-06-13,CUST0345,Furniture,Table,3,122400,0.03,8644.02,West,Mumbai,Net Banking
ORD08041,2025-02-20,CUST1904,Beauty,Shampoo,2,97878,0.0,8566.89,West,Ahmedabad,UPI
ORD08042,2025-07-30,CUST1464,Clothing,Shoes,5,65090,0.02,3224.59,East,Kolkata,UPI
ORD08043,2025-03-04,CUST1805,Beauty,Face Cream,3,132171,0.27,16729.32,East,Patna,Cash on Delivery
ORD08044,2025-02-10,CUST1654,Beauty,Perfume,4,102180,0.29,4484.62,South,Chennai,Cash on Delivery
ORD08045,2025-08-31,CUST0286,Clothing,Dress,3,72186,0.08,11448.68,East,Kolkata,Net Banking
ORD08046,2025-02-24,CUST0803,Electronics,Smart Watch,3,114642,0.1,22000.66,West,Mumbai,Net Banking
ORD08047,2025-03-05,CUST1544,Books,Comics,3,4923,0.03,767.56,West,Ahmedabad,UPI
ORD08048,2025-06-30,CUST1437,Clothing,Shoes,2,53054,0.26,7580.83,North,Lucknow,Cash on Delivery
ORD08049,2025-09-13,CUST1671,Beauty,Shampoo,2,66356,0.05,11765.63,North,Jaipur,Debit Card
ORD08050,2025-03-02,CUST0654,Furniture,Chair,4,128400,0.17,19907.43,East,Bhubaneswar,Credit Card
ORD08051,2025-06-22,CUST1054,Beauty,Shampoo,5,128615,0.17,18595.81,West,Pune,Net Banking
ORD08052,2025-07-26,CUST1843,Clothing,Shoes,5,39245,0.3,5283.44,East,Bhubaneswar,Cash on Delivery
ORD08053,2025-04-02,CUST1456,Furniture,Sofa,3,70830,0.01,14546.1,East,Bhubaneswar,Credit Card
ORD08054,2025-02-27,CUST1563,Electronics,Smart Watch,5,213105,0.27,25398.41,East,Patna,Debit Card
ORD08055,2025-11-04,CUST0779,Clothing,Shoes,3,100863,0.17,10211.22,East,Kolkata,Debit Card
ORD08056,2025-02-28,CUST0894,Furniture,Table,2,61132,0.21,2641.09,South,Bangalore,Net Banking
ORD08057,2025-01-10,CUST0594,Books,Comics,3,24924,0.16,2387.58,East,Kolkata,Net Banking
ORD08058,2025-12-29,CUST1013,Books,Novel,1,26357,0.15,4957.59,North,Jaipur,Cash on Delivery
ORD08059,2025-11-20,CUST1899,Clothing,Dress,2,74342,0.06,15069.48,North,Lucknow,UPI
ORD08060,2025-11-04,CUST1721,Electronics,Smart Watch,2,69224,0.1,10070.39,West,Mumbai,Credit Card
ORD08061,2025-03-27,CUST0723,Furniture,Bookshelf,4,179636,0.15,9677.57,North,Delhi,Cash on Delivery
ORD08062,2025-05-04,CUST1626,Electronics,Headphones,2,95816,0.04,13433.61,West,Pune,Cash on Delivery
ORD08063,2025-09-27,CUST1791,Clothing,Shoes,5,16555,0.07,1128.4,West,Ahmedabad,Debit Card
ORD08064,2025-07-30,CUST1195,Clothing,Shoes,5,171315,0.2,33394.19,South,Chennai,UPI
ORD08065,2025-01-27,CUST1418,Books,Textbook,4,145616,0.28,9596.02,West,Mumbai,Credit Card
ORD08066,2025-10-08,CUST1188,Electronics,Headphones,3,17526,0.1,2664.09,West,Pune,Cash on Delivery
ORD08067,2025-04-09,CUST1547,Furniture,Chair,5,243940,0.06,42821.13,West,Pune,UPI
ORD08068,2025-11-23,CUST1894,Books,Comics,2,12362,0.1,1651.25,North,Lucknow,Credit Card
ORD08069,2025-10-29,CUST0592,Electronics,Smart Watch,4,186216,0.06,26374.56,West,Mumbai,Cash on Delivery
ORD08070,2025-05-31,CUST1067,Clothing,T-Shirt,5,168025,0.25,7778.03,North,Delhi,UPI
ORD08071,2025-12-18,CUST1670,Beauty,Shampoo,2,57234,0.3,6466.62,North,Delhi,Debit Card
ORD08072,2025-07-28,CUST0968,Beauty,Shampoo,5,247970,0.26,45514.24,North,Jaipur,UPI
ORD08073,2025-03-26,CUST1374,Books,Magazine,4,173236,0.07,30741.03,East,Kolkata,Cash on Delivery
ORD08074,2025-10-17,CUST1554,Beauty,Shampoo,4,190720,0.25,13136.19,South,Chennai,Cash on Delivery
ORD08075,2025-05-25,CUST0138,Beauty,Perfume,1,38336,0.02,5308.97,South,Hyderabad,Credit Card
ORD08076,2025-04-20,CUST1540,Books,Comics,4,92400,0.2,9284.06,North,Lucknow,Debit Card
ORD08077,2025-12-19,CUST1587,Electronics,Smart Watch,1,47399,0.08,7919.21,South,Hyderabad,Credit Card
ORD08078,2025-09-19,CUST2000,Electronics,Laptop,5,222935,0.01,30741.69,South,Bangalore,Net Banking
ORD08079,2025-08-28,CUST0302,Clothing,Dress,2,84986,0.25,7681.17,North,Lucknow,UPI
ORD08080,2025-03-13,CUST0958,Beauty,Shampoo,3,140922,0.15,23546.35,North,Delhi,Credit Card
ORD08081,2025-02-08,CUST0950,Clothing,T-Shirt,1,40800,0.01,2870.38,East,Patna,Debit Card
ORD08082,2025-05-06,CUST0840,Books,Magazine,1,27189,0.16,3059.37,South,Chennai,Debit Card
ORD08083,2025-04-04,CUST1322,Clothing,Dress,2,33616,0.11,4611.66,North,Jaipur,UPI
ORD08084,2025-08-26,CUST0539,Clothing,T-Shirt,4,98564,0.27,8818.65,North,Jaipur,Cash on Delivery
ORD08085,2025-11-17,CUST0858,Beauty,Face Cream,3,42618,0.3,4059.75,South,Hyderabad,Debit Card
ORD08086,2025-07-16,CUST1035,Beauty,Face Wash,1,14743,0.07,737.98,West,Pune,UPI
ORD08087,2025-01-18,CUST0505,Electronics,Headphones,4,93572,0.01,19461.27,South,Bangalore,UPI
ORD08088,2025-12-23,CUST1275,Beauty,Face Wash,5,220555,0.23,15354.38,East,Bhubaneswar,Cash on Delivery
ORD08089,2025-11-21,CUST0689,Clothing,Jeans,5,42720,0.18,8673.54,South,Hyderabad,Cash on Delivery
ORD08090,2025-03-31,CUST0502,Beauty,Face Cream,2,79408,0.17,9856.69,East,Kolkata,Cash on Delivery
ORD08091,2025-12-08,CUST1497,Clothing,T-Shirt,5,75775,0.28,7582.15,West,Mumbai,Cash on Delivery
ORD08092,2025-11-25,CUST0165,Electronics,Mobile Phone,5,158535,0.26,22939.4,North,Lucknow,Net Banking
ORD08093,2025-02-14,CUST0113,Beauty,Shampoo,5,189315,0.29,13897.78,West,Pune,Debit Card
ORD08094,2025-05-21,CUST0270,Furniture,Bookshelf,2,35596,0.04,4787.44,West,Ahmedabad,UPI
ORD08095,2025-02-02,CUST0394,Beauty,Face Wash,4,33064,0.23,6015.88,South,Hyderabad,Cash on Delivery
ORD08096,2025-04-24,CUST0846,Furniture,Bookshelf,4,117680,0.22,6653.47,East,Patna,Debit Card
ORD08097,2025-01-06,CUST1808,Books,Comics,4,84520,0.27,10463.22,West,Mumbai,Net Banking
ORD08098,2025-03-29,CUST1143,Books,Magazine,2,49322,0.03,7443.21,North,Delhi,UPI
ORD08099,2025-02-28,CUST1964,Beauty,Shampoo,2,31906,0.08,1873.29,South,Bangalore,UPI
ORD08100,2025-11-20,CUST1806,Clothing,Jeans,2,74764,0.04,9491.72,North,Delhi,Net Banking
ORD08101,2025-09-07,CUST1898,Clothing,Jeans,1,49092,0.28,6933.2,South,Bangalore,Credit Card
ORD08102,2025-01-27,CUST1847,Beauty,Face Cream,5,66655,0.27,4591.72,South,Chennai,UPI
ORD08103,2025-01-21,CUST0798,Clothing,Jeans,3,33549,0.04,3334.3,South,Hyderabad,Credit Card
ORD08104,2025-07-25,CUST0551,Clothing,Dress,3,147456,0.16,7277.11,North,Jaipur,Net Banking
ORD08105,2025-03-28,CUST1213,Books,Comics,4,161680,0.01,35659.3,East,Bhubaneswar,UPI
ORD08106,2025-05-18,CUST1839,Clothing,Shoes,5,193015,0.01,39716.82,West,Ahmedabad,Debit Card
ORD08107,2025-03-09,CUST0937,Electronics,Smart Watch,2,57704,0.22,11222.82,North,Lucknow,Net Banking
ORD08108,2025-09-08,CUST0594,Clothing,Shoes,3,43545,0.17,3175.12,South,Hyderabad,Debit Card
ORD08109,2025-11-10,CUST0074,Clothing,Shoes,1,49450,0.06,7366.88,East,Kolkata,Net Banking
ORD08110,2025-06-19,CUST1959,Furniture,Bookshelf,2,85966,0.0,17874.28,East,Kolkata,Net Banking
ORD08111,2025-04-01,CUST1990,Clothing,T-Shirt,5,80760,0.23,9723.1,South,Bangalore,Cash on Delivery
ORD08112,2025-12-10,CUST1144,Books,Novel,3,61323,0.1,5385.23,West,Ahmedabad,Debit Card
ORD08113,2025-08-02,CUST0376,Furniture,Sofa,2,58150,0.11,12050.81,South,Chennai,Debit Card
ORD08114,2025-12-17,CUST1532,Clothing,Jeans,5,24650,0.18,2874.97,North,Lucknow,Credit Card
ORD08115,2025-03-16,CUST1344,Furniture,Table,1,17001,0.11,1203.77,East,Kolkata,UPI
ORD08116,2025-11-09,CUST1939,Furniture,Chair,4,54884,0.16,9423.46,West,Ahmedabad,UPI
ORD08117,2025-12-26,CUST0786,Beauty,Perfume,1,41940,0.21,6760.77,North,Delhi,Credit Card
ORD08118,2025-03-12,CUST0018,Books,Textbook,1,2085,0.24,364.73,East,Patna,Credit Card
ORD08119,2025-01-01,CUST1729,Beauty,Perfume,3,21666,0.05,4067.08,West,Ahmedabad,Debit Card
ORD08120,2025-04-30,CUST1064,Beauty,Shampoo,2,83948,0.01,15457.65,South,Bangalore,Credit Card
ORD08121,2025-02-26,CUST0126,Electronics,Laptop,1,14780,0.18,2645.64,North,Lucknow,Net Banking
ORD08122,2025-04-12,CUST1746,Electronics,Laptop,2,15726,0.23,2835.67,South,Hyderabad,Net Banking
ORD08123,2025-03-24,CUST0872,Books,Magazine,1,19524,0.03,2854.92,North,Jaipur,Debit Card
ORD08124,2025-07-01,CUST1890,Furniture,Sofa,2,97482,0.08,6986.4,North,Jaipur,Debit Card
ORD08125,2025-12-06,CUST0620,Furniture,Chair,5,159210,0.29,7669.85,West,Mumbai,Credit Card
ORD08126,2025-02-02,CUST1427,Clothing,T-Shirt,2,19118,0.21,1440.21,East,Patna,Debit Card
ORD08127,2025-03-19,CUST0597,Books,Magazine,3,121437,0.12,9223.9,East,Bhubaneswar,Cash on Delivery
ORD08128,2025-04-05,CUST1837,Beauty,Shampoo,2,79516,0.08,7563.05,East,Bhubaneswar,UPI
ORD08129,2025-01-21,CUST1973,Books,Novel,3,45501,0.23,2438.04,North,Delhi,UPI
ORD08130,2025-05-11,CUST1473,Beauty,Shampoo,1,48828,0.13,7641.15,West,Ahmedabad,Credit Card
ORD08131,2025-12-28,CUST1664,Electronics,Smart Watch,5,73075,0.28,2960.14,East,Kolkata,UPI
ORD08132,2025-03-03,CUST1961,Furniture,Table,2,46866,0.15,2587.75,South,Chennai,Net Banking
ORD08133,2025-12-03,CUST0573,Electronics,Smart Watch,5,211865,0.15,22053.15,East,Kolkata,Cash on Delivery
ORD08134,2025-10-24,CUST1166,Clothing,T-Shirt,4,154048,0.27,21728.59,East,Kolkata,UPI
ORD08135,2025-11-28,CUST1711,Furniture,Table,5,237120,0.14,32632.95,West,Mumbai,UPI
ORD08136,2025-04-12,CUST1752,Books,Novel,5,63835,0.12,11892.39,West,Mumbai,Cash on Delivery
ORD08137,2025-12-10,CUST1281,Clothing,Dress,3,131949,0.04,8478.13,South,Hyderabad,Credit Card
ORD08138,2025-01-15,CUST0687,Books,Textbook,5,120620,0.26,9217.73,South,Chennai,Debit Card
ORD08139,2025-01-06,CUST1763,Furniture,Bookshelf,2,12372,0.17,1424.43,South,Hyderabad,Cash on Delivery
ORD08140,2025-06-02,CUST1773,Clothing,Shoes,1,37083,0.28,5475.73,West,Mumbai,Cash on Delivery
ORD08141,2025-10-16,CUST0790,Beauty,Shampoo,5,169190,0.25,30976.23,West,Pune,Credit Card
ORD08142,2025-11-26,CUST1919,Books,Magazine,2,31352,0.06,5683.21,West,Pune,Net Banking
ORD08143,2025-07-23,CUST1417,Books,Textbook,5,170195,0.02,27371.08,South,Bangalore,Credit Card
ORD08144,2025-02-27,CUST1607,Furniture,Chair,3,110994,0.01,10931.1,East,Patna,Debit Card
ORD08145,2025-02-04,CUST0620,Clothing,Dress,2,10674,0.06,2201.46,South,Chennai,Net Banking
ORD08146,2025-02-02,CUST1243,Furniture,Bookshelf,4,72112,0.07,14226.84,East,Kolkata,Credit Card
ORD08147,2025-07-06,CUST0926,Beauty,Face Cream,4,182256,0.27,9433.07,North,Lucknow,Credit Card
ORD08148,2025-01-02,CUST1679,Beauty,Face Wash,3,102594,0.2,16207.39,East,Kolkata,UPI
ORD08149,2025-01-10,CUST0993,Books,Textbook,1,8415,0.13,1154.39,West,Ahmedabad,Debit Card
ORD08150,2025-06-18,CUST0086,Furniture,Chair,5,134975,0.04,31561.49,East,Bhubaneswar,Net Banking
ORD08151,2025-01-10,CUST1767,Furniture,Table,1,41981,0.23,5093.33,North,Delhi,Credit Card
ORD08152,2025-08-26,CUST1101,Electronics,Mobile Phone,3,95562,0.03,22752.15,North,Jaipur,Cash on Delivery
ORD08153,2025-10-27,CUST0633,Electronics,Smart Watch,2,99700,0.03,22422.68,West,Mumbai,Credit Card
ORD08154,2025-01-05,CUST0890,Beauty,Shampoo,2,55890,0.25,10313.63,North,Delhi,Credit Card
ORD08155,2025-08-08,CUST1986,Clothing,Shoes,5,91920,0.21,13381.18,North,Jaipur,UPI
ORD08156,2025-05-17,CUST0370,Beauty,Face Wash,5,188685,0.24,16644.95,East,Patna,Cash on Delivery
ORD08157,2025-11-17,CUST1394,Furniture,Sofa,4,169224,0.03,14680.44,North,Delhi,Cash on Delivery
ORD08158,2025-05-08,CUST0014,Furniture,Table,4,45028,0.07,10349.47,South,Chennai,UPI
ORD08159,2025-11-13,CUST0776,Furniture,Table,5,249475,0.05,26664.91,South,Chennai,Net Banking
ORD08160,2025-07-30,CUST1015,Books,Comics,3,117960,0.12,19494.75,North,Delhi,Cash on Delivery
ORD08161,2025-11-01,CUST1623,Books,Textbook,1,43621,0.23,2689.63,East,Bhubaneswar,UPI
ORD08162,2025-10-27,CUST0631,Beauty,Shampoo,2,82998,0.03,12761.91,West,Mumbai,Credit Card
ORD08163,2025-12-06,CUST1169,Beauty,Shampoo,1,962,0.23,169.1,South,Chennai,UPI
ORD08164,2025-09-17,CUST0508,Clothing,T-Shirt,2,47106,0.18,7340.98,East,Bhubaneswar,Net Banking
ORD08165,2025-01-07,CUST1845,Books,Novel,1,2671,0.1,357.14,North,Delhi,UPI
ORD08166,2025-08-01,CUST1004,Clothing,Dress,2,52988,0.0,4155.61,East,Kolkata,Credit Card
ORD08167,2025-11-03,CUST1474,Clothing,Jeans,1,11255,0.07,914.21,North,Jaipur,Debit Card
ORD08168,2025-09-19,CUST1312,Furniture,Table,2,37652,0.07,4390.29,North,Lucknow,Net Banking
ORD08169,2025-07-10,CUST1761,Beauty,Shampoo,1,14585,0.01,3015.16,East,Patna,Cash on Delivery
ORD08170,2025-09-18,CUST1381,Books,Comics,1,47973,0.19,2242.86,North,Lucknow,Cash on Delivery
ORD08171,2025-03-08,CUST0474,Furniture,Table,4,23040,0.07,1851.54,West,Pune,Credit Card
ORD08172,2025-03-10,CUST1489,Furniture,Table,3,94830,0.03,7765.0,South,Chennai,UPI
ORD08173,2025-02-26,CUST1551,Furniture,Sofa,3,57555,0.24,4730.43,South,Hyderabad,Cash on Delivery
ORD08174,2025-07-30,CUST1315,Electronics,Laptop,5,86180,0.04,19359.98,North,Delhi,UPI
ORD08175,2025-03-14,CUST0753,Books,Magazine,2,84272,0.12,11611.55,South,Chennai,UPI
ORD08176,2025-07-01,CUST0741,Clothing,Shoes,4,105840,0.3,12612.69,West,Mumbai,Debit Card
ORD08177,2025-05-17,CUST0635,Books,Novel,5,70100,0.03,6343.96,East,Patna,Cash on Delivery
ORD08178,2025-09-15,CUST1713,Books,Textbook,4,75952,0.28,13004.41,South,Chennai,Credit Card
ORD08179,2025-12-30,CUST1267,Electronics,Mobile Phone,1,10005,0.14,1292.62,West,Ahmedabad,UPI
ORD08180,2025-11-08,CUST0105,Electronics,Smart Watch,5,187775,0.11,39927.15,South,Bangalore,Cash on Delivery
ORD08181,2025-04-13,CUST0077,Clothing,Dress,1,24765,0.05,1279.85,East,Kolkata,Cash on Delivery
ORD08182,2025-12-07,CUST1797,Furniture,Bookshelf,5,165860,0.11,13505.15,North,Delhi,Debit Card
ORD08183,2025-06-07,CUST1675,Books,Novel,2,58326,0.24,9478.83,North,Delhi,Net Banking
ORD08184,2025-12-21,CUST1677,Furniture,Bookshelf,2,16740,0.08,1806.51,East,Patna,Net Banking
ORD08185,2025-07-21,CUST1196,Clothing,Shoes,5,184880,0.01,20846.68,North,Lucknow,Credit Card
ORD08186,2025-11-23,CUST0039,Clothing,Shoes,5,231795,0.26,34705.01,South,Bangalore,Cash on Delivery
ORD08187,2025-10-31,CUST0745,Clothing,T-Shirt,5,211190,0.2,28308.23,West,Pune,Net Banking
ORD08188,2025-02-14,CUST1317,Electronics,Headphones,3,54189,0.24,8397.99,South,Chennai,Net Banking
ORD08189,2025-01-26,CUST0983,Beauty,Face Wash,2,85554,0.25,7833.52,North,Jaipur,UPI
ORD08190,2025-04-22,CUST0669,Electronics,Mobile Phone,4,66080,0.07,14723.29,East,Kolkata,UPI
ORD08191,2025-05-04,CUST1368,Electronics,Laptop,2,12732,0.16,2015.73,South,Hyderabad,Net Banking
ORD08192,2025-07-19,CUST0474,Books,Textbook,4,164244,0.07,19630.91,North,Jaipur,Net Banking
ORD08193,2025-04-30,CUST1287,Electronics,Laptop,1,33315,0.21,5991.66,North,Lucknow,Credit Card
ORD08194,2025-09-27,CUST0804,Electronics,Headphones,1,40719,0.15,3148.55,North,Jaipur,UPI
ORD08195,2025-01-10,CUST0993,Beauty,Shampoo,4,83996,0.09,15653.25,West,Ahmedabad,Debit Card
ORD08196,2025-10-21,CUST0110,Beauty,Perfume,4,132096,0.28,23418.91,North,Jaipur,UPI
ORD08197,2025-10-24,CUST1815,Electronics,Smart Watch,4,178156,0.16,35383.53,East,Patna,UPI
ORD08198,2025-05-31,CUST0798,Clothing,Jeans,4,16424,0.22,2128.94,North,Delhi,Cash on Delivery
ORD08199,2025-04-12,CUST1799,Books,Magazine,4,153788,0.25,21204.84,North,Jaipur,Net Banking
ORD08200,2025-07-11,CUST1955,Books,Comics,3,104661,0.03,18616.31,West,Ahmedabad,Credit Card
ORD08201,2025-05-29,CUST0677,Books,Textbook,1,41918,0.2,4021.19,East,Patna,Credit Card
ORD08202,2025-02-13,CUST1411,Electronics,Headphones,3,143145,0.28,10118.78,South,Chennai,Cash on Delivery
ORD08203,2025-05-11,CUST0051,Beauty,Face Wash,5,194560,0.23,35147.83,North,Lucknow,Credit Card
ORD08204,2025-09-07,CUST1863,Beauty,Face Wash,5,179770,0.25,18422.73,North,Delhi,Net Banking
ORD08205,2025-10-04,CUST0690,Clothing,Jeans,2,17044,0.01,1603.51,South,Bangalore,Net Banking
ORD08206,2025-06-14,CUST1362,Books,Textbook,5,41770,0.25,3890.48,West,Mumbai,Credit Card
ORD08207,2025-02-11,CUST1571,Electronics,Smart Watch,2,29026,0.27,1177.33,West,Ahmedabad,Cash on Delivery
ORD08208,2025-01-26,CUST0633,Clothing,Shoes,4,25260,0.04,1836.94,North,Jaipur,Debit Card
ORD08209,2025-08-30,CUST0317,Electronics,Headphones,2,96348,0.19,4836.73,West,Ahmedabad,Cash on Delivery
ORD08210,2025-09-24,CUST1183,Books,Textbook,1,49932,0.04,7344.2,East,Patna,Credit Card
ORD08211,2025-05-09,CUST0116,Beauty,Perfume,2,93442,0.29,8375.67,South,Hyderabad,Net Banking
ORD08212,2025-04-02,CUST1194,Beauty,Face Wash,1,2540,0.24,431.55,West,Ahmedabad,Debit Card
ORD08213,2025-05-19,CUST0241,Beauty,Shampoo,5,65350,0.1,7351.77,South,Bangalore,Cash on Delivery
ORD08214,2025-05-05,CUST1819,Beauty,Shampoo,5,163580,0.12,24334.76,West,Ahmedabad,Cash on Delivery
ORD08215,2025-12-24,CUST1884,Books,Novel,1,38902,0.25,3257.35,East,Kolkata,Credit Card
ORD08216,2025-08-08,CUST1792,Furniture,Bookshelf,3,22125,0.1,2188.75,West,Pune,Credit Card
ORD08217,2025-01-15,CUST0366,Clothing,Dress,1,40631,0.01,3434.81,East,Patna,Net Banking
ORD08218,2025-05-13,CUST1027,Electronics,Headphones,3,30117,0.23,5312.93,South,Hyderabad,UPI
ORD08219,2025-03-11,CUST0351,Electronics,Headphones,4,45496,0.02,5661.32,East,Patna,Cash on Delivery
ORD08220,2025-12-01,CUST0111,Electronics,Smart Watch,5,8545,0.14,1805.92,West,Ahmedabad,Net Banking
ORD08221,2025-12-29,CUST1930,Beauty,Perfume,2,28028,0.27,3181.76,North,Lucknow,Net Banking
ORD08222,2025-09-18,CUST1408,Electronics,Mobile Phone,2,70404,0.04,10232.25,West,Mumbai,Net Banking
ORD08223,2025-10-03,CUST0218,Books,Novel,2,45318,0.29,5203.07,West,Mumbai,Debit Card
ORD08224,2025-12-27,CUST0051,Electronics,Smart Watch,5,58040,0.15,3434.14,West,Ahmedabad,UPI
ORD08225,2025-07-01,CUST1608,Clothing,Jeans,1,18131,0.07,1543.47,West,Pune,Debit Card
ORD08226,2025-11-09,CUST2000,Electronics,Mobile Phone,5,167885,0.23,11075.57,South,Hyderabad,Net Banking
ORD08227,2025-02-09,CUST0237,Beauty,Shampoo,4,86316,0.08,13726.01,North,Jaipur,UPI
ORD08228,2025-10-07,CUST1167,Books,Novel,4,181540,0.26,26172.17,North,Jaipur,Net Banking
ORD08229,2025-05-17,CUST0487,Books,Novel,5,38995,0.09,5205.01,North,Delhi,Net Banking
ORD08230,2025-04-14,CUST0404,Furniture,Sofa,3,125697,0.09,26485.49,North,Delhi,Debit Card
ORD08231,2025-11-14,CUST0878,Books,Magazine,4,12272,0.1,1001.98,North,Delhi,Credit Card
ORD08232,2025-04-12,CUST0122,Beauty,Perfume,4,155360,0.16,20510.03,North,Lucknow,UPI
ORD08233,2025-11-15,CUST0299,Beauty,Perfume,4,15980,0.18,1320.09,West,Mumbai,Cash on Delivery
ORD08234,2025-08-02,CUST1127,Furniture,Table,5,124200,0.23,12459.86,South,Bangalore,Credit Card
ORD08235,2025-03-02,CUST0921,Beauty,Shampoo,2,74484,0.25,3004.85,West,Ahmedabad,Net Banking
ORD08236,2025-08-16,CUST0787,Furniture,Chair,2,45764,0.02,10822.11,North,Delhi,Cash on Delivery
ORD08237,2025-05-24,CUST1390,Electronics,Laptop,3,65925,0.02,10407.94,South,Hyderabad,Cash on Delivery
ORD08238,2025-08-28,CUST0508,Electronics,Laptop,5,164255,0.06,10017.05,West,Ahmedabad,Cash on Delivery
ORD08239,2025-01-16,CUST1277,Beauty,Face Cream,1,4312,0.28,229.84,South,Hyderabad,Debit Card
ORD08240,2025-09-13,CUST0458,Furniture,Bookshelf,1,16846,0.01,1386.34,East,Patna,UPI
ORD08241,2025-06-23,CUST0042,Books,Novel,3,99957,0.03,5255.22,West,Mumbai,Credit Card
ORD08242,2025-02-12,CUST1754,Beauty,Face Cream,4,121736,0.29,7302.83,East,Patna,Net Banking
ORD08243,2025-06-29,CUST1150,Furniture,Table,1,46397,0.05,6578.5,South,Bangalore,Debit Card
ORD08244,2025-01-04,CUST1757,Books,Comics,3,104808,0.26,6091.02,East,Kolkata,Net Banking
ORD08245,2025-07-29,CUST1467,Furniture,Bookshelf,2,51446,0.05,8074.58,West,Mumbai,UPI
ORD08246,2025-06-25,CUST1931,Clothing,Dress,3,106353,0.26,15384.1,North,Delhi,Debit Card
ORD08247,2025-10-02,CUST0083,Clothing,Dress,4,183264,0.24,8401.23,West,Ahmedabad,Cash on Delivery
ORD08248,2025-03-17,CUST0089,Clothing,Dress,5,167505,0.25,21302.56,West,Mumbai,Debit Card
ORD08249,2025-08-13,CUST0172,Furniture,Sofa,2,72650,0.05,4783.0,South,Bangalore,Cash on Delivery
ORD08250,2025-10-08,CUST1899,Furniture,Chair,4,164672,0.1,31338.24,North,Lucknow,UPI
ORD08251,2025-01-28,CUST1766,Electronics,Mobile Phone,1,28505,0.01,2339.94,East,Kolkata,UPI
ORD08252,2025-09-09,CUST1572,Clothing,Jeans,3,107553,0.29,15780.5,North,Delhi,Credit Card
ORD08253,2025-04-27,CUST1561,Clothing,Shoes,3,101052,0.17,15846.75,East,Patna,Cash on Delivery
ORD08254,2025-12-05,CUST1886,Books,Novel,3,10578,0.17,819.72,South,Chennai,Cash on Delivery
ORD08255,2025-02-10,CUST0649,Books,Novel,3,37209,0.24,2013.58,South,Bangalore,Cash on Delivery
ORD08256,2025-11-15,CUST1099,Electronics,Headphones,1,17923,0.12,803.66,South,Chennai,Net Banking
ORD08257,2025-09-06,CUST1524,Books,Comics,1,2099,0.2,362.71,West,Mumbai,Cash on Delivery
ORD08258,2025-08-01,CUST1909,Electronics,Headphones,3,4074,0.1,241.35,East,Kolkata,Net Banking
ORD08259,2025-04-23,CUST0648,Electronics,Headphones,3,52095,0.21,5040.34,East,Bhubaneswar,Debit Card
ORD08260,2025-03-17,CUST0575,Books,Magazine,3,73266,0.0,15673.53,South,Hyderabad,UPI
ORD08261,2025-11-10,CUST1156,Electronics,Laptop,1,21759,0.09,4108.61,West,Ahmedabad,Credit Card
ORD08262,2025-05-31,CUST1134,Clothing,Jeans,4,46012,0.18,3090.71,East,Bhubaneswar,Credit Card
ORD08263,2025-04-17,CUST0616,Furniture,Table,5,196610,0.1,15463.15,East,Patna,Net Banking
ORD08264,2025-11-30,CUST0946,Furniture,Table,2,33720,0.21,1493.94,North,Delhi,Credit Card
ORD08265,2025-09-17,CUST0281,Books,Magazine,2,72010,0.12,4173.75,West,Ahmedabad,Net Banking
ORD08266,2025-04-23,CUST1635,Furniture,Sofa,4,35488,0.02,6182.13,East,Kolkata,Debit Card
ORD08267,2025-02-26,CUST1632,Electronics,Laptop,1,7441,0.23,511.08,South,Chennai,UPI
ORD08268,2025-06-02,CUST1213,Clothing,Jeans,2,79344,0.16,8794.91,West,Mumbai,Cash on Delivery
ORD08269,2025-07-02,CUST1403,Beauty,Perfume,2,37152,0.22,2173.02,West,Pune,Credit Card
ORD08270,2025-12-03,CUST1853,Books,Novel,1,39804,0.0,3523.62,South,Chennai,Cash on Delivery
ORD08271,2025-12-26,CUST0621,Electronics,Headphones,1,18045,0.23,1842.46,West,Ahmedabad,Debit Card
ORD08272,2025-07-30,CUST0908,Furniture,Bookshelf,2,85980,0.02,5494.92,East,Bhubaneswar,UPI
ORD08273,2025-11-17,CUST0184,Books,Novel,1,15528,0.05,3022.36,East,Kolkata,Debit Card
ORD08274,2025-08-08,CUST0536,Electronics,Mobile Phone,3,5382,0.2,478.4,North,Delhi,Cash on Delivery
ORD08275,2025-05-12,CUST1512,Clothing,Jeans,3,9066,0.3,1523.18,South,Hyderabad,Net Banking
ORD08276,2025-06-20,CUST1945,Beauty,Shampoo,4,170304,0.07,23962.39,East,Patna,Debit Card
ORD08277,2025-08-16,CUST1893,Electronics,Mobile Phone,5,199825,0.21,36486.44,South,Chennai,Debit Card
ORD08278,2025-12-02,CUST0051,Electronics,Laptop,5,54480,0.03,4646.16,West,Ahmedabad,UPI
ORD08279,2025-09-15,CUST1897,Furniture,Sofa,4,188920,0.21,15975.89,West,Ahmedabad,UPI
ORD08280,2025-05-01,CUST0989,Beauty,Shampoo,2,5276,0.26,883.77,South,Hyderabad,Debit Card
ORD08281,2025-08-24,CUST0048,Books,Novel,1,45733,0.03,3424.32,South,Hyderabad,Net Banking
ORD08282,2025-05-11,CUST0234,Books,Textbook,3,92463,0.02,5715.58,East,Patna,UPI
ORD08283,2025-06-20,CUST0436,Clothing,T-Shirt,4,150708,0.03,28065.27,West,Mumbai,Cash on Delivery
ORD08284,2025-07-13,CUST0986,Electronics,Laptop,1,31216,0.29,4971.03,West,Pune,UPI
ORD08285,2025-03-22,CUST0815,Clothing,Dress,4,29520,0.14,2501.36,North,Delhi,Net Banking
ORD08286,2025-02-02,CUST0839,Furniture,Bookshelf,3,146088,0.04,23654.11,North,Delhi,Net Banking
ORD08287,2025-08-23,CUST0776,Beauty,Face Cream,3,74541,0.04,8118.67,North,Lucknow,Cash on Delivery
ORD08288,2025-07-14,CUST1221,Books,Magazine,3,25641,0.27,2520.93,North,Jaipur,UPI
ORD08289,2025-06-05,CUST0285,Electronics,Headphones,1,42327,0.29,3405.93,South,Bangalore,Cash on Delivery
ORD08290,2025-10-20,CUST1671,Books,Magazine,4,109780,0.15,16151.13,West,Ahmedabad,UPI
ORD08291,2025-02-28,CUST1564,Electronics,Mobile Phone,1,26731,0.25,1049.72,South,Hyderabad,Credit Card
ORD08292,2025-09-04,CUST0088,Beauty,Perfume,1,19508,0.27,3458.53,East,Patna,Credit Card
ORD08293,2025-07-09,CUST0730,Books,Comics,1,16122,0.02,1108.62,East,Kolkata,Cash on Delivery
ORD08294,2025-09-17,CUST0627,Beauty,Shampoo,2,2608,0.28,341.13,North,Lucknow,Net Banking
ORD08295,2025-05-29,CUST1885,Electronics,Smart Watch,4,5584,0.21,842.91,East,Bhubaneswar,Credit Card
ORD08296,2025-03-07,CUST0403,Clothing,T-Shirt,1,10399,0.24,1650.6,North,Delhi,Net Banking
ORD08297,2025-04-12,CUST1567,Clothing,Dress,2,49964,0.14,4151.6,East,Kolkata,Net Banking
ORD08298,2025-11-02,CUST0799,Furniture,Table,4,146716,0.02,30091.19,West,Mumbai,Debit Card
ORD08299,2025-07-14,CUST0099,Beauty,Face Cream,3,130653,0.28,23169.59,East,Kolkata,Cash on Delivery
ORD08300,2025-05-20,CUST0429,Beauty,Shampoo,4,109500,0.08,6853.5,West,Ahmedabad,Debit Card
ORD08301,2025-12-18,CUST0673,Beauty,Face Cream,3,59703,0.18,5785.97,East,Patna,Cash on Delivery
ORD08302,2025-08-30,CUST1303,Books,Novel,5,78520,0.04,13437.35,North,Jaipur,Credit Card
ORD08303,2025-09-24,CUST1294,Beauty,Shampoo,1,5115,0.13,1020.57,West,Mumbai,Credit Card
ORD08304,2025-04-30,CUST0368,Electronics,Laptop,2,66460,0.17,5444.19,East,Patna,Net Banking
ORD08305,2025-02-09,CUST1426,Furniture,Bookshelf,3,24348,0.02,5226.44,South,Bangalore,UPI
ORD08306,2025-03-29,CUST0338,Beauty,Face Wash,1,14702,0.15,2955.81,North,Jaipur,Cash on Delivery
ORD08307,2025-11-12,CUST1895,Clothing,Jeans,5,182065,0.07,17760.59,West,Pune,Net Banking
ORD08308,2025-03-14,CUST1819,Beauty,Shampoo,1,47837,0.27,5565.23,East,Kolkata,Debit Card
ORD08309,2025-09-14,CUST0767,Clothing,Shoes,5,27505,0.22,4513.84,West,Ahmedabad,UPI
ORD08310,2025-08-27,CUST1811,Furniture,Bookshelf,5,100345,0.25,16829.04,East,Kolkata,UPI
ORD08311,2025-07-20,CUST0859,Books,Comics,4,141912,0.0,28870.42,North,Lucknow,UPI
ORD08312,2025-11-19,CUST0876,Furniture,Table,5,244075,0.0,44291.85,East,Patna,UPI
ORD08313,2025-04-05,CUST0018,Books,Magazine,1,14581,0.12,817.23,North,Delhi,UPI
ORD08314,2025-11-27,CUST0913,Beauty,Face Cream,4,160084,0.03,20337.99,East,Bhubaneswar,Credit Card
ORD08315,2025-03-08,CUST1049,Furniture,Table,3,36264,0.24,5338.98,West,Ahmedabad,Net Banking
ORD08316,2025-11-23,CUST1882,Books,Textbook,3,21567,0.08,1138.66,South,Bangalore,Net Banking
ORD08317,2025-02-24,CUST0726,Furniture,Chair,2,53364,0.06,4001.89,West,Pune,Credit Card
ORD08318,2025-04-24,CUST0184,Electronics,Laptop,2,4014,0.16,364.91,East,Patna,UPI
ORD08319,2025-09-04,CUST0894,Electronics,Smart Watch,1,19831,0.13,1876.43,East,Patna,Net Banking
ORD08320,2025-09-17,CUST1987,Electronics,Mobile Phone,3,112476,0.1,18065.36,North,Delhi,Debit Card
ORD08321,2025-08-20,CUST0229,Beauty,Shampoo,5,101215,0.14,5840.46,West,Mumbai,Net Banking
ORD08322,2025-09-07,CUST1103,Books,Comics,3,18393,0.18,2382.42,West,Mumbai,Credit Card
ORD08323,2025-08-19,CUST1580,Clothing,Jeans,4,97420,0.1,15891.76,South,Chennai,Cash on Delivery
ORD08324,2025-03-20,CUST1867,Electronics,Smart Watch,2,93600,0.04,17035.15,East,Bhubaneswar,Credit Card
ORD08325,2025-02-14,CUST1666,Beauty,Perfume,4,121796,0.29,4800.8,North,Lucknow,Credit Card
ORD08326,2025-10-30,CUST0555,Books,Novel,3,137346,0.02,11623.58,East,Patna,Net Banking
ORD08327,2025-10-09,CUST0504,Books,Comics,1,6517,0.17,889.24,South,Hyderabad,Debit Card
ORD08328,2025-07-17,CUST0050,Furniture,Sofa,3,127809,0.12,11338.82,East,Kolkata,Debit Card
ORD08329,2025-06-22,CUST1941,Beauty,Face Wash,5,6035,0.01,955.36,South,Chennai,UPI
ORD08330,2025-08-09,CUST1440,Books,Novel,2,66406,0.28,2420.59,East,Bhubaneswar,Credit Card
ORD08331,2025-01-07,CUST0708,Beauty,Face Cream,5,60315,0.26,3674.71,South,Hyderabad,Credit Card
ORD08332,2025-09-23,CUST1418,Books,Magazine,1,8973,0.06,1365.54,East,Kolkata,Debit Card
ORD08333,2025-12-31,CUST1550,Clothing,T-Shirt,5,91815,0.09,20526.76,East,Kolkata,Credit Card
ORD08334,2025-08-28,CUST0383,Electronics,Headphones,3,145803,0.15,27899.15,South,Bangalore,Cash on Delivery
ORD08335,2025-11-26,CUST1044,Clothing,T-Shirt,5,55745,0.25,2826.01,South,Hyderabad,UPI
ORD08336,2025-06-25,CUST1569,Books,Comics,1,30503,0.08,4371.09,South,Hyderabad,Cash on Delivery
ORD08337,2025-03-04,CUST1940,Clothing,T-Shirt,1,43677,0.13,8569.72,South,Chennai,Debit Card
ORD08338,2025-03-12,CUST1621,Furniture,Bookshelf,2,58520,0.11,3109.14,West,Mumbai,Cash on Delivery
ORD08339,2025-05-01,CUST0311,Beauty,Perfume,3,127683,0.22,24464.32,West,Ahmedabad,Debit Card
ORD08340,2025-01-09,CUST1816,Beauty,Shampoo,4,198996,0.27,8297.1,East,Patna,Credit Card
ORD08341,2025-12-05,CUST1999,Electronics,Laptop,1,47676,0.23,5587.74,South,Bangalore,Credit Card
ORD08342,2025-11-29,CUST1895,Beauty,Face Cream,4,14632,0.19,1255.52,East,Kolkata,Debit Card
ORD08343,2025-05-01,CUST1970,Furniture,Chair,3,87078,0.17,16801.12,West,Pune,Debit Card
ORD08344,2025-02-08,CUST1904,Furniture,Chair,2,73194,0.06,14889.7,South,Chennai,Credit Card
ORD08345,2025-10-08,CUST0591,Electronics,Smart Watch,2,17454,0.23,1481.18,West,Mumbai,UPI
ORD08346,2025-04-05,CUST1681,Electronics,Laptop,2,40314,0.09,4719.4,East,Bhubaneswar,Credit Card
ORD08347,2025-04-12,CUST0538,Beauty,Face Cream,2,64454,0.05,12530.52,North,Jaipur,Cash on Delivery
ORD08348,2025-09-08,CUST0786,Beauty,Face Cream,5,233495,0.08,21036.72,North,Jaipur,Credit Card
ORD08349,2025-05-28,CUST1145,Books,Comics,3,113814,0.18,19558.45,East,Patna,Credit Card
ORD08350,2025-11-20,CUST1531,Beauty,Face Wash,3,118551,0.17,13453.46,West,Pune,Net Banking
ORD08351,2025-08-13,CUST0192,Furniture,Sofa,1,33689,0.24,4765.6,South,Chennai,UPI
ORD08352,2025-02-25,CUST1035,Beauty,Face Cream,5,214800,0.03,33909.91,South,Bangalore,Credit Card
ORD08353,2025-12-25,CUST0786,Furniture,Table,3,115644,0.1,23125.85,West,Ahmedabad,Debit Card
ORD08354,2025-06-10,CUST0163,Beauty,Perfume,1,32878,0.13,2240.09,North,Delhi,Credit Card
ORD08355,2025-06-20,CUST1689,Electronics,Mobile Phone,4,194024,0.07,34522.97,North,Delhi,Cash on Delivery
ORD08356,2025-06-14,CUST1385,Books,Textbook,5,97170,0.21,6384.26,East,Kolkata,Debit Card
ORD08357,2025-05-20,CUST1268,Books,Textbook,1,24626,0.14,4497.2,South,Bangalore,Debit Card
ORD08358,2025-03-30,CUST0289,Electronics,Headphones,3,118746,0.04,20886.06,West,Pune,Credit Card
ORD08359,2025-11-02,CUST0899,Books,Textbook,5,244590,0.11,53353.05,North,Lucknow,Cash on Delivery
ORD08360,2025-09-25,CUST1245,Books,Novel,3,70626,0.0,16232.67,North,Jaipur,UPI
ORD08361,2025-05-23,CUST1136,Furniture,Sofa,5,187395,0.04,22349.72,West,Pune,UPI
ORD08362,2025-03-21,CUST0772,Electronics,Headphones,1,34913,0.2,6227.83,West,Ahmedabad,Cash on Delivery
ORD08363,2025-05-02,CUST0636,Books,Comics,5,7600,0.22,1010.69,South,Bangalore,Credit Card
ORD08364,2025-02-02,CUST0760,Beauty,Face Wash,3,91401,0.1,6815.58,West,Ahmedabad,Debit Card
ORD08365,2025-03-13,CUST1213,Electronics,Headphones,3,122253,0.18,19841.41,West,Mumbai,Net Banking
ORD08366,2025-03-13,CUST1705,Furniture,Chair,2,5474,0.03,326.46,North,Jaipur,Cash on Delivery
ORD08367,2025-04-04,CUST1996,Clothing,Shoes,5,212080,0.23,23832.56,East,Patna,Net Banking
ORD08368,2025-08-23,CUST0842,Books,Textbook,5,121285,0.15,24689.33,West,Ahmedabad,UPI
ORD08369,2025-07-04,CUST1457,Furniture,Sofa,3,118650,0.23,15084.74,East,Bhubaneswar,Credit Card
ORD08370,2025-11-15,CUST0521,Books,Comics,5,207415,0.28,27311.68,North,Lucknow,UPI
ORD08371,2025-10-01,CUST1199,Furniture,Table,3,35421,0.17,1946.86,East,Bhubaneswar,Credit Card
ORD08372,2025-03-12,CUST1390,Furniture,Sofa,2,7612,0.13,1408.77,East,Patna,UPI
ORD08373,2025-12-28,CUST0248,Furniture,Table,1,9766,0.23,790.49,South,Bangalore,UPI
ORD08374,2025-12-20,CUST0843,Beauty,Face Cream,4,42368,0.22,3384.79,East,Patna,Net Banking
ORD08375,2025-03-13,CUST1635,Furniture,Table,1,4866,0.07,860.16,North,Jaipur,Credit Card
ORD08376,2025-01-13,CUST0761,Clothing,Dress,1,18622,0.09,3207.37,East,Patna,Cash on Delivery
ORD08377,2025-01-02,CUST0233,Electronics,Laptop,1,33903,0.27,1400.23,West,Mumbai,UPI
ORD08378,2025-07-30,CUST1410,Electronics,Headphones,3,101748,0.28,11076.15,North,Delhi,UPI
ORD08379,2025-12-18,CUST0064,Furniture,Bookshelf,2,42066,0.01,3474.21,North,Delhi,UPI
ORD08380,2025-12-22,CUST0279,Electronics,Headphones,4,24292,0.15,3164.66,East,Kolkata,Cash on Delivery
ORD08381,2025-10-25,CUST1007,Electronics,Smart Watch,2,49984,0.17,8442.03,West,Mumbai,Cash on Delivery
ORD08382,2025-04-19,CUST1595,Electronics,Headphones,4,30760,0.16,4864.71,North,Delhi,UPI
ORD08383,2025-05-14,CUST0080,Electronics,Laptop,3,116157,0.25,6908.34,North,Lucknow,UPI
ORD08384,2025-04-19,CUST0568,Clothing,Dress,5,169520,0.19,30993.07,North,Lucknow,Debit Card
ORD08385,2025-08-21,CUST1272,Beauty,Perfume,3,88518,0.15,12654.65,East,Patna,Credit Card
ORD08386,2025-07-15,CUST0805,Beauty,Shampoo,1,27405,0.21,2200.29,North,Jaipur,Credit Card
ORD08387,2025-08-14,CUST1032,Clothing,Shoes,1,34114,0.16,4851.95,West,Mumbai,Cash on Delivery
ORD08388,2025-02-14,CUST0807,Beauty,Face Cream,5,211685,0.09,42138.23,East,Bhubaneswar,Cash on Delivery
ORD08389,2025-05-31,CUST0676,Clothing,Shoes,4,86840,0.09,12013.89,South,Bangalore,Credit Card
ORD08390,2025-04-13,CUST0247,Furniture,Sofa,1,27569,0.3,1725.42,East,Bhubaneswar,Debit Card
ORD08391,2025-04-08,CUST0323,Clothing,T-Shirt,2,87000,0.07,12421.03,East,Bhubaneswar,Cash on Delivery
ORD08392,2025-02-17,CUST1856,Electronics,Headphones,3,3174,0.05,720.95,East,Bhubaneswar,Credit Card
ORD08393,2025-09-01,CUST1249,Furniture,Chair,3,105432,0.18,7076.4,South,Chennai,UPI
ORD08394,2025-11-29,CUST0957,Furniture,Chair,4,27316,0.2,2162.02,West,Ahmedabad,Cash on Delivery
ORD08395,2025-06-11,CUST1779,Clothing,Dress,5,109115,0.21,6833.68,East,Kolkata,Net Banking
ORD08396,2025-09-05,CUST1508,Electronics,Smart Watch,1,7709,0.07,1665.16,North,Delhi,Net Banking
ORD08397,2025-02-14,CUST0976,Beauty,Face Wash,4,86464,0.19,4583.3,East,Patna,Cash on Delivery
ORD08398,2025-10-16,CUST1974,Books,Novel,5,39355,0.26,3321.05,North,Delhi,Credit Card
ORD08399,2025-09-13,CUST1366,Books,Novel,4,83740,0.24,4745.7,South,Chennai,UPI
ORD08400,2025-08-28,CUST1052,Clothing,T-Shirt,2,83102,0.23,3900.25,East,Patna,Credit Card
ORD08401,2025-01-07,CUST0268,Furniture,Sofa,4,122364,0.2,11758.83,North,Delhi,UPI
ORD08402,2025-04-11,CUST1041,Electronics,Headphones,4,182376,0.0,27764.82,South,Chennai,Credit Card
ORD08403,2025-02-16,CUST1402,Books,Novel,2,78498,0.23,6314.79,South,Bangalore,UPI
ORD08404,2025-04-29,CUST1633,Books,Magazine,3,35703,0.3,4278.09,South,Bangalore,UPI
ORD08405,2025-02-28,CUST0744,Beauty,Face Wash,2,57604,0.3,8914.64,West,Mumbai,Net Banking
ORD08406,2025-10-09,CUST0124,Beauty,Face Wash,5,226405,0.02,52363.82,East,Bhubaneswar,Net Banking
ORD08407,2025-08-10,CUST0377,Books,Textbook,4,63844,0.08,11738.05,East,Bhubaneswar,Debit Card
ORD08408,2025-04-29,CUST1176,Clothing,T-Shirt,1,42940,0.05,3752.44,West,Pune,Credit Card
ORD08409,2025-10-12,CUST0878,Electronics,Headphones,4,75176,0.03,5483.08,East,Patna,UPI
ORD08410,2025-04-23,CUST1933,Clothing,Shoes,1,22477,0.08,2353.11,West,Ahmedabad,UPI
ORD08411,2025-11-19,CUST1751,Beauty,Shampoo,4,129144,0.29,6386.96,South,Bangalore,Cash on Delivery
ORD08412,2025-06-24,CUST0019,Books,Magazine,4,135280,0.29,19538.85,South,Hyderabad,UPI
ORD08413,2025-04-29,CUST0891,Clothing,T-Shirt,3,57207,0.15,9697.9,South,Chennai,Cash on Delivery
ORD08414,2025-03-17,CUST1595,Clothing,Dress,4,130548,0.03,31046.93,South,Hyderabad,Credit Card
ORD08415,2025-04-06,CUST0320,Books,Textbook,2,10262,0.1,1513.62,South,Chennai,Credit Card
ORD08416,2025-01-18,CUST0732,Books,Comics,5,234265,0.29,31131.83,North,Jaipur,UPI
ORD08417,2025-09-18,CUST1932,Books,Textbook,4,150624,0.14,9715.28,North,Lucknow,UPI
ORD08418,2025-01-26,CUST0452,Electronics,Laptop,5,199145,0.17,9870.15,West,Mumbai,Net Banking
ORD08419,2025-01-12,CUST1153,Books,Novel,2,17848,0.27,1254.84,North,Lucknow,Cash on Delivery
ORD08420,2025-03-28,CUST0824,Electronics,Smart Watch,3,112257,0.29,17716.8,South,Bangalore,Net Banking
ORD08421,2025-12-22,CUST0588,Electronics,Mobile Phone,5,22260,0.28,2736.06,South,Hyderabad,Debit Card
ORD08422,2025-10-23,CUST1563,Beauty,Perfume,5,39535,0.01,3648.85,North,Lucknow,Credit Card
ORD08423,2025-02-11,CUST1804,Beauty,Shampoo,4,2544,0.0,628.17,East,Bhubaneswar,Net Banking
ORD08424,2025-04-01,CUST0995,Furniture,Chair,5,229365,0.22,14643.84,South,Bangalore,Credit Card
ORD08425,2025-06-02,CUST1892,Electronics,Headphones,1,22008,0.1,1175.22,West,Ahmedabad,Debit Card
ORD08426,2025-06-26,CUST1812,Clothing,T-Shirt,1,41544,0.26,4529.15,North,Delhi,UPI
ORD08427,2025-12-14,CUST1967,Clothing,T-Shirt,3,49731,0.28,3204.75,North,Jaipur,Debit Card
ORD08428,2025-11-07,CUST0197,Clothing,Jeans,2,63776,0.1,8982.24,West,Pune,Credit Card
ORD08429,2025-09-22,CUST0685,Books,Comics,2,41018,0.17,3533.25,West,Pune,Net Banking
ORD08430,2025-08-14,CUST0457,Beauty,Shampoo,3,130173,0.24,11640.49,East,Bhubaneswar,Net Banking
ORD08431,2025-11-07,CUST0292,Books,Comics,4,33168,0.29,5672.44,North,Delhi,Debit Card
ORD08432,2025-01-11,CUST0920,Clothing,Shoes,1,4827,0.25,785.49,South,Hyderabad,UPI
ORD08433,2025-08-26,CUST0649,Beauty,Face Cream,1,32386,0.03,3324.08,South,Chennai,Credit Card
ORD08434,2025-02-22,CUST0564,Electronics,Laptop,1,22136,0.11,3888.84,East,Bhubaneswar,Credit Card
ORD08435,2025-10-20,CUST0256,Electronics,Smart Watch,4,120592,0.2,17511.62,West,Ahmedabad,Net Banking
ORD08436,2025-05-10,CUST0347,Clothing,Dress,3,29292,0.22,2170.99,East,Kolkata,UPI
ORD08437,2025-11-03,CUST0959,Electronics,Headphones,1,33792,0.24,2794.09,East,Kolkata,Net Banking
ORD08438,2025-04-18,CUST1988,Beauty,Perfume,2,54858,0.07,4883.86,West,Pune,UPI
ORD08439,2025-05-21,CUST0170,Clothing,Jeans,2,12138,0.26,1584.39,East,Bhubaneswar,Debit Card
ORD08440,2025-08-28,CUST0957,Electronics,Headphones,4,177312,0.23,27212.33,East,Kolkata,Credit Card
ORD08441,2025-10-22,CUST1697,Books,Novel,4,156236,0.07,32310.05,West,Mumbai,Cash on Delivery
ORD08442,2025-09-15,CUST0383,Electronics,Mobile Phone,3,109155,0.14,18097.82,East,Bhubaneswar,UPI
ORD08443,2025-11-18,CUST1592,Beauty,Face Wash,4,90704,0.14,8047.71,South,Chennai,Cash on Delivery
ORD08444,2025-08-02,CUST0390,Furniture,Chair,3,42831,0.23,2919.75,West,Mumbai,UPI
ORD08445,2025-03-16,CUST0249,Beauty,Face Wash,4,122180,0.08,7943.34,North,Lucknow,Net Banking
ORD08446,2025-12-07,CUST1020,Clothing,Shoes,5,139570,0.14,29356.12,South,Bangalore,Debit Card
ORD08447,2025-08-06,CUST1338,Clothing,T-Shirt,3,138498,0.25,25414.94,West,Ahmedabad,Debit Card
ORD08448,2025-07-08,CUST0567,Beauty,Face Wash,5,37955,0.1,6689.35,West,Mumbai,UPI
ORD08449,2025-05-21,CUST0282,Furniture,Bookshelf,3,31350,0.17,2256.36,West,Mumbai,Net Banking
ORD08450,2025-05-08,CUST1381,Clothing,T-Shirt,5,141000,0.3,24552.11,West,Ahmedabad,Debit Card
ORD08451,2025-10-13,CUST0859,Clothing,Dress,1,15100,0.27,894.82,South,Chennai,Net Banking
ORD08452,2025-07-18,CUST0106,Beauty,Perfume,3,113178,0.28,14421.89,South,Chennai,Net Banking
ORD08453,2025-11-07,CUST0502,Books,Comics,3,108999,0.11,14683.8,East,Bhubaneswar,Debit Card
ORD08454,2025-11-02,CUST0525,Furniture,Chair,5,16815,0.23,2870.27,South,Hyderabad,UPI
ORD08455,2025-09-08,CUST0153,Books,Textbook,4,120968,0.18,18832.12,East,Kolkata,Debit Card
ORD08456,2025-03-06,CUST1892,Furniture,Table,3,50610,0.21,8710.99,East,Kolkata,Credit Card
ORD08457,2025-05-26,CUST1935,Beauty,Shampoo,5,55695,0.26,3939.64,West,Pune,UPI
ORD08458,2025-02-04,CUST0673,Beauty,Face Wash,4,97664,0.24,15767.57,West,Pune,Cash on Delivery
ORD08459,2025-04-20,CUST1224,Clothing,Dress,4,87268,0.29,8329.77,East,Bhubaneswar,Net Banking
ORD08460,2025-07-29,CUST0855,Books,Magazine,4,3208,0.26,252.21,South,Chennai,UPI
ORD08461,2025-03-11,CUST1657,Furniture,Chair,4,194540,0.03,44500.99,South,Hyderabad,Debit Card
ORD08462,2025-01-14,CUST1955,Beauty,Shampoo,3,33141,0.0,3432.05,South,Chennai,Net Banking
ORD08463,2025-06-01,CUST1045,Electronics,Laptop,1,26606,0.13,2215.93,West,Ahmedabad,Net Banking
ORD08464,2025-10-29,CUST0177,Electronics,Laptop,1,8517,0.08,436.4,South,Hyderabad,Debit Card
ORD08465,2025-10-27,CUST1847,Furniture,Sofa,2,69556,0.06,11131.92,West,Pune,Cash on Delivery
ORD08466,2025-04-20,CUST0831,Electronics,Headphones,4,64176,0.06,8693.16,South,Bangalore,UPI
ORD08467,2025-03-12,CUST0650,Books,Comics,5,213355,0.22,19688.74,South,Hyderabad,Cash on Delivery
ORD08468,2025-11-02,CUST1392,Beauty,Perfume,2,54186,0.08,6855.55,East,Patna,Cash on Delivery
ORD08469,2025-02-16,CUST1566,Books,Magazine,3,61269,0.04,14016.57,East,Kolkata,Net Banking
ORD08470,2025-03-29,CUST1751,Electronics,Mobile Phone,5,231155,0.1,33568.31,East,Patna,Cash on Delivery
ORD08471,2025-12-23,CUST0433,Clothing,Dress,3,122196,0.28,5144.87,East,Patna,Cash on Delivery
ORD08472,2025-02-03,CUST1456,Furniture,Table,5,209615,0.1,13932.85,North,Jaipur,Debit Card
ORD08473,2025-11-26,CUST0344,Electronics,Laptop,5,204170,0.22,37425.31,North,Delhi,Cash on Delivery
ORD08474,2025-10-31,CUST0260,Books,Novel,3,89898,0.03,12966.73,East,Patna,Cash on Delivery
ORD08475,2025-08-30,CUST1469,Beauty,Perfume,5,169305,0.02,25881.77,East,Patna,UPI
ORD08476,2025-11-17,CUST0675,Clothing,Dress,2,93530,0.03,22596.32,West,Ahmedabad,Debit Card
ORD08477,2025-09-11,CUST0859,Books,Magazine,3,20274,0.09,3238.25,North,Jaipur,Cash on Delivery
ORD08478,2025-08-01,CUST1625,Furniture,Sofa,5,135360,0.15,22578.53,North,Delhi,UPI
ORD08479,2025-09-01,CUST1089,Beauty,Face Cream,5,120400,0.01,12385.57,North,Lucknow,Net Banking
ORD08480,2025-03-27,CUST1553,Clothing,Dress,4,29480,0.06,4381.64,East,Bhubaneswar,Debit Card
ORD08481,2025-01-20,CUST0775,Electronics,Smart Watch,2,58904,0.19,5152.41,West,Ahmedabad,Debit Card
ORD08482,2025-12-07,CUST0048,Beauty,Shampoo,3,58695,0.17,8724.62,West,Mumbai,Cash on Delivery
ORD08483,2025-04-08,CUST1801,Clothing,T-Shirt,3,127734,0.16,17965.46,South,Bangalore,Credit Card
ORD08484,2025-04-22,CUST0798,Electronics,Headphones,1,39438,0.24,3098.0,North,Delhi,Debit Card
ORD08485,2025-05-15,CUST1464,Books,Magazine,3,56334,0.24,8795.77,North,Jaipur,Credit Card
ORD08486,2025-05-09,CUST0395,Clothing,Jeans,1,27801,0.3,3694.8,South,Bangalore,Debit Card
ORD08487,2025-03-08,CUST1176,Beauty,Face Cream,2,21636,0.28,3473.81,West,Ahmedabad,Net Banking
ORD08488,2025-07-03,CUST1669,Furniture,Bookshelf,4,166168,0.01,24956.04,North,Lucknow,Debit Card
ORD08489,2025-01-08,CUST1892,Books,Novel,3,120195,0.24,17943.13,South,Bangalore,Net Banking
ORD08490,2025-04-20,CUST0069,Furniture,Sofa,3,96609,0.04,12525.49,South,Bangalore,Credit Card
ORD08491,2025-01-22,CUST1038,Furniture,Table,5,218060,0.22,17865.86,East,Kolkata,Net Banking
ORD08492,2025-01-20,CUST0682,Furniture,Chair,4,188088,0.09,38024.76,West,Pune,Debit Card
ORD08493,2025-01-24,CUST0895,Beauty,Shampoo,2,99340,0.21,14606.65,West,Mumbai,Net Banking
ORD08494,2025-03-21,CUST1350,Furniture,Bookshelf,1,15107,0.01,2251.91,North,Jaipur,Net Banking
ORD08495,2025-08-02,CUST1156,Beauty,Face Wash,2,95892,0.08,21319.92,South,Bangalore,Debit Card
ORD08496,2025-09-18,CUST0262,Clothing,Dress,1,30986,0.04,2206.38,North,Jaipur,Credit Card
ORD08497,2025-03-06,CUST1820,Electronics,Smart Watch,2,31344,0.11,1786.85,North,Jaipur,Net Banking
ORD08498,2025-01-03,CUST1069,Electronics,Laptop,5,111975,0.18,22213.88,North,Delhi,Cash on Delivery
ORD08499,2025-08-23,CUST1819,Furniture,Table,2,34312,0.12,1685.53,North,Delhi,Cash on Delivery
ORD08500,2025-11-06,CUST0714,Clothing,Shoes,3,13329,0.28,831.5,East,Kolkata,Cash on Delivery
ORD08501,2025-10-13,CUST0115,Clothing,T-Shirt,3,140073,0.19,7487.73,East,Patna,Credit Card
ORD08502,2025-08-29,CUST1756,Books,Comics,5,179165,0.23,12231.26,South,Hyderabad,Credit Card
ORD08503,2025-02-13,CUST1440,Electronics,Laptop,1,36864,0.29,3105.58,South,Hyderabad,Cash on Delivery
ORD08504,2025-05-13,CUST1025,Furniture,Chair,4,45396,0.28,6114.01,North,Lucknow,Cash on Delivery
ORD08505,2025-03-13,CUST0677,Books,Novel,3,15429,0.04,2997.4,South,Chennai,UPI
ORD08506,2025-12-05,CUST1288,Beauty,Face Cream,3,139581,0.19,11880.43,South,Chennai,Cash on Delivery
ORD08507,2025-01-04,CUST0566,Books,Magazine,3,82014,0.29,12825.9,South,Chennai,UPI
ORD08508,2025-03-11,CUST1575,Electronics,Headphones,4,155032,0.1,12534.64,North,Jaipur,UPI
ORD08509,2025-09-25,CUST1950,Books,Novel,2,38718,0.25,2906.76,North,Lucknow,Net Banking
ORD08510,2025-10-15,CUST1917,Electronics,Mobile Phone,1,30934,0.15,1429.83,North,Jaipur,Credit Card
ORD08511,2025-01-04,CUST0283,Books,Comics,5,50165,0.04,11625.53,South,Chennai,UPI
ORD08512,2025-12-27,CUST1991,Furniture,Chair,5,102345,0.26,10720.08,South,Bangalore,UPI
ORD08513,2025-11-04,CUST0191,Books,Comics,3,89508,0.3,8635.91,South,Chennai,Net Banking
ORD08514,2025-04-26,CUST0268,Furniture,Sofa,1,39437,0.3,5222.38,West,Pune,UPI
ORD08515,2025-08-21,CUST0078,Clothing,Shoes,1,19555,0.17,3934.98,North,Jaipur,Credit Card
ORD08516,2025-07-28,CUST1361,Beauty,Face Wash,4,168896,0.22,32669.24,East,Bhubaneswar,Cash on Delivery
ORD08517,2025-12-31,CUST1249,Beauty,Face Cream,3,25158,0.21,3674.49,North,Lucknow,Credit Card
ORD08518,2025-12-07,CUST1094,Books,Comics,2,77692,0.09,10494.99,South,Chennai,UPI
ORD08519,2025-12-04,CUST0829,Electronics,Laptop,4,116704,0.03,24478.75,East,Kolkata,Credit Card
ORD08520,2025-10-24,CUST1293,Beauty,Face Wash,5,220190,0.02,13514.5,West,Ahmedabad,Net Banking
ORD08521,2025-05-22,CUST0739,Books,Magazine,5,223755,0.06,12511.61,South,Bangalore,UPI
ORD08522,2025-08-01,CUST0312,Furniture,Bookshelf,4,168136,0.12,9132.15,South,Chennai,Debit Card
ORD08523,2025-05-18,CUST0637,Books,Magazine,2,63528,0.01,12940.95,South,Chennai,Credit Card
ORD08524,2025-01-04,CUST0592,Books,Textbook,2,13238,0.29,1903.76,East,Patna,Net Banking
ORD08525,2025-03-29,CUST1795,Beauty,Shampoo,2,2098,0.27,228.13,North,Delhi,Cash on Delivery
ORD08526,2025-12-27,CUST1651,Clothing,Jeans,1,19882,0.11,3702.58,West,Pune,Credit Card
ORD08527,2025-03-13,CUST1468,Books,Comics,3,134433,0.21,24840.49,East,Patna,Debit Card
ORD08528,2025-06-27,CUST0210,Beauty,Perfume,5,65515,0.18,7807.14,East,Patna,UPI
ORD08529,2025-10-08,CUST0661,Books,Magazine,1,30925,0.05,5563.19,West,Pune,Debit Card
ORD08530,2025-03-28,CUST0425,Electronics,Headphones,5,94355,0.1,8947.43,East,Kolkata,Net Banking
ORD08531,2025-01-30,CUST1992,Furniture,Chair,4,34596,0.02,6541.96,North,Jaipur,Debit Card
ORD08532,2025-05-06,CUST0299,Furniture,Bookshelf,2,99302,0.07,9714.23,East,Kolkata,Debit Card
ORD08533,2025-07-12,CUST0651,Clothing,Shoes,5,242980,0.16,40568.19,South,Hyderabad,UPI
ORD08534,2025-01-04,CUST0463,Books,Textbook,3,71748,0.21,7452.11,West,Pune,Debit Card
ORD08535,2025-05-14,CUST0132,Beauty,Perfume,4,52624,0.17,7622.89,North,Lucknow,Cash on Delivery
ORD08536,2025-10-25,CUST0198,Beauty,Face Wash,4,119728,0.29,14354.44,West,Mumbai,Credit Card
ORD08537,2025-09-05,CUST0064,Electronics,Laptop,3,102207,0.2,10242.47,South,Chennai,Credit Card
ORD08538,2025-12-28,CUST0892,Electronics,Mobile Phone,5,23915,0.3,1341.13,West,Mumbai,Cash on Delivery
ORD08539,2025-09-09,CUST0197,Beauty,Shampoo,5,47110,0.06,6386.99,West,Mumbai,Credit Card
ORD08540,2025-04-22,CUST0299,Electronics,Smart Watch,3,18855,0.06,4254.27,West,Mumbai,Cash on Delivery
ORD08541,2025-09-12,CUST0769,Books,Novel,4,166496,0.06,20982.59,North,Lucknow,Credit Card
ORD08542,2025-02-22,CUST1276,Beauty,Face Wash,5,245205,0.12,12409.6,South,Chennai,UPI
ORD08543,2025-07-29,CUST1773,Clothing,Dress,3,54798,0.29,5493.62,North,Jaipur,Net Banking
ORD08544,2025-08-18,CUST2000,Books,Comics,5,81430,0.04,13804.38,East,Patna,Debit Card
ORD08545,2025-04-17,CUST0198,Books,Textbook,3,23670,0.11,4471.14,West,Ahmedabad,Debit Card
ORD08546,2025-02-13,CUST1929,Beauty,Face Wash,5,246810,0.16,43308.62,East,Patna,Cash on Delivery
ORD08547,2025-05-26,CUST1000,Furniture,Bookshelf,2,97566,0.12,11582.27,South,Hyderabad,UPI
ORD08548,2025-05-31,CUST0950,Books,Comics,5,203010,0.16,21574.34,East,Bhubaneswar,Credit Card
ORD08549,2025-12-17,CUST0755,Furniture,Table,4,84828,0.21,14114.36,South,Hyderabad,Debit Card
ORD08550,2025-03-12,CUST0656,Beauty,Shampoo,2,25836,0.06,6019.14,East,Patna,UPI
ORD08551,2025-02-22,CUST1471,Beauty,Shampoo,1,27777,0.16,5639.34,South,Hyderabad,Credit Card
ORD08552,2025-06-18,CUST1260,Books,Comics,2,34494,0.24,2321.53,East,Kolkata,UPI
ORD08553,2025-07-06,CUST1625,Beauty,Shampoo,1,23858,0.03,1888.19,West,Pune,Net Banking
ORD08554,2025-09-17,CUST0139,Beauty,Face Cream,1,1473,0.15,294.23,North,Jaipur,Credit Card
ORD08555,2025-11-25,CUST1620,Clothing,T-Shirt,1,35564,0.26,2256.2,North,Delhi,Cash on Delivery
ORD08556,2025-07-07,CUST1234,Books,Textbook,5,48345,0.15,4353.44,North,Jaipur,Net Banking
ORD08557,2025-10-26,CUST1895,Books,Magazine,5,182335,0.18,23439.0,East,Patna,Credit Card
ORD08558,2025-04-07,CUST1283,Electronics,Headphones,3,66846,0.27,2580.72,South,Bangalore,UPI
ORD08559,2025-10-04,CUST0663,Beauty,Face Cream,2,28200,0.1,5048.13,North,Jaipur,Cash on Delivery
ORD08560,2025-09-11,CUST0859,Furniture,Sofa,2,95382,0.29,14546.56,South,Hyderabad,Net Banking
ORD08561,2025-02-01,CUST1426,Books,Textbook,5,50115,0.2,8891.47,South,Hyderabad,Debit Card
ORD08562,2025-08-03,CUST0454,Clothing,T-Shirt,1,6253,0.29,778.22,West,Mumbai,Credit Card
ORD08563,2025-07-15,CUST1319,Books,Novel,4,93232,0.21,11012.32,North,Lucknow,Debit Card
ORD08564,2025-09-13,CUST1691,Furniture,Chair,5,66735,0.06,11485.65,South,Chennai,Debit Card
ORD08565,2025-06-09,CUST1176,Clothing,Jeans,5,82575,0.03,15180.29,South,Hyderabad,Net Banking
ORD08566,2025-08-25,CUST0284,Books,Novel,3,54687,0.01,13104.81,West,Ahmedabad,UPI
ORD08567,2025-10-15,CUST0333,Clothing,Shoes,1,48879,0.11,3683.95,West,Ahmedabad,Credit Card
ORD08568,2025-02-18,CUST0856,Furniture,Bookshelf,2,49074,0.24,6339.6,South,Hyderabad,Net Banking
ORD08569,2025-04-21,CUST0066,Books,Novel,3,133257,0.09,8238.92,West,Pune,Net Banking
ORD08570,2025-06-20,CUST1131,Electronics,Headphones,2,5046,0.01,289.98,North,Delhi,Net Banking
ORD08571,2025-03-12,CUST0515,Books,Novel,3,44814,0.09,8505.82,North,Jaipur,Net Banking
ORD08572,2025-06-07,CUST1689,Furniture,Sofa,4,34348,0.06,3947.5,East,Patna,Cash on Delivery
ORD08573,2025-12-13,CUST0858,Beauty,Face Cream,2,67670,0.14,7978.46,North,Jaipur,UPI
ORD08574,2025-01-03,CUST0607,Books,Novel,5,99025,0.19,15451.18,North,Delhi,UPI
ORD08575,2025-09-10,CUST0724,Electronics,Smart Watch,3,136257,0.03,31980.58,West,Mumbai,UPI
ORD08576,2025-11-12,CUST1099,Clothing,Shoes,5,23960,0.13,2499.4,South,Chennai,Debit Card
ORD08577,2025-10-11,CUST1557,Beauty,Face Cream,4,126320,0.29,16431.79,West,Pune,Credit Card
ORD08578,2025-06-11,CUST1841,Clothing,T-Shirt,2,27878,0.21,1754.79,West,Pune,Cash on Delivery
ORD08579,2025-07-21,CUST1590,Books,Comics,1,4489,0.09,257.34,West,Mumbai,Debit Card
ORD08580,2025-08-14,CUST0475,Furniture,Sofa,4,179980,0.16,29375.52,East,Kolkata,Credit Card
ORD08581,2025-11-12,CUST1218,Furniture,Sofa,3,33669,0.03,2511.11,South,Chennai,Net Banking
ORD08582,2025-03-14,CUST0403,Books,Comics,4,37880,0.05,2750.79,South,Hyderabad,Debit Card
ORD08583,2025-05-03,CUST0063,Furniture,Chair,1,11924,0.29,2035.94,North,Jaipur,Credit Card
ORD08584,2025-10-07,CUST1311,Furniture,Chair,4,41948,0.07,3099.84,North,Delhi,Debit Card
ORD08585,2025-05-25,CUST1296,Furniture,Table,3,21462,0.06,4362.55,East,Kolkata,Net Banking
ORD08586,2025-01-24,CUST0733,Books,Magazine,3,51627,0.24,6109.74,North,Jaipur,Cash on Delivery
ORD08587,2025-10-20,CUST1438,Clothing,Dress,3,61728,0.18,3063.59,South,Hyderabad,Net Banking
ORD08588,2025-03-27,CUST1061,Books,Comics,2,12504,0.1,2604.27,South,Chennai,Credit Card
ORD08589,2025-07-12,CUST0352,Clothing,Jeans,1,33618,0.12,2117.62,South,Chennai,Cash on Delivery
ORD08590,2025-03-06,CUST1334,Furniture,Table,5,171085,0.01,26127.94,West,Mumbai,UPI
ORD08591,2025-03-27,CUST1000,Electronics,Smart Watch,1,20627,0.02,4332.54,East,Bhubaneswar,Debit Card
ORD08592,2025-03-25,CUST1627,Books,Comics,1,49580,0.21,5979.97,North,Lucknow,Net Banking
ORD08593,2025-08-25,CUST1315,Furniture,Table,2,11434,0.1,2004.21,South,Bangalore,Credit Card
ORD08594,2025-08-02,CUST0008,Beauty,Shampoo,5,113530,0.14,7390.66,South,Hyderabad,Credit Card
ORD08595,2025-10-31,CUST1240,Clothing,Jeans,4,52816,0.1,7741.89,West,Mumbai,UPI
ORD08596,2025-06-19,CUST0093,Beauty,Perfume,2,99218,0.03,13616.85,North,Delhi,Net Banking
ORD08597,2025-04-01,CUST0263,Electronics,Laptop,3,28104,0.26,2846.22,East,Kolkata,Net Banking
ORD08598,2025-08-03,CUST0640,Beauty,Face Wash,1,7692,0.29,849.55,South,Chennai,Debit Card
ORD08599,2025-02-20,CUST1435,Beauty,Shampoo,3,18177,0.16,1249.73,South,Chennai,Cash on Delivery
ORD08600,2025-02-06,CUST1730,Books,Magazine,2,43622,0.25,8143.06,North,Jaipur,Credit Card
ORD08601,2025-08-29,CUST0952,Books,Novel,4,139796,0.24,13382.7,East,Patna,UPI
ORD08602,2025-03-24,CUST0022,Electronics,Laptop,5,81970,0.29,10509.61,North,Lucknow,Cash on Delivery
ORD08603,2025-03-19,CUST1135,Beauty,Face Cream,2,12328,0.12,1346.81,East,Bhubaneswar,Debit Card
ORD08604,2025-01-14,CUST1271,Books,Novel,1,23993,0.16,1615.49,West,Ahmedabad,UPI
ORD08605,2025-01-21,CUST1299,Electronics,Laptop,4,124588,0.24,22710.01,South,Bangalore,Net Banking
ORD08606,2025-08-19,CUST1595,Clothing,Shoes,4,121408,0.18,20429.77,South,Chennai,Net Banking
ORD08607,2025-05-26,CUST1315,Clothing,T-Shirt,5,238720,0.06,25778.79,East,Patna,Net Banking
ORD08608,2025-09-01,CUST0605,Furniture,Bookshelf,4,185568,0.07,15018.35,East,Patna,Debit Card
ORD08609,2025-05-10,CUST0302,Clothing,Jeans,2,25870,0.08,1679.45,West,Ahmedabad,Net Banking
ORD08610,2025-09-14,CUST1982,Clothing,T-Shirt,4,193416,0.23,33053.72,North,Lucknow,Cash on Delivery
ORD08611,2025-10-04,CUST0926,Clothing,T-Shirt,4,97460,0.18,8502.42,North,Delhi,Credit Card
ORD08612,2025-03-20,CUST1050,Electronics,Mobile Phone,4,174920,0.05,26981.79,West,Ahmedabad,UPI
ORD08613,2025-01-10,CUST0125,Books,Comics,5,214430,0.11,20572.03,West,Ahmedabad,UPI
ORD08614,2025-05-12,CUST1295,Electronics,Smart Watch,2,13492,0.29,1558.1,North,Delhi,Debit Card
ORD08615,2025-10-25,CUST0699,Beauty,Face Cream,2,75984,0.13,14282.98,South,Chennai,Net Banking
ORD08616,2025-11-07,CUST0326,Books,Comics,3,10680,0.27,744.38,West,Ahmedabad,UPI
ORD08617,2025-09-30,CUST0536,Clothing,Jeans,1,27384,0.21,4520.24,South,Hyderabad,UPI
ORD08618,2025-05-02,CUST0003,Electronics,Headphones,4,55668,0.17,5692.96,North,Jaipur,Credit Card
ORD08619,2025-04-07,CUST1339,Books,Textbook,1,46402,0.29,2895.62,South,Hyderabad,UPI
ORD08620,2025-02-18,CUST1134,Clothing,Dress,5,190490,0.17,30082.83,South,Chennai,Credit Card
ORD08621,2025-12-26,CUST1125,Furniture,Chair,4,90932,0.0,14993.23,South,Bangalore,Debit Card
ORD08622,2025-04-10,CUST0817,Beauty,Face Wash,4,157496,0.18,6635.55,East,Bhubaneswar,Debit Card
ORD08623,2025-10-30,CUST0983,Furniture,Table,3,95481,0.09,9568.95,South,Chennai,Debit Card
ORD08624,2025-11-12,CUST1225,Beauty,Face Wash,4,55316,0.06,11060.11,South,Chennai,Cash on Delivery
ORD08625,2025-03-20,CUST0247,Electronics,Headphones,1,42949,0.13,7805.99,South,Chennai,Cash on Delivery
ORD08626,2025-10-13,CUST0578,Electronics,Headphones,5,140430,0.23,5962.65,South,Bangalore,Credit Card
ORD08627,2025-01-23,CUST1257,Clothing,Shoes,1,43075,0.24,3650.56,South,Bangalore,Cash on Delivery
ORD08628,2025-02-27,CUST1346,Books,Comics,5,180745,0.03,25622.25,West,Pune,Cash on Delivery
ORD08629,2025-06-11,CUST1397,Furniture,Chair,4,68236,0.3,11868.46,North,Lucknow,UPI
ORD08630,2025-10-14,CUST0182,Beauty,Perfume,3,27558,0.11,1443.1,West,Ahmedabad,Cash on Delivery
ORD08631,2025-09-02,CUST0533,Furniture,Bookshelf,1,37936,0.12,7552.42,West,Mumbai,Cash on Delivery
ORD08632,2025-11-11,CUST0984,Beauty,Face Wash,4,40704,0.2,6717.38,South,Chennai,UPI
ORD08633,2025-03-19,CUST1129,Beauty,Perfume,1,22592,0.24,1063.34,East,Bhubaneswar,Net Banking
ORD08634,2025-07-30,CUST1642,Clothing,Shoes,4,89176,0.07,10886.74,South,Bangalore,Cash on Delivery
ORD08635,2025-07-07,CUST0650,Books,Novel,5,102980,0.12,17092.52,South,Hyderabad,Debit Card
ORD08636,2025-09-21,CUST0444,Furniture,Sofa,4,91980,0.1,13775.09,North,Lucknow,Net Banking
ORD08637,2025-08-04,CUST0628,Books,Comics,4,6176,0.18,618.89,North,Jaipur,Cash on Delivery
ORD08638,2025-06-14,CUST0565,Clothing,Dress,2,29126,0.3,3085.34,West,Pune,Debit Card
ORD08639,2025-09-05,CUST1185,Clothing,Shoes,5,76560,0.14,16262.8,East,Bhubaneswar,UPI
ORD08640,2025-05-19,CUST1721,Books,Magazine,5,69065,0.15,14219.68,West,Ahmedabad,Net Banking
ORD08641,2025-12-25,CUST1711,Electronics,Mobile Phone,3,87516,0.21,8943.25,West,Mumbai,Credit Card
ORD08642,2025-12-18,CUST0182,Books,Textbook,2,94998,0.06,17448.26,North,Jaipur,Net Banking
ORD08643,2025-01-28,CUST1177,Beauty,Face Cream,4,130400,0.24,23583.74,West,Pune,Credit Card
ORD08644,2025-11-23,CUST0049,Beauty,Perfume,1,30461,0.14,1628.05,West,Pune,Credit Card
ORD08645,2025-05-23,CUST0648,Clothing,T-Shirt,1,11052,0.01,2628.67,South,Hyderabad,UPI
ORD08646,2025-11-13,CUST0065,Electronics,Mobile Phone,3,62112,0.0,13018.4,South,Bangalore,Credit Card
ORD08647,2025-04-25,CUST0110,Beauty,Face Cream,4,44256,0.09,8567.28,South,Bangalore,Debit Card
ORD08648,2025-01-30,CUST0060,Beauty,Perfume,5,22745,0.17,4001.95,North,Jaipur,Cash on Delivery
ORD08649,2025-06-24,CUST0784,Beauty,Face Cream,2,76938,0.27,13244.35,East,Bhubaneswar,Debit Card
ORD08650,2025-07-09,CUST1232,Clothing,Jeans,5,40145,0.28,4031.49,West,Mumbai,Cash on Delivery
ORD08651,2025-05-24,CUST1985,Electronics,Laptop,1,33616,0.01,7407.92,North,Lucknow,Cash on Delivery
ORD08652,2025-09-25,CUST1039,Books,Textbook,1,24928,0.16,3212.3,North,Jaipur,Credit Card
ORD08653,2025-08-28,CUST0336,Furniture,Sofa,1,49973,0.2,7231.02,South,Hyderabad,Debit Card
ORD08654,2025-07-26,CUST0717,Books,Novel,1,28667,0.15,2875.15,North,Jaipur,Cash on Delivery
ORD08655,2025-10-16,CUST0954,Clothing,T-Shirt,5,113840,0.03,13798.64,South,Chennai,Debit Card
ORD08656,2025-03-30,CUST0398,Clothing,Shoes,4,32592,0.19,5920.87,West,Pune,Credit Card
ORD08657,2025-10-18,CUST0942,Beauty,Face Cream,1,36360,0.21,5946.48,West,Ahmedabad,UPI
ORD08658,2025-02-15,CUST1501,Beauty,Face Wash,1,22980,0.27,1284.41,West,Mumbai,Cash on Delivery
ORD08659,2025-08-23,CUST1465,Beauty,Face Wash,4,62312,0.25,3682.59,North,Lucknow,Cash on Delivery
ORD08660,2025-12-03,CUST1470,Books,Textbook,1,11356,0.09,612.05,South,Chennai,Net Banking
ORD08661,2025-09-10,CUST0040,Beauty,Shampoo,4,111048,0.16,15177.55,East,Kolkata,Debit Card
ORD08662,2025-07-21,CUST1790,Electronics,Laptop,3,84819,0.08,7465.67,East,Kolkata,Debit Card
ORD08663,2025-01-05,CUST1386,Clothing,T-Shirt,3,79752,0.2,4197.88,West,Mumbai,Net Banking
ORD08664,2025-05-02,CUST1112,Beauty,Face Wash,4,142796,0.23,14658.43,West,Mumbai,UPI
ORD08665,2025-10-27,CUST1939,Clothing,Dress,4,188948,0.23,26846.26,North,Jaipur,Credit Card
ORD08666,2025-01-27,CUST0808,Beauty,Face Cream,2,62920,0.24,3226.81,East,Patna,UPI
ORD08667,2025-01-20,CUST0002,Furniture,Sofa,1,38981,0.2,4370.72,South,Bangalore,Net Banking
ORD08668,2025-04-09,CUST1843,Beauty,Face Wash,2,37532,0.16,3463.17,West,Pune,UPI
ORD08669,2025-12-27,CUST1766,Electronics,Headphones,4,83192,0.09,7010.61,East,Kolkata,Net Banking
ORD08670,2025-12-20,CUST0696,Furniture,Bookshelf,1,7238,0.07,1631.46,South,Bangalore,Net Banking
ORD08671,2025-12-26,CUST1040,Books,Magazine,5,96280,0.16,16743.42,East,Bhubaneswar,Debit Card
ORD08672,2025-04-08,CUST0292,Clothing,Jeans,5,160050,0.09,30402.8,South,Bangalore,Credit Card
ORD08673,2025-02-19,CUST1954,Beauty,Face Cream,5,206915,0.1,21563.94,South,Bangalore,Debit Card
ORD08674,2025-05-26,CUST0957,Electronics,Mobile Phone,1,45018,0.0,6517.85,East,Kolkata,UPI
ORD08675,2025-12-18,CUST1858,Books,Novel,1,4885,0.23,828.47,South,Chennai,Credit Card
ORD08676,2025-11-01,CUST1450,Books,Comics,3,74484,0.22,6167.44,North,Lucknow,Net Banking
ORD08677,2025-01-20,CUST1961,Electronics,Smart Watch,5,159300,0.22,26309.41,West,Mumbai,Debit Card
ORD08678,2025-02-21,CUST1222,Books,Comics,1,22039,0.12,3515.28,South,Chennai,Net Banking
ORD08679,2025-10-01,CUST1108,Books,Magazine,3,50790,0.15,2685.42,East,Kolkata,Credit Card
ORD08680,2025-12-24,CUST1959,Furniture,Table,2,88270,0.11,18267.6,East,Bhubaneswar,UPI
ORD08681,2025-10-19,CUST0029,Clothing,T-Shirt,3,139158,0.26,5260.7,West,Ahmedabad,Cash on Delivery
ORD08682,2025-08-16,CUST0173,Electronics,Laptop,1,24573,0.19,3155.28,East,Kolkata,Cash on Delivery
ORD08683,2025-02-19,CUST1659,Clothing,Dress,3,22533,0.25,4059.91,East,Kolkata,Credit Card
ORD08684,2025-09-27,CUST0372,Furniture,Sofa,1,8588,0.29,877.71,South,Bangalore,Cash on Delivery
ORD08685,2025-05-09,CUST0019,Electronics,Laptop,1,11279,0.28,1516.89,West,Pune,Credit Card
ORD08686,2025-07-11,CUST0699,Beauty,Face Cream,5,180660,0.14,36586.21,East,Bhubaneswar,Credit Card
ORD08687,2025-08-05,CUST1230,Books,Novel,4,37724,0.24,7158.39,North,Delhi,Cash on Delivery
ORD08688,2025-07-01,CUST0014,Beauty,Shampoo,2,72164,0.14,14909.08,South,Chennai,Net Banking
ORD08689,2025-05-27,CUST0087,Clothing,Dress,1,31233,0.01,4318.09,North,Delhi,UPI
ORD08690,2025-04-06,CUST0520,Clothing,T-Shirt,4,8852,0.06,1097.77,West,Mumbai,Debit Card
ORD08691,2025-10-19,CUST0885,Clothing,Jeans,5,115915,0.13,15432.1,West,Pune,Net Banking
ORD08692,2025-05-25,CUST0887,Clothing,Shoes,4,13268,0.13,2556.59,South,Bangalore,Credit Card
ORD08693,2025-12-05,CUST0685,Furniture,Bookshelf,4,36428,0.26,3164.19,West,Ahmedabad,UPI
ORD08694,2025-06-22,CUST1958,Beauty,Perfume,2,31252,0.12,4249.25,South,Hyderabad,Credit Card
ORD08695,2025-11-30,CUST1400,Clothing,Jeans,5,171775,0.3,16065.66,North,Lucknow,Cash on Delivery
ORD08696,2025-10-27,CUST1566,Beauty,Shampoo,4,68752,0.29,11180.87,South,Hyderabad,Credit Card
ORD08697,2025-08-23,CUST1794,Books,Comics,2,11384,0.3,1677.0,South,Chennai,Net Banking
ORD08698,2025-04-09,CUST0405,Books,Novel,1,28994,0.19,4534.36,South,Chennai,Debit Card
ORD08699,2025-06-08,CUST1289,Electronics,Mobile Phone,4,184368,0.09,21462.64,East,Patna,Cash on Delivery
ORD08700,2025-12-05,CUST1803,Beauty,Shampoo,1,20413,0.28,1401.27,East,Bhubaneswar,Net Banking
ORD08701,2025-05-06,CUST1182,Furniture,Sofa,4,46188,0.08,2162.36,West,Mumbai,Debit Card
ORD08702,2025-04-14,CUST0769,Beauty,Perfume,2,9252,0.07,2060.35,South,Hyderabad,UPI
ORD08703,2025-07-16,CUST1013,Furniture,Chair,3,85971,0.27,9821.13,East,Patna,UPI
ORD08704,2025-01-08,CUST1978,Electronics,Headphones,3,142326,0.14,11631.16,South,Hyderabad,Credit Card
ORD08705,2025-10-26,CUST0104,Clothing,Dress,1,20380,0.26,1919.94,North,Jaipur,Cash on Delivery
ORD08706,2025-03-29,CUST0829,Electronics,Headphones,3,28917,0.14,3053.68,North,Delhi,Credit Card
ORD08707,2025-05-08,CUST0842,Furniture,Table,4,9580,0.02,1863.47,North,Jaipur,Credit Card
ORD08708,2025-02-14,CUST0762,Clothing,Dress,3,139437,0.29,11485.01,South,Hyderabad,Net Banking
ORD08709,2025-07-28,CUST0164,Beauty,Perfume,5,182430,0.04,10771.79,North,Jaipur,Cash on Delivery
ORD08710,2025-09-09,CUST0222,Electronics,Mobile Phone,2,65500,0.26,11274.0,North,Delhi,UPI
ORD08711,2025-12-12,CUST1714,Books,Textbook,1,27980,0.17,1392.7,West,Mumbai,Cash on Delivery
ORD08712,2025-09-23,CUST0938,Electronics,Smart Watch,1,8934,0.26,1066.15,North,Delhi,Debit Card
ORD08713,2025-04-08,CUST0580,Beauty,Perfume,1,49135,0.11,3355.61,South,Bangalore,Cash on Delivery
ORD08714,2025-10-25,CUST0080,Electronics,Laptop,2,27962,0.18,2027.13,South,Bangalore,Cash on Delivery
ORD08715,2025-07-17,CUST0456,Furniture,Chair,2,1568,0.0,329.52,South,Hyderabad,Debit Card
ORD08716,2025-02-14,CUST1829,Books,Novel,3,63927,0.17,9691.8,West,Ahmedabad,Cash on Delivery
ORD08717,2025-11-16,CUST1966,Books,Novel,5,16330,0.21,2073.7,East,Patna,Credit Card
ORD08718,2025-04-22,CUST1492,Electronics,Smart Watch,1,36843,0.21,5444.36,North,Delhi,Cash on Delivery
ORD08719,2025-06-30,CUST1581,Clothing,Shoes,4,168820,0.11,25168.34,East,Bhubaneswar,Debit Card
ORD08720,2025-01-04,CUST1844,Clothing,T-Shirt,2,22350,0.13,4425.75,East,Patna,Debit Card
ORD08721,2025-03-15,CUST1374,Furniture,Bookshelf,4,119944,0.01,22507.96,East,Patna,Net Banking
ORD08722,2025-06-02,CUST1212,Books,Textbook,1,27069,0.3,2302.56,East,Patna,UPI
ORD08723,2025-08-14,CUST0452,Furniture,Table,5,126790,0.01,10828.59,North,Jaipur,Debit Card
ORD08724,2025-05-14,CUST0552,Books,Textbook,1,34505,0.06,5666.27,North,Delhi,Net Banking
ORD08725,2025-06-04,CUST0405,Electronics,Laptop,3,32220,0.05,7442.16,North,Jaipur,Credit Card
ORD08726,2025-06-29,CUST0385,Clothing,T-Shirt,5,154260,0.09,26866.35,West,Pune,Debit Card
ORD08727,2025-01-25,CUST0302,Electronics,Laptop,4,172216,0.09,27566.37,North,Lucknow,Debit Card
ORD08728,2025-06-04,CUST1826,Beauty,Face Cream,4,166352,0.05,33480.22,East,Patna,Cash on Delivery
ORD08729,2025-02-25,CUST0772,Beauty,Perfume,3,120519,0.27,6763.35,East,Bhubaneswar,Debit Card
ORD08730,2025-12-25,CUST1050,Books,Magazine,4,172072,0.28,28301.31,East,Kolkata,Net Banking
ORD08731,2025-09-21,CUST0101,Beauty,Face Cream,5,226790,0.1,28819.41,South,Hyderabad,Cash on Delivery
ORD08732,2025-04-25,CUST0066,Beauty,Perfume,2,35804,0.15,7559.31,East,Bhubaneswar,Credit Card
ORD08733,2025-01-28,CUST1883,Furniture,Bookshelf,4,56168,0.01,12108.12,West,Ahmedabad,UPI
ORD08734,2025-04-06,CUST1238,Electronics,Headphones,3,128556,0.13,10050.93,South,Bangalore,Credit Card
ORD08735,2025-05-20,CUST0225,Beauty,Perfume,2,68498,0.29,7699.16,West,Mumbai,Debit Card
ORD08736,2025-10-10,CUST1747,Clothing,Dress,2,56042,0.01,4656.27,South,Hyderabad,Cash on Delivery
ORD08737,2025-07-11,CUST1216,Books,Novel,3,98802,0.16,12250.62,West,Pune,Debit Card
ORD08738,2025-06-29,CUST0966,Furniture,Bookshelf,2,66730,0.2,12576.17,South,Bangalore,Debit Card
ORD08739,2025-11-02,CUST1330,Beauty,Face Cream,4,91432,0.05,8278.21,North,Jaipur,Cash on Delivery
ORD08740,2025-02-10,CUST1828,Furniture,Table,5,169465,0.01,10126.11,South,Hyderabad,Cash on Delivery
ORD08741,2025-12-10,CUST1291,Beauty,Perfume,4,187944,0.26,15876.22,West,Pune,Credit Card
ORD08742,2025-08-23,CUST0959,Electronics,Mobile Phone,2,45766,0.24,8156.55,East,Patna,Cash on Delivery
ORD08743,2025-02-18,CUST0490,Beauty,Shampoo,2,59772,0.06,11238.55,North,Delhi,Cash on Delivery
ORD08744,2025-11-13,CUST1185,Clothing,Shoes,2,43490,0.09,4674.47,East,Kolkata,Credit Card
ORD08745,2025-11-05,CUST1254,Furniture,Chair,1,12388,0.25,621.67,South,Bangalore,UPI
ORD08746,2025-05-12,CUST1726,Beauty,Face Wash,5,146435,0.14,20855.04,South,Bangalore,Cash on Delivery
ORD08747,2025-03-31,CUST0989,Beauty,Face Wash,1,23382,0.01,1633.12,South,Hyderabad,Credit Card
ORD08748,2025-08-26,CUST0170,Beauty,Face Cream,1,45691,0.13,8015.78,North,Lucknow,UPI
ORD08749,2025-12-30,CUST1516,Books,Magazine,3,89586,0.18,17194.58,West,Ahmedabad,UPI
ORD08750,2025-07-01,CUST1377,Clothing,Jeans,5,36130,0.21,4420.18,South,Bangalore,Credit Card
ORD08751,2025-02-19,CUST0351,Beauty,Perfume,2,4994,0.19,453.73,North,Lucknow,Net Banking
ORD08752,2025-01-20,CUST0210,Beauty,Shampoo,4,26364,0.12,2303.4,West,Ahmedabad,Net Banking
ORD08753,2025-03-28,CUST1727,Electronics,Laptop,4,54828,0.25,4916.12,North,Lucknow,Cash on Delivery
ORD08754,2025-01-02,CUST0759,Books,Textbook,1,9894,0.13,1642.82,East,Patna,Credit Card
ORD08755,2025-11-30,CUST1760,Books,Comics,5,148660,0.29,15080.26,East,Patna,Net Banking
ORD08756,2025-09-23,CUST0045,Furniture,Sofa,4,157388,0.13,26551.5,East,Bhubaneswar,Net Banking
ORD08757,2025-07-25,CUST0922,Beauty,Face Wash,2,45536,0.21,5945.1,West,Pune,Credit Card
ORD08758,2025-09-09,CUST0977,Clothing,Jeans,1,45900,0.14,6469.96,East,Bhubaneswar,UPI
ORD08759,2025-03-05,CUST1112,Electronics,Smart Watch,4,142080,0.13,8889.14,North,Delhi,Net Banking
ORD08760,2025-09-29,CUST0826,Furniture,Bookshelf,1,30497,0.17,2276.37,East,Bhubaneswar,Net Banking
ORD08761,2025-08-16,CUST0186,Furniture,Bookshelf,5,55315,0.08,8616.05,West,Mumbai,Cash on Delivery
ORD08762,2025-08-29,CUST0438,Books,Textbook,2,12148,0.05,2038.49,East,Kolkata,UPI
ORD08763,2025-07-27,CUST1311,Furniture,Chair,5,2765,0.08,224.63,North,Jaipur,UPI
ORD08764,2025-12-26,CUST0588,Clothing,T-Shirt,1,44941,0.12,6755.02,East,Patna,Debit Card
ORD08765,2025-01-03,CUST1028,Electronics,Smart Watch,5,187210,0.3,11629.22,East,Patna,Net Banking
ORD08766,2025-11-07,CUST1363,Books,Novel,1,8314,0.25,1187.24,West,Ahmedabad,Net Banking
ORD08767,2025-11-18,CUST0839,Beauty,Face Cream,2,38894,0.07,8666.15,East,Patna,Cash on Delivery
ORD08768,2025-11-10,CUST0210,Furniture,Sofa,1,8769,0.07,1262.88,West,Pune,Credit Card
ORD08769,2025-04-01,CUST1613,Books,Magazine,5,160335,0.15,23331.93,West,Ahmedabad,Debit Card
ORD08770,2025-03-06,CUST0416,Clothing,Shoes,2,57908,0.22,10527.22,South,Bangalore,Debit Card
ORD08771,2025-12-15,CUST1155,Beauty,Face Cream,1,44015,0.19,8440.89,West,Mumbai,Cash on Delivery
ORD08772,2025-12-07,CUST0019,Clothing,Jeans,4,21660,0.23,2953.85,East,Patna,Net Banking
ORD08773,2025-04-18,CUST0092,Furniture,Chair,1,38242,0.11,3259.05,East,Bhubaneswar,Cash on Delivery
ORD08774,2025-06-10,CUST1776,Beauty,Face Cream,4,29840,0.11,2369.78,North,Lucknow,Cash on Delivery
ORD08775,2025-04-21,CUST0745,Books,Textbook,5,233265,0.23,19398.49,South,Hyderabad,Credit Card
ORD08776,2025-10-16,CUST1005,Electronics,Smart Watch,3,81594,0.19,5523.11,South,Hyderabad,Net Banking
ORD08777,2025-01-31,CUST1717,Clothing,Shoes,2,37718,0.29,6689.69,North,Delhi,UPI
ORD08778,2025-08-18,CUST1853,Electronics,Smart Watch,2,29918,0.03,2361.72,South,Hyderabad,Net Banking
ORD08779,2025-08-08,CUST1367,Beauty,Face Wash,2,64642,0.25,8593.06,East,Bhubaneswar,Net Banking
ORD08780,2025-08-12,CUST0824,Beauty,Perfume,3,30996,0.15,2383.41,South,Hyderabad,Credit Card
ORD08781,2025-11-21,CUST0418,Beauty,Face Cream,1,28606,0.13,1755.23,North,Delhi,Cash on Delivery
ORD08782,2025-12-29,CUST1597,Books,Magazine,2,74648,0.06,13578.88,East,Kolkata,Debit Card
ORD08783,2025-12-09,CUST1333,Furniture,Table,2,83846,0.18,6992.15,South,Bangalore,UPI
ORD08784,2025-02-19,CUST0056,Beauty,Perfume,5,172465,0.27,27299.94,North,Jaipur,Net Banking
ORD08785,2025-01-31,CUST1203,Clothing,Shoes,2,41800,0.19,4049.18,South,Hyderabad,Debit Card
ORD08786,2025-12-23,CUST0692,Beauty,Face Cream,3,75447,0.07,15467.59,North,Jaipur,Credit Card
ORD08787,2025-04-19,CUST1027,Furniture,Table,2,87150,0.09,6237.87,South,Chennai,UPI
ORD08788,2025-04-27,CUST0414,Furniture,Sofa,1,39593,0.16,3225.09,East,Patna,UPI
ORD08789,2025-05-11,CUST1029,Clothing,Dress,5,3690,0.18,296.77,West,Ahmedabad,Net Banking
ORD08790,2025-08-29,CUST0005,Clothing,Shoes,3,74805,0.19,11134.71,East,Patna,UPI
ORD08791,2025-09-28,CUST1457,Beauty,Face Cream,3,43152,0.3,4979.24,West,Ahmedabad,Cash on Delivery
ORD08792,2025-10-01,CUST0827,Furniture,Table,4,71920,0.04,11751.03,West,Mumbai,Debit Card
ORD08793,2025-01-25,CUST0379,Electronics,Laptop,1,43601,0.05,2297.14,North,Delhi,UPI
ORD08794,2025-03-10,CUST0009,Electronics,Mobile Phone,2,50368,0.12,2226.61,West,Ahmedabad,Debit Card
ORD08795,2025-03-10,CUST1148,Electronics,Laptop,5,56010,0.03,10387.14,South,Chennai,Debit Card
ORD08796,2025-03-10,CUST1133,Furniture,Chair,5,166365,0.02,15212.08,North,Delhi,Credit Card
ORD08797,2025-07-18,CUST1457,Clothing,Jeans,4,149228,0.24,16507.11,East,Bhubaneswar,Credit Card
ORD08798,2025-07-23,CUST0004,Electronics,Smart Watch,5,172705,0.27,23404.46,South,Bangalore,UPI
ORD08799,2025-12-30,CUST0623,Electronics,Laptop,4,137280,0.06,31476.88,North,Jaipur,UPI
ORD08800,2025-04-19,CUST1517,Furniture,Sofa,3,32712,0.21,5114.3,West,Pune,Credit Card
ORD08801,2025-10-16,CUST0281,Furniture,Bookshelf,1,38511,0.03,4257.73,North,Lucknow,Net Banking
ORD08802,2025-01-17,CUST0193,Books,Novel,3,20808,0.11,2586.08,West,Ahmedabad,Credit Card
ORD08803,2025-08-06,CUST1312,Beauty,Face Wash,1,9995,0.28,1693.43,North,Lucknow,Cash on Delivery
ORD08804,2025-09-09,CUST0846,Beauty,Face Wash,5,236575,0.22,20315.38,South,Bangalore,Cash on Delivery
ORD08805,2025-03-02,CUST1498,Electronics,Smart Watch,4,143744,0.23,8876.94,South,Bangalore,Credit Card
ORD08806,2025-03-08,CUST1786,Clothing,Dress,4,27212,0.2,3642.18,North,Jaipur,Cash on Delivery
ORD08807,2025-02-12,CUST0236,Electronics,Mobile Phone,4,105828,0.03,20800.71,East,Kolkata,Credit Card
ORD08808,2025-03-21,CUST0337,Clothing,Shoes,1,17888,0.21,2183.41,South,Hyderabad,Net Banking
ORD08809,2025-05-18,CUST0252,Books,Comics,5,154690,0.08,15574.32,East,Patna,Credit Card
ORD08810,2025-09-21,CUST0481,Furniture,Sofa,5,87360,0.06,19620.84,East,Kolkata,Credit Card
ORD08811,2025-01-05,CUST0322,Furniture,Sofa,5,217180,0.23,24266.01,North,Jaipur,Debit Card
ORD08812,2025-04-28,CUST1450,Furniture,Chair,2,29818,0.09,3639.91,East,Patna,Credit Card
ORD08813,2025-02-06,CUST1014,Clothing,T-Shirt,5,85585,0.14,4674.01,North,Delhi,Credit Card
ORD08814,2025-12-15,CUST1369,Clothing,Shoes,1,47249,0.27,6221.56,South,Hyderabad,UPI
ORD08815,2025-08-07,CUST0945,Electronics,Mobile Phone,2,65456,0.27,5963.77,West,Mumbai,UPI
ORD08816,2025-04-26,CUST0069,Clothing,Jeans,4,132500,0.29,22289.96,North,Delhi,Credit Card
ORD08817,2025-04-30,CUST1203,Electronics,Smart Watch,4,63644,0.05,8311.62,North,Jaipur,Debit Card
ORD08818,2025-07-30,CUST0555,Books,Textbook,5,230440,0.11,38582.47,South,Chennai,UPI
ORD08819,2025-04-23,CUST1591,Clothing,Shoes,1,22627,0.18,2804.7,West,Mumbai,Credit Card
ORD08820,2025-08-10,CUST1522,Books,Comics,1,31961,0.14,6128.39,South,Chennai,Debit Card
ORD08821,2025-06-25,CUST1691,Books,Comics,3,79101,0.17,9496.77,South,Bangalore,Debit Card
ORD08822,2025-07-13,CUST0775,Beauty,Face Wash,5,17935,0.11,2414.8,West,Ahmedabad,UPI
ORD08823,2025-04-18,CUST1097,Books,Magazine,4,99196,0.12,19789.46,East,Kolkata,Cash on Delivery
ORD08824,2025-01-24,CUST1358,Clothing,Jeans,5,90700,0.02,19795.91,South,Hyderabad,UPI
ORD08825,2025-12-08,CUST0857,Beauty,Face Wash,3,120555,0.27,10908.09,North,Lucknow,UPI
ORD08826,2025-06-23,CUST1592,Clothing,Dress,2,26254,0.2,1155.04,West,Ahmedabad,Debit Card
ORD08827,2025-12-08,CUST1251,Furniture,Bookshelf,5,96240,0.27,6226.31,North,Jaipur,Debit Card
ORD08828,2025-04-15,CUST0956,Electronics,Headphones,3,90939,0.27,11977.69,West,Pune,Debit Card
ORD08829,2025-07-27,CUST0259,Beauty,Shampoo,2,37442,0.08,6190.17,North,Jaipur,Debit Card
ORD08830,2025-11-14,CUST0733,Electronics,Mobile Phone,5,153880,0.08,29606.7,West,Pune,Net Banking
ORD08831,2025-02-27,CUST1051,Clothing,Shoes,5,68720,0.24,10335.77,North,Jaipur,Credit Card
ORD08832,2025-10-15,CUST0898,Electronics,Laptop,5,124660,0.01,16620.07,North,Jaipur,Net Banking
ORD08833,2025-09-26,CUST1149,Books,Magazine,3,6060,0.12,306.32,South,Bangalore,Credit Card
ORD08834,2025-04-16,CUST1583,Furniture,Bookshelf,2,22540,0.18,2757.86,South,Hyderabad,UPI
ORD08835,2025-04-14,CUST1490,Books,Novel,2,90130,0.05,14769.57,West,Ahmedabad,Net Banking
ORD08836,2025-08-31,CUST0068,Books,Novel,2,22246,0.14,3560.5,East,Bhubaneswar,Debit Card
ORD08837,2025-11-01,CUST0783,Furniture,Sofa,1,35585,0.02,6459.23,South,Bangalore,Credit Card
ORD08838,2025-04-13,CUST0548,Furniture,Bookshelf,3,140598,0.18,13568.33,West,Pune,Net Banking
ORD08839,2025-12-12,CUST0731,Beauty,Face Wash,3,65844,0.02,4616.05,West,Pune,Net Banking
ORD08840,2025-03-11,CUST0439,Books,Textbook,3,50922,0.1,10009.33,East,Bhubaneswar,Credit Card
ORD08841,2025-05-12,CUST0389,Electronics,Mobile Phone,1,7292,0.25,981.26,North,Jaipur,Debit Card
ORD08842,2025-08-30,CUST1577,Beauty,Shampoo,4,5892,0.28,721.3,West,Mumbai,Credit Card
ORD08843,2025-05-28,CUST0890,Beauty,Face Cream,5,86880,0.11,9126.18,North,Delhi,Net Banking
ORD08844,2025-11-13,CUST0523,Beauty,Face Cream,3,29520,0.08,4183.2,West,Mumbai,UPI
ORD08845,2025-12-16,CUST0286,Beauty,Face Wash,2,7606,0.17,812.59,West,Mumbai,Cash on Delivery
ORD08846,2025-08-30,CUST0275,Books,Textbook,3,72681,0.03,14039.34,East,Bhubaneswar,Credit Card
ORD08847,2025-07-29,CUST0699,Furniture,Chair,2,27508,0.16,1869.61,South,Hyderabad,Net Banking
ORD08848,2025-03-20,CUST1081,Furniture,Bookshelf,2,64180,0.21,9640.08,West,Ahmedabad,Cash on Delivery
ORD08849,2025-07-09,CUST1164,Furniture,Chair,3,40527,0.14,3453.97,East,Patna,UPI
ORD08850,2025-12-13,CUST1649,Books,Novel,1,33381,0.23,4312.93,East,Patna,Net Banking
ORD08851,2025-08-27,CUST0268,Furniture,Bookshelf,4,166492,0.05,15035.14,West,Ahmedabad,Debit Card
ORD08852,2025-07-29,CUST1760,Books,Magazine,5,50910,0.05,10506.35,South,Bangalore,Net Banking
ORD08853,2025-03-29,CUST1687,Clothing,Jeans,2,54240,0.27,4089.14,West,Pune,Cash on Delivery
ORD08854,2025-03-20,CUST0597,Books,Textbook,4,136240,0.16,27165.64,South,Bangalore,UPI
ORD08855,2025-05-27,CUST0929,Books,Novel,1,11633,0.26,1432.79,East,Patna,UPI
ORD08856,2025-11-05,CUST1939,Clothing,Dress,5,63190,0.12,6212.92,South,Chennai,Credit Card
ORD08857,2025-11-26,CUST1041,Books,Comics,3,57648,0.19,5678.57,North,Jaipur,Cash on Delivery
ORD08858,2025-02-04,CUST1067,Beauty,Face Cream,1,7521,0.04,1188.4,South,Hyderabad,Cash on Delivery
ORD08859,2025-10-03,CUST0281,Clothing,T-Shirt,1,9508,0.18,1118.08,North,Delhi,Credit Card
ORD08860,2025-09-07,CUST0751,Books,Novel,4,198140,0.15,9148.54,East,Bhubaneswar,UPI
ORD08861,2025-05-24,CUST0167,Furniture,Bookshelf,2,89410,0.04,12747.11,North,Lucknow,UPI
ORD08862,2025-09-13,CUST1714,Beauty,Perfume,4,188996,0.09,10105.69,South,Hyderabad,Cash on Delivery
ORD08863,2025-10-20,CUST0776,Electronics,Headphones,1,6918,0.14,847.32,West,Ahmedabad,Net Banking
ORD08864,2025-12-21,CUST1843,Clothing,T-Shirt,5,184505,0.23,27061.43,North,Delhi,Net Banking
ORD08865,2025-09-04,CUST0615,Clothing,Shoes,3,31788,0.14,5416.55,South,Hyderabad,UPI
ORD08866,2025-03-12,CUST1690,Clothing,T-Shirt,1,17643,0.14,3007.81,East,Bhubaneswar,Debit Card
ORD08867,2025-09-08,CUST0252,Clothing,Jeans,5,3240,0.24,475.64,West,Mumbai,Credit Card
ORD08868,2025-06-27,CUST0532,Beauty,Face Wash,1,28822,0.03,2539.14,North,Lucknow,Net Banking
ORD08869,2025-12-28,CUST1350,Beauty,Face Wash,1,699,0.14,108.05,East,Bhubaneswar,Credit Card
ORD08870,2025-05-11,CUST1341,Clothing,Dress,1,3859,0.14,384.16,East,Bhubaneswar,Debit Card
ORD08871,2025-03-16,CUST1970,Beauty,Shampoo,5,200055,0.06,34257.06,South,Bangalore,UPI
ORD08872,2025-10-28,CUST0384,Furniture,Bookshelf,2,68878,0.19,8598.6,West,Mumbai,Debit Card
ORD08873,2025-08-07,CUST1939,Clothing,T-Shirt,1,47108,0.23,5529.7,South,Chennai,UPI
ORD08874,2025-11-17,CUST1588,Beauty,Face Wash,3,113430,0.18,14206.4,South,Bangalore,Cash on Delivery
ORD08875,2025-08-21,CUST1834,Books,Textbook,1,34448,0.17,3681.25,South,Hyderabad,Credit Card
ORD08876,2025-06-27,CUST1545,Beauty,Shampoo,5,233425,0.03,30504.1,East,Kolkata,Net Banking
ORD08877,2025-11-27,CUST1211,Electronics,Laptop,4,157008,0.02,14032.67,East,Patna,Credit Card
ORD08878,2025-09-30,CUST0045,Books,Comics,5,129575,0.05,23619.12,North,Delhi,UPI
ORD08879,2025-01-19,CUST0795,Electronics,Laptop,5,219720,0.12,11431.68,South,Hyderabad,Cash on Delivery
ORD08880,2025-03-09,CUST0412,Beauty,Face Wash,3,20703,0.17,1748.91,East,Bhubaneswar,Net Banking
ORD08881,2025-12-31,CUST0283,Electronics,Headphones,4,108024,0.27,7760.32,North,Delhi,Credit Card
ORD08882,2025-09-10,CUST1193,Furniture,Sofa,2,20704,0.06,2828.65,West,Mumbai,Net Banking
ORD08883,2025-03-27,CUST1445,Furniture,Table,3,137811,0.25,17360.02,North,Jaipur,Credit Card
ORD08884,2025-07-05,CUST1404,Clothing,Dress,5,215555,0.09,15357.57,West,Pune,Net Banking
ORD08885,2025-12-07,CUST0494,Furniture,Chair,3,25026,0.07,4159.03,West,Pune,Cash on Delivery
ORD08886,2025-04-04,CUST1368,Clothing,Jeans,5,31540,0.21,2735.09,West,Mumbai,Credit Card
ORD08887,2025-06-14,CUST0676,Beauty,Shampoo,4,198536,0.22,15393.92,North,Jaipur,UPI
ORD08888,2025-10-29,CUST0237,Beauty,Perfume,3,57180,0.01,11940.4,West,Ahmedabad,Credit Card
ORD08889,2025-03-26,CUST1768,Beauty,Shampoo,1,8397,0.23,1560.59,East,Bhubaneswar,Cash on Delivery
ORD08890,2025-04-19,CUST0380,Clothing,Jeans,4,45036,0.19,5185.79,East,Bhubaneswar,UPI
ORD08891,2025-02-20,CUST0401,Beauty,Face Wash,4,87416,0.1,4755.81,East,Bhubaneswar,Credit Card
ORD08892,2025-10-23,CUST1698,Clothing,T-Shirt,2,62370,0.03,11476.67,East,Bhubaneswar,Debit Card
ORD08893,2025-09-12,CUST0237,Electronics,Smart Watch,1,12195,0.14,2340.86,North,Jaipur,Net Banking
ORD08894,2025-12-03,CUST1102,Electronics,Laptop,3,129456,0.12,17743.81,North,Jaipur,Credit Card
ORD08895,2025-07-06,CUST0355,Electronics,Smart Watch,4,94496,0.2,10746.86,West,Mumbai,Net Banking
ORD08896,2025-03-25,CUST1967,Clothing,Jeans,4,64368,0.06,10651.0,West,Pune,Credit Card
ORD08897,2025-12-16,CUST1996,Books,Comics,3,107826,0.24,16460.48,North,Lucknow,UPI
ORD08898,2025-03-01,CUST0889,Electronics,Mobile Phone,5,125960,0.19,7733.38,North,Lucknow,Debit Card
ORD08899,2025-12-20,CUST0453,Books,Textbook,2,59338,0.25,2855.82,South,Chennai,Credit Card
ORD08900,2025-09-13,CUST1808,Furniture,Chair,5,116230,0.3,19858.56,East,Bhubaneswar,Credit Card
ORD08901,2025-10-24,CUST1963,Beauty,Face Cream,3,81933,0.15,12604.89,North,Jaipur,Credit Card
ORD08902,2025-02-02,CUST1895,Electronics,Laptop,5,103085,0.26,5552.39,South,Bangalore,Debit Card
ORD08903,2025-12-26,CUST1117,Furniture,Table,4,19300,0.16,898.6,South,Hyderabad,Credit Card
ORD08904,2025-04-11,CUST1403,Electronics,Headphones,3,112422,0.18,22222.57,South,Chennai,Cash on Delivery
ORD08905,2025-04-10,CUST0383,Clothing,Shoes,5,217720,0.25,12122.47,East,Kolkata,UPI
ORD08906,2025-09-26,CUST0367,Furniture,Table,3,105936,0.11,5648.4,South,Bangalore,Cash on Delivery
ORD08907,2025-11-04,CUST0232,Beauty,Face Wash,2,54448,0.17,7345.55,South,Chennai,Debit Card
ORD08908,2025-08-22,CUST0467,Beauty,Face Cream,5,16600,0.19,1040.21,North,Delhi,Cash on Delivery
ORD08909,2025-12-22,CUST0476,Books,Comics,3,81225,0.14,16968.06,North,Delhi,Credit Card
ORD08910,2025-01-10,CUST0703,Books,Novel,3,26088,0.11,4595.24,West,Pune,Debit Card
ORD08911,2025-08-06,CUST0991,Clothing,Dress,2,48516,0.12,2648.0,South,Bangalore,UPI
ORD08912,2025-05-19,CUST0015,Furniture,Chair,3,67449,0.14,13310.67,East,Patna,Debit Card
ORD08913,2025-09-04,CUST1160,Furniture,Chair,1,3429,0.2,569.22,West,Mumbai,UPI
ORD08914,2025-08-08,CUST0939,Books,Magazine,1,43916,0.23,4464.55,North,Jaipur,Credit Card
ORD08915,2025-01-13,CUST0242,Books,Textbook,3,132441,0.29,14990.03,West,Ahmedabad,Credit Card
ORD08916,2025-07-02,CUST1460,Furniture,Chair,2,25492,0.26,4453.8,North,Jaipur,Net Banking
ORD08917,2025-05-27,CUST1950,Beauty,Face Cream,3,1581,0.21,94.83,West,Mumbai,Debit Card
ORD08918,2025-03-09,CUST1029,Electronics,Mobile Phone,3,113478,0.08,22164.45,North,Lucknow,Credit Card
ORD08919,2025-12-09,CUST0067,Electronics,Headphones,5,197305,0.12,12310.02,South,Chennai,Debit Card
ORD08920,2025-06-16,CUST1688,Clothing,Jeans,3,40947,0.08,6150.91,South,Bangalore,Net Banking
ORD08921,2025-11-23,CUST0445,Beauty,Face Wash,3,142065,0.25,19439.82,West,Pune,Cash on Delivery
ORD08922,2025-07-23,CUST0927,Clothing,Jeans,1,15212,0.04,3232.96,South,Bangalore,Cash on Delivery
ORD08923,2025-07-08,CUST0977,Books,Novel,2,93634,0.04,19108.84,West,Ahmedabad,UPI
ORD08924,2025-12-19,CUST1014,Electronics,Headphones,4,56560,0.25,8472.71,North,Lucknow,Cash on Delivery
ORD08925,2025-06-08,CUST0465,Beauty,Face Wash,3,115560,0.14,15293.66,South,Bangalore,Cash on Delivery
ORD08926,2025-05-12,CUST0382,Clothing,T-Shirt,1,44600,0.27,2113.8,North,Jaipur,Credit Card
ORD08927,2025-07-14,CUST0124,Electronics,Laptop,4,40120,0.25,6909.37,South,Hyderabad,Credit Card
ORD08928,2025-07-26,CUST1726,Furniture,Bookshelf,4,136988,0.18,9692.99,South,Chennai,Cash on Delivery
ORD08929,2025-08-14,CUST1129,Clothing,Shoes,5,192380,0.13,12457.57,South,Bangalore,Cash on Delivery
ORD08930,2025-05-05,CUST0271,Electronics,Laptop,3,66939,0.06,12142.75,North,Jaipur,Credit Card
ORD08931,2025-07-26,CUST1929,Electronics,Mobile Phone,2,67720,0.3,4683.68,East,Kolkata,Debit Card
ORD08932,2025-02-07,CUST1980,Clothing,T-Shirt,5,21865,0.02,1378.0,South,Bangalore,UPI
ORD08933,2025-02-05,CUST0339,Clothing,T-Shirt,1,12436,0.1,1114.89,North,Jaipur,UPI
ORD08934,2025-11-21,CUST0673,Furniture,Table,5,145875,0.24,18901.29,West,Ahmedabad,Net Banking
ORD08935,2025-02-04,CUST1716,Clothing,Shoes,3,70983,0.1,13154.87,West,Pune,Net Banking
ORD08936,2025-09-05,CUST0130,Electronics,Headphones,3,104112,0.13,9926.69,East,Bhubaneswar,Net Banking
ORD08937,2025-02-24,CUST1811,Clothing,Jeans,4,174976,0.01,27104.75,East,Kolkata,UPI
ORD08938,2025-10-05,CUST1450,Books,Textbook,4,110668,0.03,21266.16,East,Kolkata,Net Banking
ORD08939,2025-09-27,CUST1762,Electronics,Smart Watch,4,71912,0.06,4439.88,East,Kolkata,Debit Card
ORD08940,2025-05-30,CUST1115,Clothing,Dress,1,17417,0.15,3345.3,South,Bangalore,Debit Card
ORD08941,2025-11-13,CUST1304,Clothing,Shoes,5,122295,0.18,24612.24,South,Chennai,Credit Card
ORD08942,2025-04-11,CUST0037,Furniture,Bookshelf,2,42870,0.23,4616.45,South,Bangalore,Cash on Delivery
ORD08943,2025-10-04,CUST0117,Clothing,Dress,4,19852,0.2,3531.13,East,Patna,Cash on Delivery
ORD08944,2025-08-13,CUST0333,Clothing,Dress,3,109269,0.14,16069.1,South,Hyderabad,Cash on Delivery
ORD08945,2025-09-14,CUST0333,Clothing,Dress,2,18322,0.17,3572.29,West,Pune,Debit Card
ORD08946,2025-08-16,CUST0352,Books,Novel,3,72756,0.07,14591.76,South,Bangalore,Debit Card
ORD08947,2025-07-31,CUST1296,Clothing,T-Shirt,2,90706,0.21,12168.14,North,Lucknow,Net Banking
ORD08948,2025-02-05,CUST1067,Furniture,Chair,1,32121,0.22,5469.53,North,Jaipur,Net Banking
ORD08949,2025-04-16,CUST0741,Electronics,Headphones,2,20362,0.29,2421.68,East,Patna,Cash on Delivery
ORD08950,2025-05-15,CUST1256,Clothing,Dress,1,28109,0.1,2830.7,East,Patna,Cash on Delivery
ORD08951,2025-12-09,CUST0188,Beauty,Shampoo,5,201550,0.06,31209.07,West,Mumbai,Credit Card
ORD08952,2025-04-30,CUST1737,Books,Novel,1,37220,0.24,6008.25,North,Delhi,Net Banking
ORD08953,2025-05-20,CUST0507,Electronics,Headphones,4,52776,0.1,3685.64,South,Chennai,Debit Card
ORD08954,2025-08-19,CUST1709,Furniture,Sofa,5,186830,0.01,42300.73,East,Patna,Cash on Delivery
ORD08955,2025-03-13,CUST0971,Clothing,T-Shirt,3,96360,0.04,16760.26,West,Pune,Cash on Delivery
ORD08956,2025-08-17,CUST0668,Furniture,Chair,4,49304,0.05,4512.4,North,Delhi,UPI
ORD08957,2025-04-12,CUST1080,Books,Comics,3,105441,0.1,11333.3,West,Mumbai,Net Banking
ORD08958,2025-10-25,CUST1896,Beauty,Perfume,1,40371,0.25,4134.81,South,Bangalore,Cash on Delivery
ORD08959,2025-03-02,CUST0176,Electronics,Mobile Phone,4,92152,0.08,17502.32,West,Ahmedabad,Net Banking
ORD08960,2025-05-09,CUST1280,Furniture,Bookshelf,5,147540,0.2,19428.62,West,Mumbai,Cash on Delivery
ORD08961,2025-01-01,CUST0367,Books,Novel,1,32153,0.24,4992.3,West,Ahmedabad,Cash on Delivery
ORD08962,2025-07-03,CUST0999,Beauty,Face Cream,1,7796,0.23,1318.59,North,Lucknow,Credit Card
ORD08963,2025-12-06,CUST0431,Electronics,Headphones,2,11788,0.18,871.8,East,Kolkata,Cash on Delivery
ORD08964,2025-06-03,CUST0299,Furniture,Bookshelf,4,100344,0.11,21121.64,East,Bhubaneswar,UPI
ORD08965,2025-01-19,CUST1014,Books,Magazine,3,69156,0.29,3049.32,West,Pune,Credit Card
ORD08966,2025-10-29,CUST1505,Electronics,Laptop,2,10386,0.01,1896.75,East,Bhubaneswar,UPI
ORD08967,2025-04-26,CUST0666,Electronics,Mobile Phone,3,42723,0.11,2582.05,West,Pune,Credit Card
ORD08968,2025-10-15,CUST1185,Books,Textbook,1,28735,0.16,3886.05,South,Bangalore,Credit Card
ORD08969,2025-08-14,CUST1842,Books,Novel,2,34226,0.12,5663.67,South,Bangalore,UPI
ORD08970,2025-10-07,CUST1613,Clothing,T-Shirt,1,8919,0.1,1812.93,West,Pune,Credit Card
ORD08971,2025-12-05,CUST1979,Beauty,Perfume,1,1611,0.18,312.76,West,Ahmedabad,Credit Card
ORD08972,2025-05-25,CUST1274,Electronics,Mobile Phone,2,83456,0.11,10721.99,East,Patna,UPI
ORD08973,2025-01-05,CUST0684,Furniture,Table,2,47806,0.06,4926.97,East,Patna,Net Banking
ORD08974,2025-08-13,CUST0648,Electronics,Laptop,2,95870,0.12,8230.04,East,Kolkata,Credit Card
ORD08975,2025-05-08,CUST1461,Furniture,Chair,5,29585,0.04,3448.26,East,Bhubaneswar,Cash on Delivery
ORD08976,2025-07-11,CUST1622,Books,Textbook,3,40470,0.06,2807.16,West,Ahmedabad,Net Banking
ORD08977,2025-11-04,CUST0747,Clothing,Jeans,4,127336,0.02,26121.59,North,Lucknow,Debit Card
ORD08978,2025-06-09,CUST1530,Electronics,Mobile Phone,1,25091,0.01,3764.98,South,Bangalore,UPI
ORD08979,2025-02-01,CUST1505,Furniture,Table,2,7860,0.22,968.63,East,Patna,Cash on Delivery
ORD08980,2025-09-28,CUST0557,Furniture,Table,5,40900,0.04,9461.1,North,Delhi,UPI
ORD08981,2025-10-20,CUST1875,Beauty,Perfume,2,93154,0.28,3777.27,West,Pune,UPI
ORD08982,2025-07-26,CUST0004,Beauty,Face Cream,2,53638,0.29,2856.01,East,Kolkata,Cash on Delivery
ORD08983,2025-07-15,CUST1619,Clothing,T-Shirt,5,80510,0.27,13101.46,South,Bangalore,Net Banking
ORD08984,2025-05-27,CUST1488,Clothing,Dress,2,97818,0.16,7912.66,North,Jaipur,Cash on Delivery
ORD08985,2025-08-15,CUST0828,Beauty,Shampoo,3,124050,0.25,8882.01,North,Jaipur,Cash on Delivery
ORD08986,2025-06-10,CUST0565,Books,Magazine,3,42204,0.07,7481.22,West,Pune,Cash on Delivery
ORD08987,2025-08-29,CUST0811,Furniture,Bookshelf,1,1858,0.14,151.63,North,Lucknow,Credit Card
ORD08988,2025-01-28,CUST1589,Clothing,Dress,1,41000,0.16,2446.33,North,Jaipur,Credit Card
ORD08989,2025-11-21,CUST0489,Furniture,Sofa,3,38478,0.13,6446.49,West,Ahmedabad,Debit Card
ORD08990,2025-04-14,CUST1373,Electronics,Smart Watch,4,191496,0.22,12045.91,North,Jaipur,Net Banking
ORD08991,2025-08-29,CUST0164,Clothing,Shoes,4,158516,0.12,20606.08,North,Jaipur,Debit Card
ORD08992,2025-12-19,CUST1687,Books,Comics,5,181555,0.25,19681.82,West,Pune,Net Banking
ORD08993,2025-09-09,CUST1758,Beauty,Face Cream,5,89875,0.11,19859.0,North,Delhi,Cash on Delivery
ORD08994,2025-01-12,CUST0336,Electronics,Smart Watch,1,8839,0.27,849.8,East,Patna,Debit Card
ORD08995,2025-05-17,CUST1122,Books,Magazine,4,81280,0.28,3870.95,North,Jaipur,Net Banking
ORD08996,2025-09-05,CUST1413,Electronics,Laptop,2,4124,0.2,782.55,North,Lucknow,Net Banking
ORD08997,2025-12-04,CUST0899,Clothing,Jeans,1,28434,0.25,3832.73,South,Hyderabad,UPI
ORD08998,2025-07-30,CUST1572,Furniture,Bookshelf,1,13091,0.23,771.73,West,Ahmedabad,Net Banking
ORD08999,2025-06-27,CUST0372,Electronics,Smart Watch,3,98826,0.22,16999.77,South,Chennai,Net Banking
ORD09000,2025-09-04,CUST0119,Furniture,Chair,2,19702,0.27,3475.34,West,Mumbai,Debit Card
ORD09001,2025-11-26,CUST1802,Electronics,Mobile Phone,5,5075,0.08,1001.89,East,Bhubaneswar,Net Banking
ORD09002,2025-10-18,CUST0926,Furniture,Sofa,3,26619,0.17,3412.46,South,Bangalore,UPI
ORD09003,2025-02-26,CUST0849,Furniture,Chair,5,128585,0.12,19171.55,South,Bangalore,Net Banking
ORD09004,2025-03-11,CUST0345,Beauty,Shampoo,3,93519,0.27,14917.56,North,Lucknow,UPI
ORD09005,2025-06-28,CUST0385,Furniture,Bookshelf,5,119795,0.04,23882.02,North,Delhi,Credit Card
ORD09006,2025-05-26,CUST0526,Electronics,Mobile Phone,2,82184,0.26,6968.98,West,Pune,Cash on Delivery
ORD09007,2025-08-28,CUST1374,Furniture,Table,2,43984,0.26,3317.18,West,Ahmedabad,Cash on Delivery
ORD09008,2025-01-21,CUST0033,Electronics,Headphones,4,141736,0.2,28346.5,East,Kolkata,UPI
ORD09009,2025-12-21,CUST0074,Books,Textbook,4,78936,0.28,14124.07,East,Bhubaneswar,Credit Card
ORD09010,2025-01-29,CUST0649,Furniture,Bookshelf,4,32316,0.02,4221.78,West,Ahmedabad,Net Banking
ORD09011,2025-10-02,CUST0802,Beauty,Face Cream,2,91994,0.05,20716.58,East,Kolkata,UPI
ORD09012,2025-01-18,CUST1492,Books,Novel,1,16988,0.27,748.03,West,Mumbai,Credit Card
ORD09013,2025-09-23,CUST1278,Electronics,Mobile Phone,2,57080,0.18,3553.25,North,Lucknow,Cash on Delivery
ORD09014,2025-05-09,CUST1284,Electronics,Smart Watch,5,180565,0.22,26515.64,West,Mumbai,UPI
ORD09015,2025-12-19,CUST1598,Electronics,Smart Watch,2,34690,0.0,4114.18,East,Kolkata,Debit Card
ORD09016,2025-02-06,CUST1315,Books,Novel,5,18055,0.22,2231.56,North,Delhi,Net Banking
ORD09017,2025-05-24,CUST1972,Electronics,Smart Watch,4,180736,0.3,27819.46,West,Ahmedabad,UPI
ORD09018,2025-02-27,CUST1743,Beauty,Face Wash,4,85104,0.08,12289.71,South,Chennai,UPI
ORD09019,2025-01-21,CUST0923,Electronics,Laptop,1,14950,0.2,1241.3,South,Chennai,Net Banking
ORD09020,2025-10-18,CUST0385,Electronics,Headphones,4,66860,0.05,9416.98,South,Bangalore,Debit Card
ORD09021,2025-09-11,CUST1105,Books,Magazine,2,43690,0.2,7971.69,East,Bhubaneswar,Cash on Delivery
ORD09022,2025-06-03,CUST0353,Books,Magazine,2,69374,0.25,7040.79,South,Chennai,Net Banking
ORD09023,2025-08-16,CUST1994,Beauty,Face Wash,3,62607,0.03,13754.37,South,Chennai,Debit Card
ORD09024,2025-03-03,CUST1540,Clothing,Shoes,3,44664,0.12,9512.11,West,Pune,UPI
ORD09025,2025-12-21,CUST1213,Clothing,Shoes,3,109827,0.22,5317.78,South,Hyderabad,UPI
ORD09026,2025-01-03,CUST1884,Clothing,Dress,4,127092,0.25,16726.07,West,Pune,Cash on Delivery
ORD09027,2025-07-04,CUST1742,Beauty,Shampoo,3,96234,0.27,7156.3,South,Chennai,Debit Card
ORD09028,2025-05-21,CUST1346,Electronics,Laptop,5,210435,0.23,14752.94,East,Patna,Cash on Delivery
ORD09029,2025-05-25,CUST0386,Books,Comics,3,67020,0.2,7408.59,North,Lucknow,UPI
ORD09030,2025-08-06,CUST1805,Beauty,Shampoo,5,67090,0.3,6904.71,West,Pune,UPI
ORD09031,2025-09-22,CUST0783,Beauty,Perfume,5,238440,0.23,13805.44,West,Ahmedabad,Credit Card
ORD09032,2025-02-02,CUST0774,Electronics,Smart Watch,5,14030,0.01,1432.9,East,Kolkata,Cash on Delivery
ORD09033,2025-01-25,CUST1762,Electronics,Headphones,5,49345,0.05,3884.04,North,Jaipur,Cash on Delivery
ORD09034,2025-03-24,CUST0955,Beauty,Perfume,3,10329,0.29,753.73,North,Jaipur,Net Banking
ORD09035,2025-04-09,CUST1747,Books,Magazine,5,6090,0.0,542.84,West,Mumbai,Cash on Delivery
ORD09036,2025-10-04,CUST0494,Furniture,Bookshelf,4,103532,0.13,16478.8,North,Jaipur,UPI
ORD09037,2025-10-23,CUST0876,Clothing,T-Shirt,4,135796,0.11,14160.46,South,Hyderabad,Debit Card
ORD09038,2025-04-28,CUST0588,Books,Comics,1,13914,0.18,1306.73,West,Mumbai,UPI
ORD09039,2025-12-30,CUST1134,Furniture,Table,2,43516,0.28,7812.47,North,Jaipur,UPI
ORD09040,2025-12-12,CUST0306,Books,Novel,5,133825,0.18,15957.45,West,Ahmedabad,Net Banking
ORD09041,2025-12-12,CUST0411,Books,Magazine,1,24352,0.03,1543.77,South,Bangalore,Debit Card
ORD09042,2025-01-27,CUST0054,Clothing,Dress,5,109815,0.04,15849.24,South,Hyderabad,Net Banking
ORD09043,2025-11-22,CUST0828,Beauty,Face Cream,1,49687,0.01,7688.87,North,Lucknow,Credit Card
ORD09044,2025-06-12,CUST0104,Clothing,T-Shirt,3,123303,0.07,16113.93,West,Pune,UPI
ORD09045,2025-12-15,CUST0972,Electronics,Smart Watch,4,26944,0.21,2490.93,North,Delhi,Credit Card
ORD09046,2025-03-22,CUST0489,Electronics,Laptop,3,25620,0.29,2941.26,South,Bangalore,Debit Card
ORD09047,2025-06-16,CUST1435,Books,Comics,3,92262,0.03,16186.19,South,Chennai,UPI
ORD09048,2025-10-24,CUST0727,Furniture,Sofa,2,68240,0.26,5393.69,East,Patna,Net Banking
ORD09049,2025-01-16,CUST0259,Books,Magazine,5,136685,0.19,19013.42,North,Delhi,UPI
ORD09050,2025-10-17,CUST0628,Clothing,Shoes,1,47991,0.28,5481.01,West,Mumbai,Net Banking
ORD09051,2025-01-05,CUST0575,Beauty,Face Wash,4,179248,0.03,28897.08,South,Hyderabad,Credit Card
ORD09052,2025-08-06,CUST1684,Furniture,Sofa,3,76641,0.03,11582.37,South,Bangalore,Debit Card
ORD09053,2025-10-30,CUST0066,Furniture,Chair,4,54908,0.01,3262.54,South,Hyderabad,Cash on Delivery
ORD09054,2025-05-24,CUST1850,Clothing,T-Shirt,1,17495,0.03,3038.2,South,Hyderabad,UPI
ORD09055,2025-01-11,CUST0102,Beauty,Face Cream,3,93192,0.24,10580.66,South,Chennai,Net Banking
ORD09056,2025-06-10,CUST1151,Electronics,Mobile Phone,1,40923,0.22,6469.74,East,Bhubaneswar,Debit Card
ORD09057,2025-10-22,CUST0598,Clothing,T-Shirt,3,78411,0.07,15368.81,West,Pune,Debit Card
ORD09058,2025-02-08,CUST1468,Clothing,Jeans,1,40319,0.0,9613.71,West,Mumbai,Cash on Delivery
ORD09059,2025-08-11,CUST0462,Furniture,Table,3,51333,0.04,8840.43,South,Hyderabad,Credit Card
ORD09060,2025-07-19,CUST1681,Beauty,Face Cream,4,55724,0.08,12529.61,South,Bangalore,Credit Card
ORD09061,2025-12-07,CUST1681,Beauty,Face Cream,2,44602,0.24,6459.54,East,Patna,Credit Card
ORD09062,2025-01-24,CUST1899,Beauty,Perfume,1,32263,0.13,3721.1,East,Patna,Net Banking
ORD09063,2025-05-17,CUST0582,Beauty,Face Wash,5,56885,0.19,8071.96,East,Bhubaneswar,Net Banking
ORD09064,2025-05-04,CUST0375,Furniture,Sofa,3,34212,0.28,4933.62,West,Pune,Cash on Delivery
ORD09065,2025-06-11,CUST1276,Clothing,Dress,1,922,0.26,123.86,West,Pune,Debit Card
ORD09066,2025-08-23,CUST1338,Books,Comics,4,158500,0.29,25399.27,West,Mumbai,UPI
ORD09067,2025-01-01,CUST1065,Clothing,T-Shirt,5,115575,0.15,5984.37,West,Mumbai,Credit Card
ORD09068,2025-11-19,CUST0402,Electronics,Mobile Phone,1,9000,0.16,1162.06,East,Bhubaneswar,Cash on Delivery
ORD09069,2025-09-25,CUST0017,Books,Textbook,4,11912,0.22,1108.41,West,Ahmedabad,Debit Card
ORD09070,2025-06-20,CUST1680,Clothing,Jeans,5,143455,0.28,13790.56,North,Lucknow,UPI
ORD09071,2025-01-25,CUST1934,Furniture,Table,2,93974,0.02,13762.58,West,Pune,Cash on Delivery
ORD09072,2025-09-30,CUST0094,Books,Novel,2,92282,0.14,7534.32,South,Hyderabad,Net Banking
ORD09073,2025-11-16,CUST0425,Books,Textbook,4,83080,0.13,16852.04,South,Bangalore,UPI
ORD09074,2025-10-09,CUST1753,Furniture,Table,3,106875,0.26,7384.8,North,Delhi,Debit Card
ORD09075,2025-09-20,CUST0892,Books,Magazine,3,60345,0.04,3722.41,North,Delhi,Net Banking
ORD09076,2025-04-27,CUST1189,Books,Novel,1,32722,0.14,4444.6,East,Bhubaneswar,Net Banking
ORD09077,2025-09-28,CUST1829,Furniture,Sofa,1,19464,0.18,3077.22,North,Lucknow,Credit Card
ORD09078,2025-10-20,CUST1863,Furniture,Sofa,3,31860,0.26,5286.5,South,Bangalore,UPI
ORD09079,2025-02-26,CUST0099,Furniture,Bookshelf,4,198380,0.13,41936.53,South,Chennai,Net Banking
ORD09080,2025-02-21,CUST0041,Books,Novel,3,87756,0.1,17777.07,South,Chennai,UPI
ORD09081,2025-04-15,CUST1175,Clothing,T-Shirt,5,130250,0.3,5961.76,West,Ahmedabad,Credit Card
ORD09082,2025-04-19,CUST0302,Clothing,T-Shirt,1,17483,0.29,2187.93,West,Pune,Net Banking
ORD09083,2025-04-30,CUST1118,Furniture,Chair,3,3315,0.13,334.98,South,Hyderabad,Debit Card
ORD09084,2025-02-24,CUST1236,Furniture,Chair,5,202895,0.27,29926.58,East,Bhubaneswar,Cash on Delivery
ORD09085,2025-09-23,CUST0760,Clothing,Dress,5,180640,0.25,31441.22,West,Mumbai,Credit Card
ORD09086,2025-12-22,CUST0676,Clothing,Jeans,5,116460,0.04,7788.99,South,Chennai,Debit Card
ORD09087,2025-09-07,CUST0540,Books,Magazine,5,148205,0.09,29209.21,West,Mumbai,UPI
ORD09088,2025-12-13,CUST1294,Books,Novel,3,44055,0.1,8080.61,West,Mumbai,Credit Card
ORD09089,2025-06-20,CUST0032,Electronics,Laptop,2,84810,0.26,4511.57,South,Chennai,Net Banking
ORD09090,2025-04-22,CUST0736,Clothing,Dress,1,42152,0.03,2685.83,West,Ahmedabad,Debit Card
ORD09091,2025-08-22,CUST0587,Furniture,Bookshelf,3,69753,0.24,10794.84,East,Kolkata,Cash on Delivery
ORD09092,2025-07-17,CUST0982,Clothing,Dress,4,140644,0.19,12972.92,East,Patna,UPI
ORD09093,2025-04-13,CUST0169,Beauty,Face Cream,4,122396,0.17,14163.54,East,Bhubaneswar,UPI
ORD09094,2025-05-31,CUST1701,Books,Magazine,3,50505,0.02,8905.65,East,Bhubaneswar,Debit Card
ORD09095,2025-02-08,CUST0520,Clothing,Shoes,3,133497,0.15,7901.14,North,Jaipur,Credit Card
ORD09096,2025-03-28,CUST1853,Books,Magazine,1,37688,0.2,4681.53,South,Bangalore,Cash on Delivery
ORD09097,2025-01-31,CUST1599,Books,Comics,3,10392,0.08,1115.81,North,Jaipur,Net Banking
ORD09098,2025-02-19,CUST1380,Beauty,Face Wash,1,32952,0.09,3445.21,North,Jaipur,UPI
ORD09099,2025-02-07,CUST1221,Furniture,Table,5,124250,0.14,21659.76,South,Chennai,Cash on Delivery
ORD09100,2025-10-08,CUST1173,Furniture,Sofa,3,89400,0.16,16852.96,West,Pune,Debit Card
ORD09101,2025-01-12,CUST1054,Furniture,Chair,2,11932,0.22,1799.42,West,Pune,Net Banking
ORD09102,2025-06-02,CUST1500,Beauty,Face Wash,3,34380,0.01,6631.98,East,Patna,Net Banking
ORD09103,2025-09-19,CUST0887,Electronics,Smart Watch,5,6650,0.08,850.27,East,Kolkata,Cash on Delivery
ORD09104,2025-11-24,CUST0369,Clothing,T-Shirt,4,48008,0.11,4063.46,East,Patna,Debit Card
ORD09105,2025-11-07,CUST1366,Electronics,Headphones,3,133371,0.01,18823.91,North,Delhi,Cash on Delivery
ORD09106,2025-05-18,CUST0242,Electronics,Smart Watch,1,8904,0.1,1590.11,West,Pune,Net Banking
ORD09107,2025-09-03,CUST1418,Books,Textbook,1,45037,0.21,3702.44,North,Lucknow,Cash on Delivery
ORD09108,2025-11-27,CUST0726,Clothing,Shoes,1,30025,0.17,5924.86,West,Pune,Credit Card
ORD09109,2025-07-14,CUST0674,Furniture,Chair,4,4804,0.29,362.04,West,Pune,Cash on Delivery
ORD09110,2025-07-04,CUST1643,Electronics,Mobile Phone,4,121996,0.19,18326.92,South,Hyderabad,Cash on Delivery
ORD09111,2025-10-03,CUST1631,Books,Magazine,2,1274,0.12,239.44,South,Hyderabad,Net Banking
ORD09112,2025-04-17,CUST1673,Books,Novel,5,64635,0.15,9108.21,South,Chennai,Debit Card
ORD09113,2025-09-12,CUST0031,Furniture,Chair,5,161245,0.27,27245.02,South,Bangalore,Credit Card
ORD09114,2025-06-09,CUST0211,Clothing,T-Shirt,3,51801,0.24,8648.86,South,Hyderabad,Cash on Delivery
ORD09115,2025-01-16,CUST0977,Electronics,Mobile Phone,3,67947,0.17,8528.63,West,Ahmedabad,Debit Card
ORD09116,2025-03-08,CUST0300,Electronics,Smart Watch,3,136599,0.11,22986.1,North,Lucknow,Net Banking
ORD09117,2025-08-06,CUST0200,Books,Magazine,3,96666,0.12,6878.12,East,Kolkata,UPI
ORD09118,2025-09-22,CUST1211,Beauty,Shampoo,4,13428,0.27,870.79,South,Hyderabad,Credit Card
ORD09119,2025-05-23,CUST0149,Electronics,Mobile Phone,2,93828,0.24,16822.75,West,Ahmedabad,Cash on Delivery
ORD09120,2025-01-07,CUST0669,Furniture,Bookshelf,5,219680,0.21,27873.43,West,Mumbai,Cash on Delivery
ORD09121,2025-04-06,CUST0875,Electronics,Laptop,1,30676,0.21,2810.85,West,Mumbai,Net Banking
ORD09122,2025-06-06,CUST1750,Clothing,Jeans,2,96868,0.23,4705.7,South,Hyderabad,Cash on Delivery
ORD09123,2025-10-30,CUST0041,Beauty,Perfume,2,58422,0.17,7635.13,West,Pune,UPI
ORD09124,2025-11-08,CUST0774,Books,Textbook,3,111885,0.11,12319.33,South,Hyderabad,Net Banking
ORD09125,2025-07-04,CUST0561,Books,Novel,2,88560,0.02,9287.96,South,Chennai,Credit Card
ORD09126,2025-04-24,CUST1724,Clothing,T-Shirt,3,43524,0.13,4253.99,South,Chennai,Net Banking
ORD09127,2025-04-04,CUST0919,Electronics,Headphones,5,196685,0.1,32517.87,North,Jaipur,Cash on Delivery
ORD09128,2025-01-29,CUST0587,Books,Comics,3,138984,0.12,16358.34,East,Kolkata,Cash on Delivery
ORD09129,2025-07-13,CUST0802,Clothing,Jeans,2,55120,0.12,2801.59,South,Chennai,Credit Card
ORD09130,2025-08-21,CUST0590,Electronics,Headphones,4,27700,0.25,2875.0,South,Hyderabad,Cash on Delivery
ORD09131,2025-05-16,CUST0560,Beauty,Face Cream,3,82200,0.21,4047.77,North,Delhi,Cash on Delivery
ORD09132,2025-09-01,CUST1275,Books,Magazine,1,3777,0.08,766.21,East,Bhubaneswar,Cash on Delivery
ORD09133,2025-07-28,CUST0248,Clothing,Shoes,4,140436,0.28,17519.38,South,Bangalore,Cash on Delivery
ORD09134,2025-10-16,CUST1840,Books,Comics,5,219380,0.22,35785.99,West,Ahmedabad,Credit Card
ORD09135,2025-10-06,CUST0316,Books,Novel,4,30112,0.15,3311.27,North,Lucknow,UPI
ORD09136,2025-08-06,CUST0468,Furniture,Bookshelf,5,126560,0.17,8546.63,East,Patna,Debit Card
ORD09137,2025-05-05,CUST0164,Beauty,Shampoo,1,47799,0.02,4532.66,East,Patna,Cash on Delivery
ORD09138,2025-09-01,CUST1975,Beauty,Perfume,1,6802,0.28,470.46,South,Bangalore,Net Banking
ORD09139,2025-01-05,CUST1769,Furniture,Sofa,5,160275,0.02,16011.61,West,Mumbai,Cash on Delivery
ORD09140,2025-06-18,CUST0753,Furniture,Sofa,5,107115,0.25,11620.06,East,Bhubaneswar,Debit Card
ORD09141,2025-07-03,CUST0938,Clothing,Shoes,4,68732,0.21,6275.06,West,Pune,UPI
ORD09142,2025-02-09,CUST0947,Books,Novel,5,186260,0.23,17117.01,North,Jaipur,Debit Card
ORD09143,2025-04-16,CUST1378,Clothing,T-Shirt,1,1319,0.18,140.5,North,Jaipur,Net Banking
ORD09144,2025-09-10,CUST1715,Furniture,Table,2,86574,0.05,5537.32,East,Kolkata,Net Banking
ORD09145,2025-09-08,CUST1714,Furniture,Sofa,4,109884,0.26,5605.65,East,Kolkata,Debit Card
ORD09146,2025-12-03,CUST1188,Books,Magazine,2,54632,0.22,3841.67,South,Chennai,Cash on Delivery
ORD09147,2025-04-29,CUST0300,Clothing,T-Shirt,3,11859,0.06,2712.5,West,Pune,Cash on Delivery
ORD09148,2025-05-11,CUST0674,Clothing,Shoes,3,143115,0.22,7704.58,East,Kolkata,Debit Card
ORD09149,2025-03-17,CUST0081,Beauty,Shampoo,5,243220,0.12,25937.51,West,Ahmedabad,Net Banking
ORD09150,2025-02-07,CUST0914,Beauty,Face Cream,4,115644,0.17,9970.8,North,Jaipur,UPI
ORD09151,2025-06-26,CUST0923,Electronics,Laptop,5,187895,0.27,19524.76,North,Lucknow,Net Banking
ORD09152,2025-05-03,CUST1550,Beauty,Face Cream,1,35180,0.03,6076.91,North,Lucknow,Cash on Delivery
ORD09153,2025-12-10,CUST1450,Electronics,Smart Watch,4,34812,0.27,3418.05,North,Lucknow,Cash on Delivery
ORD09154,2025-09-12,CUST0717,Electronics,Headphones,5,220510,0.18,30284.33,East,Kolkata,Cash on Delivery
ORD09155,2025-08-03,CUST0360,Electronics,Mobile Phone,3,20490,0.11,2740.82,North,Lucknow,UPI
ORD09156,2025-09-29,CUST0193,Furniture,Chair,5,32025,0.24,5117.72,West,Ahmedabad,Debit Card
ORD09157,2025-07-03,CUST1347,Electronics,Laptop,3,29424,0.22,2809.06,South,Bangalore,Cash on Delivery
ORD09158,2025-09-29,CUST1407,Books,Novel,2,26990,0.17,2306.65,West,Ahmedabad,UPI
ORD09159,2025-02-04,CUST0953,Furniture,Bookshelf,1,21144,0.25,3579.15,South,Bangalore,Net Banking
ORD09160,2025-05-27,CUST0401,Books,Textbook,2,78232,0.26,7553.06,West,Pune,UPI
ORD09161,2025-11-25,CUST1925,Furniture,Chair,2,48722,0.26,5475.28,North,Lucknow,Credit Card
ORD09162,2025-02-12,CUST1767,Books,Comics,4,197692,0.26,12223.92,East,Kolkata,Cash on Delivery
ORD09163,2025-01-03,CUST1712,Beauty,Face Cream,4,106568,0.23,8621.91,West,Ahmedabad,UPI
ORD09164,2025-02-01,CUST1354,Electronics,Smart Watch,3,54888,0.28,9403.01,South,Hyderabad,Cash on Delivery
ORD09165,2025-09-30,CUST1256,Clothing,T-Shirt,2,92006,0.15,4223.93,North,Lucknow,UPI
ORD09166,2025-02-03,CUST1250,Furniture,Chair,5,191340,0.21,17228.74,West,Pune,Cash on Delivery
ORD09167,2025-12-24,CUST1708,Furniture,Chair,3,58191,0.28,5298.61,East,Bhubaneswar,Net Banking
ORD09168,2025-10-20,CUST1803,Beauty,Perfume,5,156500,0.29,24766.16,West,Ahmedabad,UPI
ORD09169,2025-01-08,CUST0039,Clothing,Jeans,5,100385,0.17,13802.05,South,Hyderabad,UPI
ORD09170,2025-09-17,CUST1171,Electronics,Headphones,2,89704,0.11,5317.28,West,Ahmedabad,Credit Card
ORD09171,2025-07-12,CUST0863,Clothing,T-Shirt,3,117753,0.1,8866.52,South,Bangalore,Credit Card
ORD09172,2025-08-22,CUST1424,Beauty,Face Wash,4,21332,0.3,3588.92,South,Bangalore,Net Banking
ORD09173,2025-07-20,CUST0275,Books,Comics,1,13277,0.25,1448.29,West,Ahmedabad,UPI
ORD09174,2025-12-22,CUST1986,Beauty,Face Cream,1,18153,0.09,3887.55,South,Hyderabad,Net Banking
ORD09175,2025-07-13,CUST0101,Furniture,Bookshelf,2,19442,0.1,2519.03,West,Ahmedabad,Debit Card
ORD09176,2025-10-27,CUST1520,Furniture,Sofa,2,86106,0.04,4806.26,South,Bangalore,UPI
ORD09177,2025-10-11,CUST1680,Books,Novel,2,49130,0.04,11650.9,South,Bangalore,Debit Card
ORD09178,2025-09-12,CUST1287,Beauty,Shampoo,3,115746,0.29,12047.92,South,Bangalore,Credit Card
ORD09179,2025-12-19,CUST0274,Beauty,Face Wash,3,146460,0.25,26265.41,West,Pune,Net Banking
ORD09180,2025-05-21,CUST0858,Furniture,Chair,3,49473,0.2,4368.57,North,Jaipur,Debit Card
ORD09181,2025-06-30,CUST1857,Furniture,Chair,2,81266,0.09,4318.12,South,Chennai,Credit Card
ORD09182,2025-11-23,CUST0871,Clothing,T-Shirt,2,65296,0.16,4773.82,East,Bhubaneswar,Credit Card
ORD09183,2025-06-20,CUST1780,Furniture,Table,2,71564,0.23,9659.95,East,Patna,Credit Card
ORD09184,2025-07-24,CUST0050,Electronics,Headphones,5,111915,0.14,12379.08,East,Bhubaneswar,Credit Card
ORD09185,2025-06-12,CUST1503,Furniture,Table,1,19417,0.06,3683.32,North,Delhi,Debit Card
ORD09186,2025-08-13,CUST1145,Books,Novel,2,14782,0.15,2022.22,South,Bangalore,Debit Card
ORD09187,2025-03-12,CUST1141,Furniture,Sofa,1,24492,0.12,4260.26,East,Patna,Cash on Delivery
ORD09188,2025-07-07,CUST0684,Electronics,Mobile Phone,3,38331,0.17,3980.81,East,Patna,Debit Card
ORD09189,2025-11-23,CUST1295,Clothing,Jeans,2,41552,0.15,3070.36,South,Hyderabad,UPI
ORD09190,2025-07-11,CUST1037,Books,Novel,4,98132,0.2,15917.78,West,Mumbai,Net Banking
ORD09191,2025-08-17,CUST0601,Clothing,Dress,5,129010,0.05,11748.58,South,Bangalore,UPI
ORD09192,2025-02-25,CUST0821,Electronics,Laptop,2,75282,0.1,15979.29,South,Chennai,Cash on Delivery
ORD09193,2025-11-19,CUST1329,Clothing,Shoes,5,165010,0.13,34755.24,East,Patna,Credit Card
ORD09194,2025-11-08,CUST0480,Electronics,Smart Watch,3,61590,0.04,9239.16,North,Jaipur,Debit Card
ORD09195,2025-12-02,CUST1595,Beauty,Face Wash,4,75252,0.0,13413.21,East,Kolkata,Net Banking
ORD09196,2025-06-22,CUST0207,Electronics,Mobile Phone,1,39858,0.24,2509.54,South,Hyderabad,Debit Card
ORD09197,2025-02-25,CUST1425,Books,Textbook,2,8038,0.08,1368.98,East,Kolkata,Debit Card
ORD09198,2025-10-27,CUST1852,Clothing,Dress,4,56776,0.14,2804.57,West,Ahmedabad,Net Banking
ORD09199,2025-10-03,CUST1100,Beauty,Face Wash,3,116832,0.28,10743.38,North,Delhi,UPI
ORD09200,2025-05-17,CUST1787,Books,Novel,2,77046,0.02,10566.67,North,Delhi,Credit Card
ORD09201,2025-05-10,CUST1342,Beauty,Face Wash,1,30125,0.21,2179.22,North,Delhi,Cash on Delivery
ORD09202,2025-02-21,CUST1014,Beauty,Shampoo,1,37728,0.01,3620.64,South,Hyderabad,UPI
ORD09203,2025-02-08,CUST0461,Books,Magazine,1,15640,0.12,1262.55,North,Lucknow,Debit Card
ORD09204,2025-12-14,CUST1010,Beauty,Face Cream,1,14979,0.21,2360.27,North,Lucknow,UPI
ORD09205,2025-05-21,CUST1091,Beauty,Shampoo,1,25400,0.28,2637.58,East,Bhubaneswar,Net Banking
ORD09206,2025-12-25,CUST0961,Books,Novel,2,25072,0.01,1747.26,East,Patna,Credit Card
ORD09207,2025-09-20,CUST1673,Furniture,Table,1,29101,0.05,1852.24,South,Chennai,Net Banking
ORD09208,2025-05-04,CUST1524,Books,Novel,3,8616,0.08,1939.84,West,Ahmedabad,Cash on Delivery
ORD09209,2025-08-04,CUST0019,Furniture,Sofa,1,14057,0.03,996.65,South,Hyderabad,Net Banking
ORD09210,2025-01-29,CUST1725,Electronics,Laptop,4,115644,0.1,20299.15,West,Pune,Net Banking
ORD09211,2025-02-14,CUST1397,Furniture,Bookshelf,3,67575,0.1,9336.33,South,Bangalore,UPI
ORD09212,2025-07-04,CUST0194,Books,Novel,5,168690,0.11,16981.4,East,Kolkata,Credit Card
ORD09213,2025-02-11,CUST0579,Beauty,Perfume,3,51255,0.24,6033.95,South,Bangalore,Credit Card
ORD09214,2025-03-21,CUST0994,Electronics,Smart Watch,3,70122,0.18,9691.66,South,Hyderabad,Debit Card
ORD09215,2025-06-12,CUST0726,Beauty,Perfume,1,27324,0.24,3014.07,South,Hyderabad,Debit Card
ORD09216,2025-08-20,CUST0795,Beauty,Perfume,5,157615,0.17,22626.1,North,Jaipur,Credit Card
ORD09217,2025-02-18,CUST1044,Books,Novel,4,74136,0.01,11234.53,South,Hyderabad,Debit Card
ORD09218,2025-10-27,CUST0877,Books,Textbook,3,67215,0.18,11647.53,North,Jaipur,Credit Card
ORD09219,2025-11-28,CUST0365,Electronics,Mobile Phone,5,157460,0.18,20119.25,North,Lucknow,Credit Card
ORD09220,2025-02-01,CUST0682,Furniture,Sofa,1,37807,0.11,4296.16,West,Ahmedabad,UPI
ORD09221,2025-04-05,CUST0757,Furniture,Table,4,153568,0.19,8807.19,North,Jaipur,UPI
ORD09222,2025-07-04,CUST1106,Furniture,Bookshelf,5,16080,0.27,858.51,East,Kolkata,Net Banking
ORD09223,2025-02-25,CUST1977,Furniture,Sofa,5,33825,0.22,2674.48,South,Hyderabad,UPI
ORD09224,2025-10-14,CUST0614,Books,Magazine,2,89944,0.12,6476.13,South,Hyderabad,UPI
ORD09225,2025-07-16,CUST0069,Furniture,Sofa,4,55800,0.29,8537.81,South,Chennai,Net Banking
ORD09226,2025-12-15,CUST1412,Electronics,Smart Watch,2,71258,0.17,7716.8,West,Mumbai,Debit Card
ORD09227,2025-12-22,CUST1345,Beauty,Perfume,5,141490,0.22,6832.82,East,Bhubaneswar,Cash on Delivery
ORD09228,2025-10-09,CUST1355,Clothing,Shoes,1,1289,0.0,288.02,East,Patna,Net Banking
ORD09229,2025-11-30,CUST1857,Electronics,Mobile Phone,3,13791,0.28,1185.8,East,Patna,UPI
ORD09230,2025-04-26,CUST0099,Electronics,Mobile Phone,5,68535,0.03,9491.57,South,Hyderabad,Net Banking
ORD09231,2025-06-29,CUST1464,Beauty,Face Cream,4,183544,0.02,38465.33,West,Pune,UPI
ORD09232,2025-07-06,CUST0863,Books,Textbook,1,16089,0.01,3539.96,South,Hyderabad,Net Banking
ORD09233,2025-09-09,CUST0448,Furniture,Table,1,20977,0.1,1343.64,West,Pune,Cash on Delivery
ORD09234,2025-10-26,CUST0364,Furniture,Sofa,3,57300,0.27,4532.39,East,Patna,UPI
ORD09235,2025-04-22,CUST0405,Clothing,T-Shirt,5,52330,0.02,5439.04,South,Bangalore,Net Banking
ORD09236,2025-04-29,CUST1344,Clothing,Jeans,5,208750,0.14,16602.38,North,Delhi,Net Banking
ORD09237,2025-06-06,CUST0740,Furniture,Sofa,2,58710,0.25,6263.67,North,Jaipur,Net Banking
ORD09238,2025-04-10,CUST0432,Beauty,Face Wash,2,73892,0.1,16187.89,West,Ahmedabad,UPI
ORD09239,2025-06-21,CUST0385,Electronics,Mobile Phone,5,196665,0.12,10992.42,East,Bhubaneswar,Cash on Delivery
ORD09240,2025-10-17,CUST1788,Electronics,Mobile Phone,2,32136,0.17,4449.68,East,Patna,Net Banking
ORD09241,2025-02-19,CUST0750,Electronics,Laptop,1,20110,0.23,3028.23,West,Pune,Net Banking
ORD09242,2025-11-05,CUST0512,Books,Magazine,4,35440,0.27,1638.96,North,Jaipur,Credit Card
ORD09243,2025-01-04,CUST1927,Beauty,Face Cream,1,47863,0.22,4930.63,North,Delhi,Cash on Delivery
ORD09244,2025-09-08,CUST1381,Furniture,Sofa,5,29175,0.2,2316.08,West,Pune,Cash on Delivery
ORD09245,2025-03-03,CUST1032,Clothing,T-Shirt,4,156424,0.05,35882.27,North,Lucknow,Credit Card
ORD09246,2025-06-26,CUST0171,Electronics,Mobile Phone,5,155215,0.09,29915.03,North,Lucknow,Net Banking
ORD09247,2025-12-30,CUST0285,Beauty,Perfume,3,106773,0.09,13706.86,South,Hyderabad,Cash on Delivery
ORD09248,2025-01-22,CUST1318,Beauty,Face Wash,3,69327,0.28,8091.35,North,Delhi,Debit Card
ORD09249,2025-12-07,CUST0639,Clothing,Jeans,3,98946,0.1,21583.31,South,Bangalore,Net Banking
ORD09250,2025-01-21,CUST0329,Books,Magazine,4,13320,0.09,1039.66,West,Ahmedabad,Debit Card
ORD09251,2025-12-29,CUST1845,Furniture,Table,2,94692,0.28,13955.65,North,Delhi,Credit Card
ORD09252,2025-09-16,CUST0666,Furniture,Sofa,1,33795,0.14,4583.39,South,Bangalore,Net Banking
ORD09253,2025-08-09,CUST1200,Clothing,Shoes,1,17167,0.28,811.38,West,Pune,Cash on Delivery
ORD09254,2025-02-06,CUST1301,Books,Novel,5,184850,0.17,10754.09,North,Jaipur,UPI
ORD09255,2025-02-07,CUST0994,Books,Textbook,2,56578,0.08,5879.83,South,Bangalore,Net Banking
ORD09256,2025-03-17,CUST1882,Furniture,Chair,1,41860,0.14,5967.5,North,Lucknow,UPI
ORD09257,2025-11-06,CUST0210,Furniture,Bookshelf,5,165620,0.25,30219.89,South,Chennai,Cash on Delivery
ORD09258,2025-03-27,CUST1443,Beauty,Perfume,1,3904,0.13,190.77,West,Pune,Credit Card
ORD09259,2025-09-06,CUST0211,Furniture,Table,5,53870,0.15,8274.76,West,Mumbai,Credit Card
ORD09260,2025-07-21,CUST1125,Electronics,Headphones,3,74568,0.02,8113.01,West,Ahmedabad,UPI
ORD09261,2025-12-21,CUST1186,Furniture,Bookshelf,5,97760,0.04,6724.93,East,Kolkata,Credit Card
ORD09262,2025-09-05,CUST0674,Electronics,Mobile Phone,4,159976,0.13,9282.02,West,Pune,Net Banking
ORD09263,2025-11-09,CUST1714,Clothing,T-Shirt,1,42185,0.14,5706.35,North,Jaipur,Debit Card
ORD09264,2025-09-19,CUST0995,Furniture,Table,4,11544,0.07,971.63,East,Kolkata,Credit Card
ORD09265,2025-02-28,CUST0473,Clothing,T-Shirt,5,85240,0.06,15382.34,North,Jaipur,UPI
ORD09266,2025-10-26,CUST1853,Clothing,Dress,2,18120,0.29,1344.3,West,Pune,Net Banking
ORD09267,2025-05-19,CUST0040,Clothing,Dress,1,19521,0.07,2808.45,South,Bangalore,UPI
ORD09268,2025-11-10,CUST0368,Electronics,Headphones,3,54324,0.16,2784.68,North,Jaipur,Cash on Delivery
ORD09269,2025-12-31,CUST0321,Beauty,Face Cream,5,130525,0.05,19910.42,West,Ahmedabad,Debit Card
ORD09270,2025-10-26,CUST1812,Electronics,Headphones,1,20535,0.11,4431.29,South,Bangalore,Net Banking
ORD09271,2025-04-07,CUST1758,Books,Novel,1,4462,0.08,230.62,East,Kolkata,Net Banking
ORD09272,2025-06-23,CUST1642,Books,Magazine,3,114606,0.1,15721.77,East,Bhubaneswar,Cash on Delivery
ORD09273,2025-07-27,CUST1774,Electronics,Headphones,3,55017,0.19,2451.04,North,Delhi,UPI
ORD09274,2025-10-30,CUST1802,Electronics,Headphones,3,111111,0.23,19638.08,South,Chennai,Cash on Delivery
ORD09275,2025-09-28,CUST1707,Furniture,Bookshelf,2,10552,0.0,1843.36,West,Mumbai,Credit Card
ORD09276,2025-04-18,CUST1288,Furniture,Bookshelf,5,146125,0.27,25783.02,West,Mumbai,Debit Card
ORD09277,2025-04-19,CUST0015,Electronics,Smart Watch,5,208830,0.07,23452.33,West,Mumbai,Cash on Delivery
ORD09278,2025-11-03,CUST0800,Electronics,Laptop,3,145815,0.21,9099.15,North,Delhi,Debit Card
ORD09279,2025-12-17,CUST0319,Beauty,Face Cream,2,39952,0.02,5474.22,West,Mumbai,UPI
ORD09280,2025-07-20,CUST1679,Furniture,Sofa,4,97488,0.13,8875.68,East,Patna,Cash on Delivery
ORD09281,2025-04-28,CUST1670,Clothing,Shoes,1,9385,0.21,440.99,North,Delhi,Credit Card
ORD09282,2025-10-01,CUST0753,Beauty,Face Wash,2,30640,0.27,4955.19,South,Bangalore,UPI
ORD09283,2025-12-02,CUST0537,Clothing,Shoes,2,32986,0.1,6251.36,East,Kolkata,Net Banking
ORD09284,2025-11-07,CUST0489,Books,Comics,4,123556,0.21,5561.28,North,Lucknow,Credit Card
ORD09285,2025-06-16,CUST0452,Furniture,Table,4,99060,0.21,19071.51,South,Hyderabad,Credit Card
ORD09286,2025-02-09,CUST0559,Beauty,Perfume,5,107600,0.13,14342.48,South,Hyderabad,Credit Card
ORD09287,2025-04-24,CUST1800,Clothing,Shoes,5,113555,0.11,8902.53,North,Jaipur,Net Banking
ORD09288,2025-12-31,CUST1552,Furniture,Chair,1,5453,0.06,965.0,West,Pune,Net Banking
ORD09289,2025-03-26,CUST1290,Books,Textbook,4,174752,0.2,7686.41,East,Bhubaneswar,Net Banking
ORD09290,2025-06-21,CUST1731,Beauty,Face Wash,1,7951,0.02,549.44,North,Delhi,UPI
ORD09291,2025-03-21,CUST0208,Furniture,Chair,5,77485,0.22,3549.98,East,Patna,UPI
ORD09292,2025-01-22,CUST1148,Beauty,Shampoo,4,131464,0.18,17313.98,North,Lucknow,Cash on Delivery
ORD09293,2025-08-16,CUST0343,Furniture,Table,3,93690,0.19,16636.05,West,Mumbai,Net Banking
ORD09294,2025-10-13,CUST0769,Clothing,T-Shirt,2,99848,0.01,9191.06,North,Lucknow,UPI
ORD09295,2025-12-25,CUST1643,Beauty,Shampoo,2,60070,0.23,8475.7,South,Chennai,UPI
ORD09296,2025-12-03,CUST0163,Beauty,Face Cream,1,4262,0.23,620.33,West,Pune,Net Banking
ORD09297,2025-12-14,CUST1118,Clothing,Jeans,3,19311,0.05,1668.22,East,Patna,Credit Card
ORD09298,2025-03-30,CUST0838,Electronics,Smart Watch,2,29138,0.28,2861.53,South,Hyderabad,Debit Card
ORD09299,2025-11-12,CUST0205,Clothing,Dress,1,32183,0.08,2482.44,North,Delhi,Debit Card
ORD09300,2025-09-01,CUST1827,Furniture,Bookshelf,2,30146,0.27,2035.4,South,Hyderabad,UPI
ORD09301,2025-11-01,CUST1396,Beauty,Perfume,5,8375,0.2,1355.12,South,Hyderabad,Net Banking
ORD09302,2025-10-15,CUST1295,Furniture,Bookshelf,2,41526,0.29,3315.98,North,Jaipur,Debit Card
ORD09303,2025-10-13,CUST1240,Beauty,Perfume,1,9901,0.13,1700.04,North,Delhi,Net Banking
ORD09304,2025-03-06,CUST1959,Beauty,Perfume,1,8401,0.13,1270.63,West,Ahmedabad,Debit Card
ORD09305,2025-08-30,CUST1865,Books,Comics,3,39309,0.19,7334.34,West,Pune,Cash on Delivery
ORD09306,2025-07-01,CUST1718,Clothing,T-Shirt,5,150785,0.04,29149.89,West,Mumbai,Cash on Delivery
ORD09307,2025-04-25,CUST0512,Clothing,T-Shirt,5,37600,0.26,2495.09,South,Hyderabad,Net Banking
ORD09308,2025-03-12,CUST0326,Beauty,Shampoo,2,64954,0.08,7817.65,West,Ahmedabad,Credit Card
ORD09309,2025-12-03,CUST0401,Clothing,Dress,4,172444,0.25,22473.07,East,Bhubaneswar,Net Banking
ORD09310,2025-07-21,CUST0404,Clothing,Shoes,1,39877,0.14,7678.65,West,Ahmedabad,Credit Card
ORD09311,2025-05-19,CUST1207,Electronics,Smart Watch,3,138483,0.19,11411.37,East,Kolkata,Cash on Delivery
ORD09312,2025-07-18,CUST1173,Beauty,Face Wash,1,48006,0.25,5380.51,East,Bhubaneswar,Debit Card
ORD09313,2025-11-01,CUST1622,Books,Textbook,5,84405,0.24,12552.44,West,Pune,Net Banking
ORD09314,2025-01-31,CUST1671,Books,Novel,3,11751,0.2,1869.83,North,Jaipur,Credit Card
ORD09315,2025-12-14,CUST1317,Clothing,Dress,2,57048,0.29,8269.89,West,Ahmedabad,UPI
ORD09316,2025-08-21,CUST0284,Books,Textbook,1,20097,0.23,2632.39,East,Bhubaneswar,Credit Card
ORD09317,2025-03-13,CUST0787,Books,Novel,3,123546,0.25,5481.14,West,Mumbai,Cash on Delivery
ORD09318,2025-09-12,CUST0799,Electronics,Mobile Phone,5,243155,0.24,11856.04,West,Pune,Cash on Delivery
ORD09319,2025-10-30,CUST0764,Clothing,T-Shirt,1,10717,0.08,1457.64,East,Patna,Cash on Delivery
ORD09320,2025-06-11,CUST0927,Electronics,Headphones,2,7068,0.12,729.41,North,Lucknow,Credit Card
ORD09321,2025-04-20,CUST0774,Electronics,Smart Watch,1,49645,0.19,2230.15,East,Patna,Credit Card
ORD09322,2025-07-05,CUST1321,Beauty,Face Cream,5,109180,0.22,14495.85,West,Mumbai,Credit Card
ORD09323,2025-10-28,CUST1718,Beauty,Face Cream,4,98944,0.08,21308.72,East,Bhubaneswar,UPI
ORD09324,2025-02-24,CUST1987,Electronics,Laptop,4,141412,0.27,19061.75,West,Mumbai,Cash on Delivery
ORD09325,2025-07-02,CUST0286,Beauty,Face Wash,5,196895,0.13,22133.76,South,Hyderabad,Debit Card
ORD09326,2025-03-27,CUST0726,Beauty,Face Wash,1,11939,0.19,1755.52,North,Jaipur,Net Banking
ORD09327,2025-09-21,CUST0971,Books,Magazine,2,86356,0.24,16146.71,North,Delhi,Debit Card
ORD09328,2025-09-23,CUST1956,Furniture,Chair,3,79221,0.14,4340.61,North,Delhi,Credit Card
ORD09329,2025-10-17,CUST0134,Books,Textbook,3,8829,0.08,1283.52,South,Chennai,Cash on Delivery
ORD09330,2025-10-07,CUST0951,Clothing,T-Shirt,4,191448,0.1,39111.86,North,Lucknow,Net Banking
ORD09331,2025-10-22,CUST0543,Beauty,Shampoo,3,94617,0.08,6661.52,East,Kolkata,Credit Card
ORD09332,2025-03-16,CUST1162,Clothing,T-Shirt,5,140480,0.13,21766.58,East,Patna,Credit Card
ORD09333,2025-05-03,CUST1822,Beauty,Face Cream,4,67320,0.22,9122.52,North,Lucknow,Cash on Delivery
ORD09334,2025-09-05,CUST0680,Electronics,Mobile Phone,5,108495,0.24,19598.6,South,Bangalore,Net Banking
ORD09335,2025-08-14,CUST0708,Furniture,Sofa,5,159000,0.08,24604.45,North,Lucknow,Cash on Delivery
ORD09336,2025-07-14,CUST0808,Books,Comics,5,125015,0.11,21961.38,West,Mumbai,Debit Card
ORD09337,2025-02-26,CUST1297,Electronics,Headphones,3,107547,0.09,13423.41,South,Bangalore,UPI
ORD09338,2025-09-19,CUST2000,Beauty,Perfume,2,32024,0.02,6476.0,North,Jaipur,Credit Card
ORD09339,2025-07-02,CUST0984,Books,Novel,2,6790,0.04,969.6,South,Hyderabad,Debit Card
ORD09340,2025-06-12,CUST1814,Clothing,Jeans,3,63765,0.09,5490.06,West,Mumbai,Credit Card
ORD09341,2025-07-05,CUST0198,Clothing,Jeans,1,32520,0.18,4190.56,North,Delhi,Debit Card
ORD09342,2025-05-29,CUST1520,Furniture,Sofa,5,215655,0.02,49826.09,East,Bhubaneswar,Net Banking
ORD09343,2025-03-01,CUST0548,Beauty,Perfume,1,7656,0.1,895.27,North,Lucknow,Credit Card
ORD09344,2025-03-23,CUST1483,Beauty,Perfume,1,20634,0.06,4797.61,North,Lucknow,UPI
ORD09345,2025-02-15,CUST1854,Furniture,Table,3,106824,0.1,6553.52,West,Mumbai,UPI
ORD09346,2025-09-02,CUST1850,Electronics,Mobile Phone,4,127500,0.01,27595.5,South,Chennai,Credit Card
ORD09347,2025-07-06,CUST0925,Books,Magazine,2,29178,0.24,2577.96,East,Kolkata,Credit Card
ORD09348,2025-10-01,CUST1409,Clothing,Dress,1,10323,0.22,1228.27,West,Mumbai,Debit Card
ORD09349,2025-05-15,CUST1022,Furniture,Chair,5,210490,0.07,29383.77,West,Ahmedabad,Credit Card
ORD09350,2025-05-04,CUST0421,Beauty,Perfume,2,61106,0.19,7878.8,North,Jaipur,Credit Card
ORD09351,2025-04-28,CUST1419,Books,Novel,4,179772,0.11,22333.9,West,Ahmedabad,Net Banking
ORD09352,2025-04-16,CUST1726,Books,Magazine,5,201530,0.19,11907.27,East,Bhubaneswar,Debit Card
ORD09353,2025-06-25,CUST1859,Furniture,Bookshelf,3,30510,0.04,4788.94,West,Ahmedabad,Credit Card
ORD09354,2025-06-23,CUST0816,Clothing,Shoes,1,3573,0.29,582.71,West,Mumbai,Net Banking
ORD09355,2025-08-16,CUST1587,Books,Comics,4,198396,0.29,24182.07,West,Ahmedabad,UPI
ORD09356,2025-05-19,CUST1921,Furniture,Bookshelf,2,18030,0.29,1824.37,West,Ahmedabad,UPI
ORD09357,2025-10-09,CUST0565,Furniture,Table,5,210115,0.06,20223.07,East,Kolkata,UPI
ORD09358,2025-05-14,CUST0989,Clothing,Shoes,5,205385,0.1,19680.25,South,Hyderabad,Net Banking
ORD09359,2025-09-28,CUST1933,Clothing,Shoes,2,98116,0.12,14107.66,North,Lucknow,UPI
ORD09360,2025-04-23,CUST1675,Clothing,T-Shirt,5,106400,0.17,13852.8,North,Lucknow,Credit Card
ORD09361,2025-01-10,CUST1682,Books,Comics,5,245745,0.12,41440.86,East,Bhubaneswar,Net Banking
ORD09362,2025-01-19,CUST0076,Furniture,Chair,2,8882,0.26,335.71,East,Bhubaneswar,Credit Card
ORD09363,2025-01-25,CUST0019,Books,Novel,3,23103,0.05,3960.86,North,Jaipur,Net Banking
ORD09364,2025-03-14,CUST1218,Electronics,Laptop,2,69998,0.01,12718.46,South,Chennai,Net Banking
ORD09365,2025-11-14,CUST0793,Furniture,Table,4,44332,0.29,4127.39,West,Pune,Debit Card
ORD09366,2025-07-24,CUST1777,Electronics,Mobile Phone,5,130155,0.07,8170.85,West,Mumbai,Credit Card
ORD09367,2025-11-20,CUST1013,Furniture,Table,3,94203,0.0,21622.54,East,Bhubaneswar,Net Banking
ORD09368,2025-09-25,CUST1267,Electronics,Headphones,4,31548,0.28,3822.71,East,Kolkata,Net Banking
ORD09369,2025-06-21,CUST1960,Beauty,Shampoo,4,188636,0.13,10883.33,North,Delhi,Net Banking
ORD09370,2025-04-29,CUST1519,Books,Magazine,3,64479,0.2,9386.2,South,Chennai,Credit Card
ORD09371,2025-04-03,CUST0304,Electronics,Headphones,3,34779,0.2,3193.66,South,Chennai,UPI
ORD09372,2025-11-01,CUST0161,Books,Novel,4,194888,0.09,29970.87,South,Hyderabad,Net Banking
ORD09373,2025-02-20,CUST1667,Electronics,Laptop,2,68178,0.08,3814.71,North,Delhi,Cash on Delivery
ORD09374,2025-12-25,CUST1287,Clothing,Jeans,3,78789,0.22,9055.77,East,Patna,Net Banking
ORD09375,2025-07-26,CUST1696,Furniture,Chair,5,16610,0.16,3028.77,West,Ahmedabad,Net Banking
ORD09376,2025-08-02,CUST1247,Electronics,Headphones,2,72134,0.05,4519.44,East,Kolkata,Net Banking
ORD09377,2025-09-05,CUST1689,Books,Novel,1,39545,0.16,8061.14,East,Patna,UPI
ORD09378,2025-08-19,CUST0611,Electronics,Laptop,1,38148,0.22,4152.53,East,Patna,Debit Card
ORD09379,2025-08-27,CUST1383,Clothing,Dress,5,49145,0.03,10973.17,West,Ahmedabad,Credit Card
ORD09380,2025-06-08,CUST1314,Books,Novel,3,3396,0.11,538.65,East,Bhubaneswar,Credit Card
ORD09381,2025-06-25,CUST1190,Electronics,Smart Watch,4,81856,0.28,4767.24,East,Bhubaneswar,Debit Card
ORD09382,2025-03-11,CUST1423,Clothing,Dress,5,63595,0.29,4842.2,South,Hyderabad,UPI
ORD09383,2025-04-30,CUST0361,Books,Novel,3,106110,0.29,16279.44,East,Kolkata,Net Banking
ORD09384,2025-03-21,CUST0564,Books,Novel,4,147420,0.01,21721.07,South,Hyderabad,Debit Card
ORD09385,2025-12-27,CUST1933,Electronics,Headphones,2,25028,0.3,2694.54,West,Mumbai,Debit Card
ORD09386,2025-09-07,CUST0767,Furniture,Chair,1,29126,0.18,4004.03,North,Jaipur,Net Banking
ORD09387,2025-07-10,CUST1158,Furniture,Chair,2,36738,0.24,2263.84,East,Bhubaneswar,Net Banking
ORD09388,2025-05-12,CUST0894,Beauty,Perfume,1,49975,0.21,6498.84,East,Kolkata,Net Banking
ORD09389,2025-08-20,CUST0020,Electronics,Laptop,3,132288,0.04,12310.41,West,Pune,UPI
ORD09390,2025-02-26,CUST0904,Furniture,Sofa,1,48635,0.01,5757.19,East,Bhubaneswar,Cash on Delivery
ORD09391,2025-11-26,CUST1401,Furniture,Bookshelf,2,32140,0.25,5211.8,West,Mumbai,Net Banking
ORD09392,2025-02-12,CUST1794,Beauty,Perfume,4,162584,0.02,26597.43,West,Mumbai,Net Banking
ORD09393,2025-08-11,CUST0436,Beauty,Face Cream,4,43560,0.11,5339.64,South,Chennai,UPI
ORD09394,2025-07-20,CUST1533,Beauty,Shampoo,2,88732,0.26,4911.47,North,Lucknow,Net Banking
ORD09395,2025-02-20,CUST0869,Books,Magazine,2,87788,0.22,5259.91,North,Delhi,Debit Card
ORD09396,2025-01-19,CUST0660,Books,Textbook,5,27995,0.25,4569.87,West,Pune,Net Banking
ORD09397,2025-01-21,CUST0231,Electronics,Smart Watch,1,47884,0.09,9783.73,North,Jaipur,UPI
ORD09398,2025-02-10,CUST1563,Books,Textbook,3,59838,0.02,3960.65,West,Mumbai,Credit Card
ORD09399,2025-02-19,CUST1610,Books,Magazine,2,11112,0.24,1046.53,South,Chennai,Net Banking
ORD09400,2025-01-05,CUST0911,Beauty,Shampoo,4,155040,0.29,24560.55,East,Patna,Cash on Delivery
ORD09401,2025-10-03,CUST0293,Furniture,Chair,2,14806,0.09,1378.52,South,Bangalore,Credit Card
ORD09402,2025-10-07,CUST0609,Furniture,Table,3,22176,0.29,1967.32,South,Hyderabad,UPI
ORD09403,2025-07-22,CUST0054,Electronics,Smart Watch,5,160120,0.09,36205.4,East,Kolkata,Cash on Delivery
ORD09404,2025-12-28,CUST1580,Beauty,Face Wash,2,17150,0.26,1200.47,East,Patna,UPI
ORD09405,2025-02-12,CUST1245,Books,Magazine,4,79188,0.02,14229.68,South,Bangalore,Debit Card
ORD09406,2025-12-29,CUST0018,Clothing,Jeans,2,5860,0.09,480.71,East,Kolkata,UPI
ORD09407,2025-10-05,CUST0286,Beauty,Face Cream,3,7386,0.27,1245.68,South,Chennai,Cash on Delivery
ORD09408,2025-11-21,CUST0581,Beauty,Face Cream,3,92568,0.21,16144.65,East,Patna,Cash on Delivery
ORD09409,2025-06-23,CUST1483,Furniture,Chair,3,123210,0.18,15490.68,West,Pune,UPI
ORD09410,2025-08-08,CUST0340,Books,Novel,2,62174,0.25,6113.61,West,Pune,Debit Card
ORD09411,2025-05-16,CUST1799,Books,Comics,2,38504,0.1,7381.41,West,Pune,UPI
ORD09412,2025-06-06,CUST1046,Furniture,Chair,1,35032,0.23,1586.99,West,Pune,Net Banking
ORD09413,2025-05-31,CUST1598,Books,Textbook,1,37159,0.11,7387.67,North,Lucknow,Net Banking
ORD09414,2025-07-15,CUST0178,Beauty,Perfume,5,243900,0.21,21063.75,South,Bangalore,Net Banking
ORD09415,2025-07-15,CUST1791,Books,Novel,5,241235,0.06,15529.44,South,Bangalore,Cash on Delivery
ORD09416,2025-11-10,CUST0409,Furniture,Table,2,87328,0.29,14600.86,North,Lucknow,Net Banking
ORD09417,2025-07-24,CUST1546,Books,Comics,2,60662,0.19,7102.21,East,Bhubaneswar,Cash on Delivery
ORD09418,2025-03-08,CUST1970,Books,Novel,4,44844,0.05,2940.48,North,Lucknow,UPI
ORD09419,2025-11-20,CUST0602,Electronics,Smart Watch,3,3531,0.08,332.02,East,Kolkata,UPI
ORD09420,2025-07-23,CUST1884,Beauty,Face Cream,1,12001,0.1,1357.23,North,Delhi,Cash on Delivery
ORD09421,2025-05-03,CUST0090,Books,Textbook,1,14367,0.18,2273.08,West,Mumbai,UPI
ORD09422,2025-07-06,CUST0976,Books,Comics,2,76926,0.1,10207.15,West,Mumbai,Cash on Delivery
ORD09423,2025-08-03,CUST0738,Books,Magazine,4,28676,0.05,5893.73,West,Ahmedabad,UPI
ORD09424,2025-11-06,CUST0073,Furniture,Chair,1,979,0.02,158.4,East,Patna,UPI
ORD09425,2025-07-29,CUST0791,Furniture,Sofa,2,55130,0.12,3824.05,North,Lucknow,Cash on Delivery
ORD09426,2025-02-28,CUST1380,Electronics,Laptop,1,6524,0.21,539.05,South,Chennai,Net Banking
ORD09427,2025-01-16,CUST0832,Books,Comics,4,60040,0.02,4187.53,East,Bhubaneswar,UPI
ORD09428,2025-01-23,CUST0797,Electronics,Smart Watch,5,111775,0.18,8685.83,North,Lucknow,UPI
ORD09429,2025-04-24,CUST1611,Clothing,Dress,3,24345,0.17,4702.91,East,Bhubaneswar,Credit Card
ORD09430,2025-03-04,CUST0980,Clothing,Jeans,3,9906,0.18,1284.92,West,Pune,UPI
ORD09431,2025-10-10,CUST0563,Furniture,Bookshelf,1,18915,0.1,3599.65,East,Patna,Cash on Delivery
ORD09432,2025-06-26,CUST1458,Electronics,Headphones,1,11990,0.0,1267.51,South,Bangalore,UPI
ORD09433,2025-07-09,CUST1477,Furniture,Chair,4,88484,0.13,11650.91,East,Kolkata,Net Banking
ORD09434,2025-02-19,CUST0160,Beauty,Perfume,2,4848,0.05,702.37,East,Bhubaneswar,Cash on Delivery
ORD09435,2025-05-15,CUST0077,Furniture,Table,5,111330,0.02,5955.7,West,Mumbai,Debit Card
ORD09436,2025-03-09,CUST1820,Books,Comics,4,113432,0.28,16430.29,East,Bhubaneswar,Debit Card
ORD09437,2025-09-02,CUST0974,Furniture,Sofa,2,10530,0.09,1299.59,South,Hyderabad,Net Banking
ORD09438,2025-08-14,CUST1504,Electronics,Headphones,2,81726,0.26,13055.33,South,Hyderabad,Net Banking
ORD09439,2025-05-16,CUST1641,Furniture,Bookshelf,1,22799,0.09,2596.56,West,Pune,Debit Card
ORD09440,2025-08-07,CUST0365,Furniture,Chair,5,139195,0.14,9004.52,North,Delhi,Cash on Delivery
ORD09441,2025-11-19,CUST0186,Books,Textbook,2,63354,0.2,2937.53,South,Hyderabad,Cash on Delivery
ORD09442,2025-02-26,CUST0405,Electronics,Mobile Phone,2,21500,0.04,1828.7,East,Bhubaneswar,Net Banking
ORD09443,2025-05-05,CUST1408,Electronics,Headphones,1,9085,0.16,1384.31,South,Chennai,Debit Card
ORD09444,2025-06-26,CUST0310,Electronics,Smart Watch,4,166444,0.1,12134.1,West,Mumbai,Credit Card
ORD09445,2025-03-20,CUST1740,Furniture,Chair,4,122340,0.08,13067.54,South,Chennai,UPI
ORD09446,2025-09-21,CUST1529,Books,Comics,1,32235,0.1,6355.68,West,Ahmedabad,UPI
ORD09447,2025-03-07,CUST0590,Beauty,Face Cream,4,8712,0.27,1222.37,North,Delhi,UPI
ORD09448,2025-02-26,CUST0717,Clothing,Shoes,4,4088,0.16,494.7,North,Delhi,Cash on Delivery
ORD09449,2025-01-23,CUST1347,Furniture,Table,3,125868,0.05,26101.52,West,Pune,Net Banking
ORD09450,2025-04-29,CUST0192,Clothing,T-Shirt,5,134150,0.07,15516.15,South,Hyderabad,Credit Card
ORD09451,2025-10-03,CUST0672,Clothing,Dress,4,134920,0.25,5442.32,West,Mumbai,UPI
ORD09452,2025-04-16,CUST0303,Furniture,Table,1,7450,0.01,967.38,West,Ahmedabad,Net Banking
ORD09453,2025-11-18,CUST1868,Electronics,Laptop,2,14662,0.18,2174.79,North,Jaipur,Net Banking
ORD09454,2025-12-23,CUST1508,Clothing,Shoes,2,25932,0.03,3108.34,North,Jaipur,Cash on Delivery
ORD09455,2025-03-21,CUST0550,Electronics,Headphones,4,35228,0.03,6962.56,South,Chennai,Net Banking
ORD09456,2025-02-28,CUST1347,Books,Comics,2,14862,0.27,2337.0,East,Patna,UPI
ORD09457,2025-05-31,CUST0185,Furniture,Chair,1,12525,0.16,2265.03,South,Chennai,Debit Card
ORD09458,2025-04-03,CUST1943,Clothing,Shoes,3,143784,0.2,24377.3,West,Pune,Debit Card
ORD09459,2025-10-20,CUST0663,Clothing,Jeans,3,54096,0.21,5935.83,East,Kolkata,Cash on Delivery
ORD09460,2025-08-04,CUST1349,Beauty,Face Cream,2,78902,0.23,9643.93,East,Patna,UPI
ORD09461,2025-09-22,CUST0253,Books,Magazine,5,186400,0.2,30979.81,East,Kolkata,Cash on Delivery
ORD09462,2025-05-31,CUST1687,Electronics,Smart Watch,3,63324,0.16,4024.54,West,Mumbai,Credit Card
ORD09463,2025-09-23,CUST0613,Electronics,Mobile Phone,1,36479,0.07,5459.54,West,Mumbai,Cash on Delivery
ORD09464,2025-11-08,CUST0163,Electronics,Laptop,2,54298,0.24,8949.04,West,Mumbai,Net Banking
ORD09465,2025-07-08,CUST0686,Furniture,Sofa,5,86805,0.04,19027.81,West,Pune,Cash on Delivery
ORD09466,2025-03-01,CUST1187,Clothing,Shoes,5,77335,0.29,8836.58,East,Bhubaneswar,Cash on Delivery
ORD09467,2025-12-23,CUST1961,Clothing,T-Shirt,1,22764,0.11,4707.88,East,Patna,Credit Card
ORD09468,2025-05-31,CUST0951,Books,Textbook,4,93496,0.25,6851.56,West,Ahmedabad,Credit Card
ORD09469,2025-12-20,CUST0413,Beauty,Face Wash,4,114960,0.28,6168.32,South,Bangalore,UPI
ORD09470,2025-01-02,CUST1822,Beauty,Perfume,5,248095,0.13,42560.15,North,Jaipur,Debit Card
ORD09471,2025-01-22,CUST0250,Books,Magazine,4,44540,0.27,5782.17,North,Lucknow,UPI
ORD09472,2025-01-23,CUST1911,Beauty,Perfume,3,131145,0.08,14672.53,West,Pune,Credit Card
ORD09473,2025-06-17,CUST1811,Electronics,Laptop,2,71578,0.25,10694.28,West,Mumbai,Net Banking
ORD09474,2025-05-18,CUST0860,Electronics,Laptop,2,68208,0.0,12581.69,East,Patna,Debit Card
ORD09475,2025-12-26,CUST0463,Electronics,Smart Watch,1,14041,0.01,3454.15,South,Bangalore,UPI
ORD09476,2025-06-08,CUST1559,Books,Textbook,2,31548,0.29,5248.96,East,Patna,Net Banking
ORD09477,2025-08-02,CUST0103,Books,Comics,4,64016,0.15,6295.38,West,Ahmedabad,Net Banking
ORD09478,2025-05-09,CUST0847,Books,Magazine,4,91236,0.09,12263.95,South,Hyderabad,UPI
ORD09479,2025-10-26,CUST0110,Electronics,Laptop,3,38637,0.19,5991.93,North,Lucknow,UPI
ORD09480,2025-01-28,CUST0287,Beauty,Face Cream,4,94412,0.03,11807.76,East,Patna,Debit Card
ORD09481,2025-01-21,CUST0494,Clothing,T-Shirt,3,140619,0.19,20335.31,North,Lucknow,Debit Card
ORD09482,2025-05-31,CUST1955,Furniture,Sofa,3,2133,0.03,290.17,East,Patna,Net Banking
ORD09483,2025-06-10,CUST1859,Furniture,Sofa,3,51513,0.18,7961.35,South,Bangalore,Credit Card
ORD09484,2025-12-03,CUST0849,Electronics,Headphones,3,73920,0.03,6165.31,North,Delhi,Debit Card
ORD09485,2025-10-08,CUST1287,Electronics,Laptop,4,94024,0.1,20963.6,South,Hyderabad,Cash on Delivery
ORD09486,2025-08-05,CUST0921,Books,Novel,4,113304,0.23,7792.84,West,Ahmedabad,Credit Card
ORD09487,2025-11-25,CUST1706,Books,Magazine,2,63466,0.25,7579.52,East,Kolkata,Credit Card
ORD09488,2025-05-12,CUST0682,Beauty,Face Cream,3,101745,0.02,14122.86,North,Lucknow,Debit Card
ORD09489,2025-05-22,CUST1436,Books,Textbook,4,101320,0.03,9647.24,North,Delhi,Cash on Delivery
ORD09490,2025-07-03,CUST1790,Furniture,Chair,5,199795,0.02,17492.47,South,Chennai,UPI
ORD09491,2025-01-21,CUST1566,Books,Magazine,1,42207,0.22,2658.57,North,Jaipur,Credit Card
ORD09492,2025-10-09,CUST1982,Clothing,Dress,1,40592,0.29,3762.25,South,Bangalore,Credit Card
ORD09493,2025-10-15,CUST1259,Electronics,Smart Watch,5,193055,0.17,35280.41,West,Mumbai,Net Banking
ORD09494,2025-09-20,CUST1730,Books,Comics,3,9897,0.25,1585.89,South,Hyderabad,Credit Card
ORD09495,2025-02-23,CUST1859,Beauty,Face Cream,2,23336,0.24,4340.51,North,Lucknow,Net Banking
ORD09496,2025-02-19,CUST0853,Electronics,Laptop,2,17802,0.26,2206.92,North,Lucknow,Credit Card
ORD09497,2025-07-09,CUST1110,Clothing,Dress,3,37500,0.19,1634.14,East,Kolkata,Net Banking
ORD09498,2025-03-18,CUST1600,Electronics,Laptop,1,15405,0.02,2823.55,South,Chennai,Cash on Delivery
ORD09499,2025-01-30,CUST1451,Electronics,Smart Watch,1,35553,0.19,3203.68,East,Bhubaneswar,Debit Card
ORD09500,2025-06-20,CUST1563,Clothing,T-Shirt,3,55212,0.29,8060.73,West,Pune,Debit Card
ORD09501,2025-01-13,CUST0973,Furniture,Bookshelf,3,29772,0.12,3361.46,East,Bhubaneswar,Credit Card
ORD09502,2025-10-15,CUST1055,Clothing,T-Shirt,1,40633,0.03,5401.07,South,Bangalore,Debit Card
ORD09503,2025-10-11,CUST1573,Furniture,Chair,3,44757,0.21,8809.17,East,Bhubaneswar,UPI
ORD09504,2025-04-17,CUST0291,Books,Novel,4,35944,0.07,5952.55,North,Delhi,Net Banking
ORD09505,2025-07-18,CUST1737,Beauty,Shampoo,1,9139,0.01,1561.68,South,Chennai,Debit Card
ORD09506,2025-12-16,CUST0203,Beauty,Face Cream,5,14215,0.01,2235.3,East,Patna,Cash on Delivery
ORD09507,2025-05-04,CUST1826,Furniture,Table,1,31062,0.01,4407.78,North,Lucknow,UPI
ORD09508,2025-11-01,CUST0945,Books,Textbook,4,42988,0.19,2247.31,West,Pune,Net Banking
ORD09509,2025-08-29,CUST0887,Books,Comics,3,39165,0.08,2471.2,East,Patna,Debit Card
ORD09510,2025-06-28,CUST1382,Electronics,Smart Watch,2,79636,0.02,7264.88,West,Mumbai,UPI
ORD09511,2025-09-21,CUST1559,Clothing,Shoes,5,27985,0.02,4582.02,North,Lucknow,Debit Card
ORD09512,2025-08-07,CUST0726,Furniture,Bookshelf,3,126000,0.25,15300.98,East,Kolkata,Credit Card
ORD09513,2025-06-28,CUST1503,Clothing,Dress,3,9921,0.12,819.42,South,Chennai,Credit Card
ORD09514,2025-12-08,CUST1726,Books,Textbook,1,1435,0.06,110.55,West,Ahmedabad,UPI
ORD09515,2025-09-24,CUST0146,Furniture,Table,5,236505,0.21,21812.77,East,Bhubaneswar,Net Banking
ORD09516,2025-03-29,CUST0201,Furniture,Sofa,1,34892,0.06,5422.22,North,Delhi,UPI
ORD09517,2025-07-06,CUST0515,Beauty,Face Cream,1,8244,0.25,1265.3,East,Bhubaneswar,UPI
ORD09518,2025-04-20,CUST0194,Books,Comics,5,226310,0.2,31758.51,East,Kolkata,Cash on Delivery
ORD09519,2025-02-18,CUST1864,Beauty,Shampoo,1,7808,0.09,455.1,West,Mumbai,UPI
ORD09520,2025-10-08,CUST1953,Books,Textbook,3,82467,0.14,16351.95,North,Lucknow,Debit Card
ORD09521,2025-10-03,CUST0633,Books,Magazine,5,21920,0.15,2386.33,East,Patna,UPI
ORD09522,2025-01-31,CUST0252,Furniture,Chair,4,189672,0.06,18668.0,North,Delhi,Cash on Delivery
ORD09523,2025-04-10,CUST0824,Beauty,Face Cream,2,79474,0.06,15249.19,South,Chennai,UPI
ORD09524,2025-04-14,CUST0762,Beauty,Face Wash,5,192885,0.18,23820.52,East,Patna,Net Banking
ORD09525,2025-02-02,CUST1019,Beauty,Face Wash,3,41043,0.04,3063.4,East,Patna,Debit Card
ORD09526,2025-08-26,CUST1309,Books,Novel,5,212305,0.2,37036.01,West,Pune,UPI
ORD09527,2025-10-29,CUST0161,Furniture,Bookshelf,1,4028,0.03,771.67,East,Patna,Credit Card
ORD09528,2025-07-22,CUST0286,Clothing,Shoes,3,93099,0.28,14722.51,North,Lucknow,UPI
ORD09529,2025-08-25,CUST0591,Beauty,Face Cream,4,123068,0.23,6392.39,North,Jaipur,Credit Card
ORD09530,2025-01-09,CUST1946,Furniture,Table,4,69520,0.24,5174.58,North,Delhi,UPI
ORD09531,2025-11-28,CUST0334,Beauty,Face Wash,5,243210,0.26,24473.72,East,Kolkata,Debit Card
ORD09532,2025-02-20,CUST1960,Clothing,Dress,1,20784,0.18,2385.64,West,Mumbai,UPI
ORD09533,2025-07-23,CUST1164,Clothing,Shoes,2,67480,0.19,2984.58,West,Pune,UPI
ORD09534,2025-11-12,CUST1926,Furniture,Bookshelf,4,76408,0.06,7292.48,South,Hyderabad,Cash on Delivery
ORD09535,2025-09-07,CUST1619,Books,Magazine,1,21206,0.13,1090.3,West,Pune,UPI
ORD09536,2025-02-05,CUST1979,Electronics,Laptop,5,9300,0.01,1012.11,South,Hyderabad,Net Banking
ORD09537,2025-04-21,CUST0438,Electronics,Laptop,5,55265,0.22,5300.95,North,Lucknow,Debit Card
ORD09538,2025-11-26,CUST0833,Clothing,Shoes,3,89469,0.0,14533.65,East,Patna,Credit Card
ORD09539,2025-09-02,CUST0130,Clothing,Shoes,3,85113,0.14,12800.66,East,Patna,Debit Card
ORD09540,2025-11-24,CUST0325,Beauty,Face Wash,5,101045,0.1,13974.71,West,Pune,Debit Card
ORD09541,2025-03-21,CUST0339,Electronics,Smart Watch,4,123988,0.16,18977.46,South,Hyderabad,Cash on Delivery
ORD09542,2025-11-14,CUST1056,Clothing,Dress,4,154564,0.14,10537.13,East,Patna,Net Banking
ORD09543,2025-12-09,CUST1440,Books,Magazine,4,154792,0.26,25669.25,South,Bangalore,Cash on Delivery
ORD09544,2025-07-05,CUST0647,Furniture,Bookshelf,5,234415,0.15,35198.05,West,Mumbai,Credit Card
ORD09545,2025-04-20,CUST0625,Beauty,Face Cream,2,75484,0.07,4546.58,East,Patna,UPI
ORD09546,2025-01-25,CUST0797,Clothing,Shoes,2,85376,0.15,4777.21,North,Jaipur,UPI
ORD09547,2025-09-20,CUST1074,Clothing,T-Shirt,5,17135,0.02,3887.62,West,Pune,UPI
ORD09548,2025-09-10,CUST1244,Beauty,Face Cream,2,93806,0.02,5487.02,South,Hyderabad,Debit Card
ORD09549,2025-04-12,CUST1559,Electronics,Mobile Phone,2,54418,0.11,7648.73,North,Delhi,Net Banking
ORD09550,2025-05-31,CUST0758,Clothing,Jeans,3,147729,0.13,12985.6,East,Bhubaneswar,Net Banking
ORD09551,2025-01-16,CUST0534,Clothing,Dress,2,30264,0.15,3609.92,West,Pune,Credit Card
ORD09552,2025-02-22,CUST1184,Books,Comics,2,3092,0.07,508.27,East,Bhubaneswar,Debit Card
ORD09553,2025-05-05,CUST1389,Beauty,Perfume,1,16269,0.18,3158.88,West,Ahmedabad,Net Banking
ORD09554,2025-11-24,CUST1485,Furniture,Table,4,105080,0.11,20525.12,South,Chennai,UPI
ORD09555,2025-11-28,CUST0370,Books,Comics,1,40109,0.12,4969.29,South,Hyderabad,UPI
ORD09556,2025-10-01,CUST0528,Beauty,Face Cream,4,146656,0.28,14718.44,East,Patna,Credit Card
ORD09557,2025-12-02,CUST0879,Furniture,Bookshelf,3,2943,0.16,147.75,East,Patna,UPI
ORD09558,2025-03-16,CUST1032,Electronics,Headphones,4,173464,0.21,29392.19,West,Mumbai,Debit Card
ORD09559,2025-01-11,CUST0724,Beauty,Shampoo,4,86084,0.09,12919.91,East,Patna,UPI
ORD09560,2025-08-13,CUST0503,Electronics,Mobile Phone,5,179260,0.11,28070.76,East,Bhubaneswar,Net Banking
ORD09561,2025-11-01,CUST1640,Clothing,Jeans,3,133161,0.24,20680.71,West,Pune,Net Banking
ORD09562,2025-07-02,CUST0366,Clothing,Jeans,5,214520,0.19,17240.86,North,Delhi,Credit Card
ORD09563,2025-04-17,CUST1904,Electronics,Laptop,4,109568,0.19,6994.74,East,Kolkata,Debit Card
ORD09564,2025-11-15,CUST1260,Clothing,T-Shirt,3,147519,0.28,11515.73,East,Bhubaneswar,Net Banking
ORD09565,2025-04-06,CUST0552,Electronics,Mobile Phone,5,102105,0.25,16562.74,East,Patna,Credit Card
ORD09566,2025-05-21,CUST0880,Electronics,Headphones,4,5700,0.07,344.47,South,Bangalore,Credit Card
ORD09567,2025-05-22,CUST1630,Furniture,Table,2,66684,0.01,16038.08,East,Kolkata,Net Banking
ORD09568,2025-01-16,CUST1215,Clothing,T-Shirt,3,43242,0.08,2475.49,East,Patna,Debit Card
ORD09569,2025-08-22,CUST0755,Beauty,Perfume,1,18497,0.03,1984.23,East,Patna,Credit Card
ORD09570,2025-08-26,CUST1817,Clothing,Dress,4,72716,0.23,2985.27,North,Jaipur,Net Banking
ORD09571,2025-04-12,CUST1514,Electronics,Smart Watch,3,86892,0.28,11320.25,North,Delhi,UPI
ORD09572,2025-06-10,CUST0914,Beauty,Face Cream,5,121380,0.1,8655.39,South,Hyderabad,Credit Card
ORD09573,2025-07-06,CUST1938,Clothing,T-Shirt,5,192760,0.29,24090.91,East,Patna,Debit Card
ORD09574,2025-09-27,CUST1121,Books,Magazine,2,73620,0.17,4642.1,East,Kolkata,Net Banking
ORD09575,2025-06-10,CUST1584,Beauty,Face Wash,5,202445,0.0,32579.05,West,Ahmedabad,Cash on Delivery
ORD09576,2025-09-17,CUST0923,Books,Comics,5,211550,0.23,19313.64,North,Delhi,Cash on Delivery
ORD09577,2025-10-06,CUST1488,Beauty,Face Wash,4,58804,0.19,5904.93,West,Pune,Debit Card
ORD09578,2025-06-14,CUST0166,Electronics,Mobile Phone,4,163004,0.24,29968.97,North,Jaipur,Net Banking
ORD09579,2025-01-14,CUST1755,Books,Novel,3,25071,0.11,5110.89,West,Pune,Credit Card
ORD09580,2025-09-27,CUST0557,Furniture,Sofa,5,136660,0.01,19560.0,South,Bangalore,Debit Card
ORD09581,2025-09-29,CUST1291,Books,Magazine,1,16103,0.11,3229.19,East,Kolkata,Net Banking
ORD09582,2025-11-04,CUST0320,Clothing,Shoes,4,158368,0.17,10522.93,North,Delhi,Net Banking
ORD09583,2025-07-26,CUST0555,Electronics,Smart Watch,1,29312,0.11,2826.28,East,Bhubaneswar,Debit Card
ORD09584,2025-05-19,CUST0504,Books,Novel,3,20808,0.19,2384.13,East,Patna,Debit Card
ORD09585,2025-04-23,CUST1834,Electronics,Smart Watch,4,18316,0.26,726.14,North,Lucknow,Debit Card
ORD09586,2025-02-14,CUST0750,Books,Comics,3,102216,0.13,9159.84,South,Chennai,Credit Card
ORD09587,2025-05-10,CUST0622,Electronics,Smart Watch,3,20136,0.19,3613.5,West,Pune,Net Banking
ORD09588,2025-09-24,CUST0576,Furniture,Sofa,2,74488,0.08,14399.95,West,Mumbai,Debit Card
ORD09589,2025-04-23,CUST1625,Books,Magazine,2,37606,0.25,2957.07,North,Jaipur,Net Banking
ORD09590,2025-05-27,CUST1157,Books,Comics,1,43200,0.21,7222.57,South,Hyderabad,Net Banking
ORD09591,2025-12-12,CUST0803,Electronics,Headphones,2,99068,0.19,14902.45,North,Delhi,Cash on Delivery
ORD09592,2025-09-07,CUST1074,Clothing,Shoes,1,35007,0.13,1524.67,West,Mumbai,UPI
ORD09593,2025-07-15,CUST0402,Furniture,Sofa,2,97540,0.22,16720.51,South,Chennai,UPI
ORD09594,2025-12-10,CUST0833,Clothing,Dress,4,116768,0.13,15867.58,North,Lucknow,Cash on Delivery
ORD09595,2025-06-16,CUST0528,Electronics,Smart Watch,5,120595,0.26,5462.17,North,Lucknow,Credit Card
ORD09596,2025-05-30,CUST0306,Furniture,Sofa,5,59095,0.14,3423.85,North,Delhi,UPI
ORD09597,2025-04-03,CUST1377,Clothing,Dress,4,86788,0.27,13151.41,West,Mumbai,Debit Card
ORD09598,2025-10-10,CUST1815,Furniture,Table,5,175395,0.04,25798.9,South,Chennai,Debit Card
ORD09599,2025-09-23,CUST0689,Furniture,Sofa,1,3581,0.27,454.03,East,Patna,UPI
ORD09600,2025-03-05,CUST0046,Beauty,Face Wash,2,75974,0.07,17565.34,North,Jaipur,Cash on Delivery
ORD09601,2025-05-16,CUST0798,Clothing,Shoes,5,169520,0.04,19719.15,South,Chennai,Debit Card
ORD09602,2025-07-22,CUST1051,Furniture,Table,2,86860,0.24,14378.31,North,Jaipur,UPI
ORD09603,2025-11-28,CUST0898,Clothing,Jeans,4,7960,0.05,1783.42,East,Kolkata,Credit Card
ORD09604,2025-03-01,CUST0596,Beauty,Shampoo,5,5535,0.25,642.32,North,Lucknow,Debit Card
ORD09605,2025-10-10,CUST1417,Books,Novel,4,167008,0.16,15209.1,West,Mumbai,UPI
ORD09606,2025-10-17,CUST1573,Furniture,Table,1,8241,0.12,1387.3,East,Kolkata,Cash on Delivery
ORD09607,2025-07-14,CUST0661,Furniture,Table,1,39795,0.12,3875.94,West,Ahmedabad,Debit Card
ORD09608,2025-02-17,CUST0677,Furniture,Sofa,5,10215,0.15,1073.0,North,Delhi,Credit Card
ORD09609,2025-09-12,CUST1076,Furniture,Table,5,24085,0.29,2775.52,South,Hyderabad,Credit Card
ORD09610,2025-11-04,CUST0052,Books,Novel,1,30820,0.03,1695.55,North,Lucknow,Credit Card
ORD09611,2025-02-28,CUST0179,Books,Novel,2,18484,0.14,842.19,North,Delhi,Net Banking
ORD09612,2025-08-06,CUST1876,Electronics,Headphones,4,55492,0.24,5050.85,South,Bangalore,Cash on Delivery
ORD09613,2025-01-01,CUST0844,Electronics,Headphones,4,146064,0.05,27134.08,East,Bhubaneswar,Net Banking
ORD09614,2025-07-05,CUST1722,Electronics,Headphones,5,164615,0.3,10558.31,North,Delhi,Net Banking
ORD09615,2025-11-10,CUST0730,Beauty,Perfume,3,61530,0.12,10838.27,South,Chennai,Credit Card
ORD09616,2025-05-28,CUST0075,Books,Comics,5,45175,0.22,4107.92,West,Pune,Debit Card
ORD09617,2025-12-23,CUST0289,Beauty,Face Cream,1,10165,0.17,1052.52,West,Pune,Net Banking
ORD09618,2025-03-07,CUST1696,Books,Novel,3,78993,0.02,5040.89,North,Delhi,Debit Card
ORD09619,2025-02-28,CUST0235,Books,Novel,5,88690,0.25,8108.26,East,Patna,UPI
ORD09620,2025-02-09,CUST1622,Furniture,Table,2,92882,0.16,12249.51,West,Pune,Net Banking
ORD09621,2025-02-24,CUST0794,Furniture,Bookshelf,5,171055,0.12,14003.97,West,Ahmedabad,Credit Card
ORD09622,2025-05-12,CUST0528,Clothing,Jeans,4,50436,0.23,8817.26,West,Pune,Credit Card
ORD09623,2025-06-20,CUST1671,Books,Novel,3,52803,0.05,5458.75,West,Pune,UPI
ORD09624,2025-11-29,CUST0202,Furniture,Bookshelf,4,177684,0.24,14358.38,East,Patna,Debit Card
ORD09625,2025-07-17,CUST0266,Electronics,Mobile Phone,3,40035,0.04,9364.26,East,Patna,Debit Card
ORD09626,2025-03-26,CUST1331,Clothing,Shoes,5,228210,0.09,47906.47,North,Jaipur,Debit Card
ORD09627,2025-02-22,CUST1552,Books,Magazine,3,96756,0.16,10300.8,West,Mumbai,Credit Card
ORD09628,2025-11-06,CUST1373,Books,Textbook,2,1706,0.29,241.86,East,Kolkata,Net Banking
ORD09629,2025-09-02,CUST0275,Books,Novel,2,98634,0.23,14742.89,South,Chennai,UPI
ORD09630,2025-07-07,CUST1300,Books,Textbook,3,7299,0.26,807.88,West,Mumbai,Credit Card
ORD09631,2025-08-07,CUST0572,Electronics,Headphones,2,9236,0.01,1668.9,West,Pune,Cash on Delivery
ORD09632,2025-01-09,CUST0888,Beauty,Perfume,4,11180,0.28,1156.97,South,Bangalore,Net Banking
ORD09633,2025-11-30,CUST1772,Furniture,Chair,2,20954,0.22,3430.12,North,Lucknow,Debit Card
ORD09634,2025-05-27,CUST1154,Books,Textbook,2,73868,0.08,8512.79,South,Hyderabad,Cash on Delivery
ORD09635,2025-07-29,CUST1067,Books,Textbook,3,7092,0.03,427.96,West,Ahmedabad,UPI
ORD09636,2025-11-03,CUST1780,Clothing,T-Shirt,2,43806,0.12,2583.39,North,Delhi,Debit Card
ORD09637,2025-08-24,CUST0995,Books,Comics,1,8442,0.27,1111.14,South,Bangalore,Debit Card
ORD09638,2025-02-18,CUST0212,Beauty,Perfume,2,84812,0.06,15419.12,South,Chennai,Cash on Delivery
ORD09639,2025-06-29,CUST1169,Electronics,Smart Watch,5,239090,0.22,21733.16,West,Mumbai,Cash on Delivery
ORD09640,2025-01-30,CUST0377,Clothing,Jeans,4,18932,0.14,2438.14,West,Ahmedabad,Debit Card
ORD09641,2025-06-23,CUST1870,Books,Comics,1,26700,0.2,3960.16,North,Delhi,Net Banking
ORD09642,2025-03-18,CUST1916,Books,Comics,4,95052,0.3,16044.14,South,Bangalore,Credit Card
ORD09643,2025-10-17,CUST0291,Furniture,Bookshelf,1,48589,0.09,9109.71,East,Bhubaneswar,Cash on Delivery
ORD09644,2025-09-29,CUST1562,Furniture,Table,4,129032,0.11,13881.65,North,Delhi,Credit Card
ORD09645,2025-02-06,CUST0141,Furniture,Bookshelf,5,19285,0.09,2925.86,South,Bangalore,UPI
ORD09646,2025-03-29,CUST0737,Beauty,Shampoo,1,12022,0.1,1306.08,South,Hyderabad,UPI
ORD09647,2025-09-10,CUST0186,Furniture,Chair,2,56634,0.2,2472.9,East,Bhubaneswar,Debit Card
ORD09648,2025-04-13,CUST0609,Books,Novel,5,101735,0.22,13290.26,North,Jaipur,Credit Card
ORD09649,2025-03-19,CUST1542,Clothing,T-Shirt,4,108052,0.01,12601.25,West,Pune,Credit Card
ORD09650,2025-01-06,CUST0375,Beauty,Face Cream,2,22548,0.01,5032.4,South,Hyderabad,Debit Card
ORD09651,2025-04-10,CUST1839,Books,Novel,5,88410,0.13,15550.78,South,Hyderabad,UPI
ORD09652,2025-08-05,CUST0865,Furniture,Chair,5,104060,0.25,13087.02,West,Ahmedabad,Net Banking
ORD09653,2025-08-11,CUST0641,Electronics,Mobile Phone,5,142430,0.23,20039.74,East,Patna,Net Banking
ORD09654,2025-03-25,CUST0251,Clothing,Dress,5,121880,0.14,7331.76,South,Chennai,Credit Card
ORD09655,2025-06-23,CUST0912,Clothing,Shoes,1,37893,0.04,6462.24,North,Delhi,Credit Card
ORD09656,2025-11-08,CUST0355,Beauty,Face Cream,3,135258,0.01,28947.71,South,Chennai,Credit Card
ORD09657,2025-03-03,CUST0026,Beauty,Shampoo,4,171468,0.22,7042.8,West,Ahmedabad,Debit Card
ORD09658,2025-06-10,CUST1937,Clothing,Shoes,1,39290,0.16,1786.94,North,Lucknow,Credit Card
ORD09659,2025-08-17,CUST1507,Clothing,Shoes,2,11056,0.05,1104.36,West,Pune,Net Banking
ORD09660,2025-08-11,CUST0527,Furniture,Chair,3,148788,0.19,7967.76,South,Chennai,Debit Card
ORD09661,2025-09-02,CUST1059,Furniture,Table,4,178568,0.08,36807.07,North,Lucknow,Cash on Delivery
ORD09662,2025-09-12,CUST0754,Books,Comics,3,94221,0.11,17687.85,North,Delhi,Net Banking
ORD09663,2025-07-26,CUST1796,Clothing,Shoes,2,73784,0.21,14108.11,East,Patna,Net Banking
ORD09664,2025-12-15,CUST1977,Electronics,Laptop,2,2074,0.01,300.12,West,Ahmedabad,Credit Card
ORD09665,2025-04-27,CUST1112,Electronics,Smart Watch,3,50061,0.22,4573.61,West,Ahmedabad,Credit Card
ORD09666,2025-03-11,CUST1265,Electronics,Laptop,5,136310,0.23,11262.24,North,Lucknow,Debit Card
ORD09667,2025-06-17,CUST0521,Clothing,Jeans,4,78496,0.17,16006.29,North,Jaipur,Net Banking
ORD09668,2025-09-07,CUST1363,Furniture,Sofa,4,196672,0.11,43499.0,North,Lucknow,Cash on Delivery
ORD09669,2025-11-14,CUST1521,Books,Magazine,5,148935,0.27,18710.17,West,Mumbai,Credit Card
ORD09670,2025-11-21,CUST0961,Furniture,Table,4,35232,0.18,1926.19,South,Bangalore,UPI
ORD09671,2025-08-08,CUST0882,Beauty,Perfume,1,44319,0.3,6020.45,South,Chennai,Net Banking
ORD09672,2025-03-05,CUST0675,Furniture,Sofa,1,16838,0.03,3610.85,West,Mumbai,Cash on Delivery
ORD09673,2025-01-10,CUST1820,Clothing,T-Shirt,1,23801,0.18,1422.33,East,Kolkata,Debit Card
ORD09674,2025-04-15,CUST1046,Electronics,Headphones,3,19698,0.23,3264.45,North,Delhi,Cash on Delivery
ORD09675,2025-03-26,CUST1344,Electronics,Headphones,5,38010,0.17,5087.73,North,Delhi,Credit Card
ORD09676,2025-06-03,CUST0343,Books,Comics,1,1220,0.12,128.99,South,Hyderabad,Debit Card
ORD09677,2025-05-29,CUST0342,Furniture,Sofa,2,74934,0.12,13331.27,West,Mumbai,Credit Card
ORD09678,2025-01-23,CUST0753,Clothing,Shoes,4,64176,0.07,12138.94,North,Jaipur,Credit Card
ORD09679,2025-06-15,CUST1764,Books,Textbook,2,39614,0.18,1733.9,East,Bhubaneswar,Debit Card
ORD09680,2025-08-26,CUST1220,Electronics,Smart Watch,4,25956,0.11,2854.59,South,Chennai,Debit Card
ORD09681,2025-02-25,CUST1473,Clothing,Dress,3,120267,0.24,14568.13,East,Patna,Debit Card
ORD09682,2025-10-20,CUST0486,Electronics,Headphones,2,51008,0.27,3281.15,East,Bhubaneswar,Credit Card
ORD09683,2025-02-14,CUST0291,Beauty,Perfume,1,16195,0.1,1523.97,East,Kolkata,Net Banking
ORD09684,2025-03-10,CUST0322,Electronics,Headphones,5,233895,0.03,48846.98,East,Kolkata,Debit Card
ORD09685,2025-06-06,CUST0992,Furniture,Bookshelf,1,4367,0.03,789.99,North,Delhi,Net Banking
ORD09686,2025-12-11,CUST0826,Clothing,Shoes,4,70224,0.15,13866.69,East,Kolkata,Credit Card
ORD09687,2025-02-04,CUST1034,Clothing,Jeans,1,37055,0.22,4999.06,West,Ahmedabad,Cash on Delivery
ORD09688,2025-02-19,CUST1312,Clothing,Dress,3,87699,0.0,17200.74,North,Delhi,Credit Card
ORD09689,2025-05-25,CUST1628,Furniture,Sofa,1,19207,0.02,3133.39,South,Hyderabad,Net Banking
ORD09690,2025-02-16,CUST1617,Clothing,T-Shirt,4,29084,0.01,1895.26,East,Kolkata,Debit Card
ORD09691,2025-03-30,CUST0023,Furniture,Sofa,3,108462,0.22,11248.91,South,Chennai,Debit Card
ORD09692,2025-08-11,CUST1051,Books,Magazine,2,3642,0.2,564.26,South,Chennai,Credit Card
ORD09693,2025-04-09,CUST1099,Books,Magazine,4,51840,0.29,6002.79,North,Delhi,UPI
ORD09694,2025-06-29,CUST1832,Electronics,Laptop,1,6085,0.25,920.41,South,Bangalore,UPI
ORD09695,2025-11-09,CUST0853,Beauty,Face Wash,4,196560,0.2,10828.83,West,Pune,UPI
ORD09696,2025-05-03,CUST0880,Electronics,Laptop,3,90816,0.07,4767.03,West,Pune,UPI
ORD09697,2025-12-23,CUST1092,Books,Textbook,1,18591,0.22,3594.36,North,Jaipur,Debit Card
ORD09698,2025-09-16,CUST0593,Furniture,Bookshelf,5,35405,0.29,5897.82,North,Delhi,Cash on Delivery
ORD09699,2025-04-02,CUST0832,Furniture,Sofa,1,49680,0.29,4948.82,South,Chennai,UPI
ORD09700,2025-08-15,CUST0829,Furniture,Bookshelf,2,89954,0.07,15029.1,East,Patna,Net Banking
ORD09701,2025-08-04,CUST1343,Furniture,Bookshelf,5,77705,0.09,16206.06,South,Hyderabad,Credit Card
ORD09702,2025-01-01,CUST1422,Electronics,Laptop,3,137172,0.29,18131.36,East,Bhubaneswar,Credit Card
ORD09703,2025-05-20,CUST0472,Furniture,Chair,1,10457,0.23,1312.53,East,Kolkata,UPI
ORD09704,2025-03-30,CUST1307,Clothing,T-Shirt,2,78702,0.28,6353.48,South,Bangalore,Credit Card
ORD09705,2025-06-16,CUST0347,Books,Novel,4,50408,0.15,7904.6,North,Jaipur,Debit Card
ORD09706,2025-09-05,CUST0431,Furniture,Chair,1,43098,0.03,3656.12,South,Chennai,Debit Card
ORD09707,2025-01-27,CUST1776,Clothing,T-Shirt,5,151695,0.26,25313.07,West,Pune,Net Banking
ORD09708,2025-11-03,CUST1081,Books,Textbook,2,4908,0.1,849.15,East,Kolkata,Net Banking
ORD09709,2025-06-27,CUST1060,Furniture,Table,2,93050,0.14,7513.69,East,Bhubaneswar,UPI
ORD09710,2025-09-25,CUST0242,Beauty,Face Cream,1,42280,0.16,3398.55,North,Lucknow,Debit Card
ORD09711,2025-09-22,CUST0984,Books,Textbook,4,119180,0.24,16587.46,West,Mumbai,Net Banking
ORD09712,2025-08-20,CUST1160,Books,Magazine,3,120312,0.03,8990.93,West,Mumbai,Cash on Delivery
ORD09713,2025-12-26,CUST1587,Clothing,Jeans,2,46474,0.17,7058.14,East,Bhubaneswar,Net Banking
ORD09714,2025-06-15,CUST1673,Clothing,Jeans,5,184805,0.1,19987.16,North,Delhi,Cash on Delivery
ORD09715,2025-03-29,CUST0866,Beauty,Shampoo,5,48345,0.28,5903.11,North,Jaipur,Net Banking
ORD09716,2025-08-13,CUST1358,Books,Textbook,3,125652,0.03,15656.83,North,Jaipur,Net Banking
ORD09717,2025-05-16,CUST0252,Electronics,Mobile Phone,2,26512,0.03,4887.8,North,Jaipur,Debit Card
ORD09718,2025-09-21,CUST1996,Clothing,Dress,1,12810,0.14,949.74,East,Patna,Net Banking
ORD09719,2025-06-26,CUST0923,Clothing,T-Shirt,5,57065,0.02,5503.72,North,Jaipur,Debit Card
ORD09720,2025-12-15,CUST1306,Furniture,Sofa,4,157136,0.2,25773.1,North,Jaipur,UPI
ORD09721,2025-08-02,CUST0720,Beauty,Shampoo,3,100242,0.02,18993.64,East,Kolkata,Cash on Delivery
ORD09722,2025-05-14,CUST0420,Clothing,T-Shirt,4,40868,0.15,6951.42,North,Lucknow,Debit Card
ORD09723,2025-11-03,CUST1234,Books,Magazine,3,76611,0.1,4413.66,North,Delhi,Net Banking
ORD09724,2025-04-27,CUST0225,Beauty,Shampoo,5,233440,0.09,52441.15,West,Pune,UPI
ORD09725,2025-09-25,CUST0056,Furniture,Table,3,139128,0.0,25700.08,South,Chennai,Debit Card
ORD09726,2025-06-02,CUST1543,Clothing,Shoes,4,155688,0.12,22210.66,West,Mumbai,Net Banking
ORD09727,2025-10-18,CUST0263,Furniture,Bookshelf,5,62780,0.1,7771.1,East,Bhubaneswar,Debit Card
ORD09728,2025-02-07,CUST1840,Beauty,Face Wash,2,99310,0.1,11777.79,East,Kolkata,Credit Card
ORD09729,2025-01-25,CUST0058,Electronics,Headphones,5,102940,0.08,13664.55,North,Jaipur,Credit Card
ORD09730,2025-05-14,CUST0069,Electronics,Headphones,1,10416,0.02,2204.18,South,Hyderabad,Net Banking
ORD09731,2025-11-02,CUST1837,Electronics,Mobile Phone,4,59936,0.02,8857.71,South,Bangalore,UPI
ORD09732,2025-05-06,CUST1676,Furniture,Table,2,82790,0.06,17549.26,North,Delhi,Cash on Delivery
ORD09733,2025-05-04,CUST0978,Electronics,Smart Watch,2,5700,0.15,610.67,East,Patna,UPI
ORD09734,2025-05-22,CUST1583,Electronics,Smart Watch,4,6824,0.13,614.97,West,Pune,Credit Card
ORD09735,2025-08-07,CUST1091,Books,Comics,5,81565,0.03,8295.0,East,Patna,Credit Card
ORD09736,2025-11-02,CUST1044,Electronics,Headphones,5,6445,0.2,889.64,North,Delhi,UPI
ORD09737,2025-10-19,CUST1732,Electronics,Mobile Phone,3,45570,0.29,6577.18,East,Patna,Debit Card
ORD09738,2025-02-18,CUST0462,Beauty,Perfume,2,80862,0.13,4864.48,East,Kolkata,Credit Card
ORD09739,2025-05-25,CUST0944,Electronics,Laptop,1,48935,0.26,8819.47,West,Ahmedabad,Credit Card
ORD09740,2025-10-30,CUST1568,Beauty,Shampoo,2,40416,0.12,8544.98,South,Hyderabad,Debit Card
ORD09741,2025-04-26,CUST0645,Books,Textbook,3,112656,0.15,22623.59,North,Lucknow,UPI
ORD09742,2025-04-22,CUST0720,Clothing,Dress,3,87183,0.16,10348.52,North,Delhi,Credit Card
ORD09743,2025-04-04,CUST1926,Beauty,Perfume,5,138585,0.02,23845.88,West,Pune,Cash on Delivery
ORD09744,2025-05-12,CUST1619,Beauty,Face Wash,1,30079,0.21,4880.6,North,Delhi,Net Banking
ORD09745,2025-05-02,CUST1392,Clothing,Dress,4,127352,0.23,6965.96,North,Lucknow,Cash on Delivery
ORD09746,2025-06-13,CUST1206,Beauty,Face Wash,5,248435,0.13,37792.71,West,Pune,Debit Card
ORD09747,2025-08-20,CUST0869,Beauty,Perfume,3,38013,0.22,2112.27,South,Hyderabad,Cash on Delivery
ORD09748,2025-02-01,CUST0837,Furniture,Table,1,39833,0.23,6827.55,North,Jaipur,Debit Card
ORD09749,2025-07-07,CUST1358,Furniture,Bookshelf,2,37434,0.12,7846.36,North,Delhi,Cash on Delivery
ORD09750,2025-06-12,CUST1350,Beauty,Shampoo,1,41789,0.17,4897.77,East,Kolkata,Net Banking
ORD09751,2025-09-20,CUST0700,Furniture,Bookshelf,4,33180,0.27,3310.41,West,Ahmedabad,Credit Card
ORD09752,2025-08-08,CUST0977,Electronics,Headphones,1,2578,0.05,516.4,North,Lucknow,Credit Card
ORD09753,2025-05-22,CUST0691,Beauty,Shampoo,4,19844,0.07,2357.22,East,Kolkata,Net Banking
ORD09754,2025-07-04,CUST0166,Clothing,Jeans,5,200105,0.15,28540.02,West,Pune,Credit Card
ORD09755,2025-06-12,CUST1438,Furniture,Bookshelf,2,98906,0.27,8615.33,North,Lucknow,Cash on Delivery
ORD09756,2025-05-18,CUST1654,Books,Comics,5,76785,0.25,13075.73,South,Chennai,Credit Card
ORD09757,2025-04-15,CUST0498,Furniture,Bookshelf,3,20595,0.22,1499.54,North,Delhi,Net Banking
ORD09758,2025-05-22,CUST1073,Electronics,Headphones,4,19856,0.2,2838.14,West,Mumbai,Debit Card
ORD09759,2025-03-24,CUST1512,Furniture,Bookshelf,5,15450,0.29,615.0,East,Kolkata,UPI
ORD09760,2025-04-03,CUST0626,Books,Novel,5,139170,0.08,16044.39,East,Kolkata,Net Banking
ORD09761,2025-01-22,CUST1976,Furniture,Sofa,3,59598,0.21,4398.5,South,Bangalore,Cash on Delivery
ORD09762,2025-08-25,CUST0563,Electronics,Headphones,3,99711,0.19,16299.02,North,Jaipur,Net Banking
ORD09763,2025-07-20,CUST0170,Books,Magazine,2,29480,0.29,2863.92,East,Bhubaneswar,UPI
ORD09764,2025-11-09,CUST1395,Beauty,Perfume,4,5920,0.27,946.94,North,Jaipur,Debit Card
ORD09765,2025-08-19,CUST1393,Electronics,Headphones,1,7312,0.13,657.86,West,Mumbai,Net Banking
ORD09766,2025-07-14,CUST0167,Books,Novel,4,93868,0.07,9152.6,East,Patna,Net Banking
ORD09767,2025-09-15,CUST1200,Clothing,Dress,1,47946,0.04,3724.31,North,Delhi,Debit Card
ORD09768,2025-12-20,CUST0465,Furniture,Table,2,54104,0.14,11165.05,North,Jaipur,UPI
ORD09769,2025-05-10,CUST0760,Clothing,Jeans,3,90972,0.05,5575.27,East,Kolkata,Cash on Delivery
ORD09770,2025-11-13,CUST0789,Electronics,Smart Watch,1,20839,0.01,1648.68,West,Pune,Credit Card
ORD09771,2025-05-10,CUST0512,Electronics,Mobile Phone,5,199500,0.26,10235.66,West,Pune,Net Banking
ORD09772,2025-10-02,CUST0001,Beauty,Perfume,1,38315,0.25,3679.5,North,Lucknow,UPI
ORD09773,2025-04-02,CUST0733,Electronics,Laptop,1,13035,0.09,2049.51,South,Chennai,Cash on Delivery
ORD09774,2025-12-02,CUST0433,Furniture,Sofa,5,214745,0.22,27974.8,North,Lucknow,Net Banking
ORD09775,2025-03-28,CUST0838,Electronics,Laptop,1,21270,0.28,3236.76,East,Bhubaneswar,Net Banking
ORD09776,2025-10-18,CUST0715,Furniture,Table,4,87884,0.06,19378.63,North,Lucknow,Debit Card
ORD09777,2025-04-25,CUST0215,Beauty,Perfume,3,19707,0.1,2249.26,North,Lucknow,Net Banking
ORD09778,2025-12-06,CUST0324,Furniture,Sofa,4,182468,0.17,19890.77,South,Bangalore,Debit Card
ORD09779,2025-04-06,CUST1596,Books,Novel,2,77800,0.23,6108.55,South,Hyderabad,Net Banking
ORD09780,2025-06-03,CUST0072,Beauty,Face Cream,3,15126,0.3,2530.46,West,Pune,Credit Card
ORD09781,2025-07-06,CUST0337,Electronics,Laptop,2,16390,0.19,1680.22,West,Ahmedabad,Cash on Delivery
ORD09782,2025-08-26,CUST1570,Beauty,Perfume,4,64820,0.17,11212.66,West,Pune,UPI
ORD09783,2025-09-16,CUST0817,Electronics,Headphones,1,2703,0.21,532.64,South,Bangalore,Debit Card
ORD09784,2025-12-14,CUST0202,Beauty,Face Cream,4,188512,0.22,18664.36,South,Chennai,Debit Card
ORD09785,2025-08-11,CUST0571,Beauty,Face Cream,5,35535,0.25,5591.71,East,Bhubaneswar,Credit Card
ORD09786,2025-02-25,CUST0713,Beauty,Face Wash,4,162632,0.08,18071.37,South,Hyderabad,UPI
ORD09787,2025-08-14,CUST1423,Electronics,Mobile Phone,1,19568,0.22,3121.76,North,Delhi,UPI
ORD09788,2025-03-01,CUST1586,Books,Textbook,3,76494,0.05,17180.09,East,Kolkata,Credit Card
ORD09789,2025-07-30,CUST1031,Beauty,Shampoo,4,106112,0.13,21371.23,South,Chennai,Debit Card
ORD09790,2025-04-08,CUST0822,Clothing,T-Shirt,3,10545,0.03,1071.15,West,Pune,Cash on Delivery
ORD09791,2025-08-03,CUST1926,Furniture,Table,1,11110,0.08,1387.44,West,Ahmedabad,Debit Card
ORD09792,2025-04-27,CUST0512,Furniture,Sofa,5,152595,0.02,22619.73,South,Hyderabad,UPI
ORD09793,2025-05-12,CUST1076,Books,Textbook,2,32552,0.24,2053.41,West,Ahmedabad,Net Banking
ORD09794,2025-02-02,CUST1086,Electronics,Mobile Phone,4,61608,0.03,4700.58,North,Lucknow,Debit Card
ORD09795,2025-11-21,CUST1070,Electronics,Mobile Phone,1,10293,0.09,1534.23,West,Mumbai,UPI
ORD09796,2025-04-07,CUST1404,Furniture,Bookshelf,3,111384,0.2,22147.34,South,Chennai,UPI
ORD09797,2025-11-01,CUST0582,Books,Novel,3,38088,0.17,4061.85,East,Patna,Debit Card
ORD09798,2025-01-11,CUST1655,Beauty,Face Cream,4,6364,0.15,830.72,West,Mumbai,Net Banking
ORD09799,2025-03-07,CUST1252,Beauty,Face Wash,3,14256,0.21,1006.12,South,Hyderabad,UPI
ORD09800,2025-05-24,CUST1237,Books,Magazine,4,198184,0.19,25742.62,North,Delhi,Debit Card
ORD09801,2025-12-25,CUST0360,Books,Comics,3,111354,0.09,15059.77,East,Kolkata,Cash on Delivery
ORD09802,2025-05-06,CUST0295,Beauty,Shampoo,3,11331,0.17,2025.64,South,Bangalore,Cash on Delivery
ORD09803,2025-11-14,CUST1764,Electronics,Mobile Phone,3,67608,0.12,13230.9,West,Pune,Debit Card
ORD09804,2025-05-06,CUST0545,Beauty,Face Wash,4,185484,0.15,20352.91,West,Pune,UPI
ORD09805,2025-08-05,CUST1629,Furniture,Chair,4,14804,0.22,1274.08,North,Lucknow,Net Banking
ORD09806,2025-05-26,CUST1015,Clothing,Jeans,2,90242,0.23,11578.5,South,Bangalore,UPI
ORD09807,2025-10-22,CUST1142,Furniture,Table,3,131760,0.01,7758.83,East,Kolkata,Cash on Delivery
ORD09808,2025-08-21,CUST1457,Beauty,Face Wash,5,222315,0.2,43214.78,West,Ahmedabad,Credit Card
ORD09809,2025-12-18,CUST1849,Beauty,Shampoo,3,40803,0.08,5202.15,West,Ahmedabad,UPI
ORD09810,2025-05-27,CUST0362,Electronics,Smart Watch,4,87992,0.27,10514.82,North,Lucknow,UPI
ORD09811,2025-09-25,CUST1189,Beauty,Face Wash,2,46744,0.15,3221.81,North,Jaipur,Cash on Delivery
ORD09812,2025-11-03,CUST1375,Books,Novel,1,28846,0.09,4834.08,South,Bangalore,Credit Card
ORD09813,2025-11-03,CUST1182,Books,Comics,1,8504,0.28,1438.87,North,Jaipur,Debit Card
ORD09814,2025-02-04,CUST1731,Books,Comics,4,172448,0.24,27228.19,East,Kolkata,UPI
ORD09815,2025-09-05,CUST1768,Books,Comics,1,31841,0.25,2345.55,North,Delhi,UPI
ORD09816,2025-08-12,CUST0343,Furniture,Chair,4,157816,0.25,23218.62,South,Bangalore,Cash on Delivery
ORD09817,2025-06-25,CUST0732,Furniture,Table,2,60734,0.16,12244.26,South,Chennai,Cash on Delivery
ORD09818,2025-12-13,CUST0275,Furniture,Chair,4,122076,0.22,8685.28,West,Mumbai,Credit Card
ORD09819,2025-07-10,CUST0707,Beauty,Shampoo,4,96312,0.01,19522.08,South,Chennai,UPI
ORD09820,2025-02-06,CUST1378,Beauty,Face Cream,1,49899,0.27,7941.01,South,Hyderabad,Cash on Delivery
ORD09821,2025-04-21,CUST0247,Beauty,Shampoo,5,86305,0.08,15338.0,West,Pune,Net Banking
ORD09822,2025-12-27,CUST1412,Electronics,Laptop,4,65492,0.03,11085.43,East,Kolkata,Net Banking
ORD09823,2025-09-03,CUST0034,Beauty,Face Wash,5,74675,0.05,15167.03,West,Ahmedabad,Debit Card
ORD09824,2025-06-20,CUST0515,Furniture,Bookshelf,2,39754,0.16,7292.25,West,Pune,Cash on Delivery
ORD09825,2025-11-10,CUST0459,Clothing,Jeans,2,4738,0.23,423.67,South,Chennai,Net Banking
ORD09826,2025-01-10,CUST0415,Books,Magazine,4,129240,0.13,6918.82,North,Jaipur,Debit Card
ORD09827,2025-01-30,CUST1050,Beauty,Face Cream,1,9389,0.05,2019.46,South,Chennai,UPI
ORD09828,2025-01-21,CUST1828,Electronics,Mobile Phone,3,55719,0.09,8948.71,North,Delhi,Cash on Delivery
ORD09829,2025-06-11,CUST1213,Beauty,Face Cream,3,38646,0.12,8109.49,South,Bangalore,Cash on Delivery
ORD09830,2025-01-08,CUST0713,Books,Textbook,5,224860,0.06,46005.41,West,Ahmedabad,UPI
ORD09831,2025-07-29,CUST0552,Furniture,Chair,4,109524,0.24,10506.1,West,Ahmedabad,UPI
ORD09832,2025-01-23,CUST1509,Beauty,Shampoo,2,4646,0.07,483.44,North,Lucknow,UPI
ORD09833,2025-05-17,CUST0114,Beauty,Face Cream,5,92300,0.27,10784.79,South,Bangalore,Credit Card
ORD09834,2025-05-20,CUST0342,Electronics,Smart Watch,2,63086,0.2,11266.39,South,Hyderabad,Net Banking
ORD09835,2025-06-18,CUST0816,Furniture,Chair,4,166396,0.15,17342.46,East,Kolkata,Debit Card
ORD09836,2025-05-14,CUST1680,Books,Textbook,1,36257,0.02,4116.0,West,Ahmedabad,Cash on Delivery
ORD09837,2025-06-23,CUST0187,Clothing,Shoes,2,34586,0.1,6308.53,North,Jaipur,Cash on Delivery
ORD09838,2025-02-13,CUST0789,Electronics,Mobile Phone,3,31182,0.23,3583.35,East,Patna,Debit Card
ORD09839,2025-03-31,CUST0872,Furniture,Chair,2,83944,0.2,9222.15,South,Hyderabad,Debit Card
ORD09840,2025-08-01,CUST1829,Electronics,Mobile Phone,1,47011,0.22,8720.55,West,Mumbai,Credit Card
ORD09841,2025-09-01,CUST1032,Furniture,Sofa,1,22201,0.17,1307.26,East,Bhubaneswar,Cash on Delivery
ORD09842,2025-04-17,CUST1506,Beauty,Perfume,2,72774,0.24,5006.24,South,Bangalore,Net Banking
ORD09843,2025-02-14,CUST1166,Clothing,Dress,4,195976,0.21,22277.89,West,Mumbai,UPI
ORD09844,2025-01-16,CUST1237,Books,Comics,4,2720,0.09,271.68,North,Lucknow,Cash on Delivery
ORD09845,2025-10-06,CUST1881,Books,Comics,1,4760,0.23,335.55,South,Hyderabad,Credit Card
ORD09846,2025-08-14,CUST1134,Beauty,Face Wash,2,71268,0.28,9173.42,East,Kolkata,Credit Card
ORD09847,2025-11-08,CUST0976,Furniture,Sofa,1,20931,0.24,2066.23,East,Bhubaneswar,UPI
ORD09848,2025-01-28,CUST1221,Books,Novel,3,145032,0.05,22558.68,South,Bangalore,Cash on Delivery
ORD09849,2025-12-29,CUST0419,Furniture,Sofa,4,41440,0.15,3258.5,North,Jaipur,Credit Card
ORD09850,2025-09-26,CUST1575,Books,Magazine,1,7746,0.29,542.54,West,Ahmedabad,Net Banking
ORD09851,2025-03-20,CUST1760,Clothing,Jeans,5,200670,0.27,34230.09,West,Pune,Cash on Delivery
ORD09852,2025-02-26,CUST0525,Books,Comics,3,71457,0.07,8628.89,North,Jaipur,UPI
ORD09853,2025-10-02,CUST1023,Books,Novel,4,81320,0.3,6956.47,North,Delhi,UPI
ORD09854,2025-07-07,CUST0614,Electronics,Mobile Phone,3,141204,0.04,26403.94,West,Mumbai,UPI
ORD09855,2025-03-16,CUST0051,Electronics,Headphones,4,134100,0.1,23279.13,West,Pune,Cash on Delivery
ORD09856,2025-09-18,CUST1629,Beauty,Perfume,3,122304,0.08,10899.65,North,Delhi,Debit Card
ORD09857,2025-01-09,CUST1664,Furniture,Chair,5,182685,0.19,19996.77,North,Lucknow,Net Banking
ORD09858,2025-03-22,CUST1353,Beauty,Face Wash,5,66505,0.17,10380.32,South,Hyderabad,Net Banking
ORD09859,2025-04-21,CUST1118,Electronics,Laptop,2,83252,0.12,12208.03,South,Hyderabad,Credit Card
ORD09860,2025-03-05,CUST1990,Books,Magazine,5,241545,0.25,27035.69,West,Pune,Credit Card
ORD09861,2025-12-25,CUST0702,Furniture,Sofa,4,69620,0.07,15337.62,South,Bangalore,UPI
ORD09862,2025-02-23,CUST1218,Clothing,Shoes,1,17659,0.26,1862.12,West,Mumbai,Net Banking
ORD09863,2025-05-30,CUST0841,Books,Magazine,1,47797,0.16,5151.02,West,Mumbai,Credit Card
ORD09864,2025-01-22,CUST0272,Clothing,T-Shirt,5,91240,0.12,16387.11,South,Bangalore,Cash on Delivery
ORD09865,2025-04-17,CUST0598,Beauty,Shampoo,1,17740,0.17,1313.68,West,Pune,Credit Card
ORD09866,2025-02-09,CUST0791,Electronics,Mobile Phone,3,146961,0.28,13288.79,North,Delhi,Cash on Delivery
ORD09867,2025-10-14,CUST1257,Clothing,T-Shirt,5,41530,0.04,9508.54,North,Jaipur,Net Banking
ORD09868,2025-05-08,CUST1648,Electronics,Smart Watch,2,9344,0.0,2053.58,South,Bangalore,Net Banking
ORD09869,2025-07-29,CUST0352,Books,Novel,5,212665,0.22,20804.63,West,Mumbai,Net Banking
ORD09870,2025-08-15,CUST0724,Clothing,Jeans,1,42380,0.05,5246.89,North,Lucknow,Debit Card
ORD09871,2025-12-28,CUST1266,Furniture,Chair,2,98360,0.27,10435.05,South,Bangalore,Net Banking
ORD09872,2025-05-03,CUST1259,Beauty,Face Cream,5,234675,0.19,41661.11,East,Bhubaneswar,UPI
ORD09873,2025-10-23,CUST0405,Books,Textbook,3,90939,0.17,8514.54,South,Chennai,Net Banking
ORD09874,2025-07-08,CUST1514,Beauty,Face Cream,1,16532,0.27,2542.32,South,Hyderabad,Debit Card
ORD09875,2025-06-25,CUST1538,Beauty,Face Cream,3,28683,0.04,5819.34,East,Patna,Net Banking
ORD09876,2025-10-14,CUST1526,Furniture,Bookshelf,4,135852,0.01,33547.94,North,Lucknow,UPI
ORD09877,2025-09-30,CUST0173,Books,Novel,1,6837,0.16,1293.13,South,Hyderabad,Debit Card
ORD09878,2025-04-15,CUST0136,Electronics,Mobile Phone,3,110241,0.28,18009.47,South,Hyderabad,Net Banking
ORD09879,2025-09-08,CUST0508,Electronics,Laptop,1,24104,0.21,4743.04,North,Jaipur,Cash on Delivery
ORD09880,2025-10-31,CUST1320,Beauty,Face Cream,5,148500,0.03,32157.24,South,Hyderabad,Cash on Delivery
ORD09881,2025-07-06,CUST1922,Electronics,Headphones,2,23968,0.26,1590.39,South,Hyderabad,Debit Card
ORD09882,2025-08-12,CUST1516,Furniture,Sofa,4,45440,0.21,6875.04,North,Delhi,Credit Card
ORD09883,2025-12-20,CUST1511,Electronics,Laptop,2,54392,0.24,5082.1,East,Kolkata,Credit Card
ORD09884,2025-04-27,CUST1451,Electronics,Mobile Phone,1,14178,0.07,1337.11,West,Ahmedabad,Debit Card
ORD09885,2025-06-08,CUST0068,Beauty,Face Cream,3,88596,0.12,18290.21,North,Lucknow,Cash on Delivery
ORD09886,2025-05-19,CUST0996,Clothing,Jeans,5,110385,0.21,9499.35,West,Ahmedabad,Cash on Delivery
ORD09887,2025-09-24,CUST1297,Beauty,Face Cream,5,45705,0.16,4258.52,South,Chennai,Net Banking
ORD09888,2025-03-04,CUST0421,Books,Textbook,3,109107,0.27,8252.57,West,Ahmedabad,Cash on Delivery
ORD09889,2025-02-04,CUST1517,Books,Magazine,2,55028,0.17,3628.66,East,Patna,UPI
ORD09890,2025-06-18,CUST0847,Beauty,Face Cream,3,33750,0.2,5410.66,North,Delhi,Credit Card
ORD09891,2025-11-22,CUST1247,Beauty,Face Cream,2,37130,0.04,6649.34,North,Delhi,Credit Card
ORD09892,2025-05-06,CUST0026,Beauty,Face Wash,5,138290,0.1,7495.61,West,Pune,UPI
ORD09893,2025-12-08,CUST1250,Books,Textbook,4,51412,0.01,6344.76,North,Jaipur,Cash on Delivery
ORD09894,2025-02-04,CUST0658,Beauty,Shampoo,4,149968,0.22,27421.29,East,Kolkata,Net Banking
ORD09895,2025-08-29,CUST0540,Electronics,Smart Watch,4,82356,0.09,9818.44,North,Jaipur,UPI
ORD09896,2025-08-10,CUST1592,Clothing,Shoes,4,162948,0.17,13002.19,East,Bhubaneswar,Debit Card
ORD09897,2025-03-30,CUST1554,Books,Novel,4,84376,0.05,11280.98,East,Patna,Debit Card
ORD09898,2025-11-23,CUST1149,Books,Magazine,1,16141,0.08,1400.73,South,Chennai,UPI
ORD09899,2025-07-17,CUST0696,Clothing,Jeans,1,28697,0.01,3593.75,North,Lucknow,UPI
ORD09900,2025-10-29,CUST0922,Beauty,Face Wash,4,143764,0.09,25631.04,North,Delhi,Credit Card
ORD09901,2025-08-19,CUST0377,Clothing,Dress,2,84972,0.02,5967.66,West,Mumbai,Cash on Delivery
ORD09902,2025-11-01,CUST1667,Furniture,Chair,3,14007,0.12,2516.5,West,Mumbai,Cash on Delivery
ORD09903,2025-05-09,CUST0896,Furniture,Bookshelf,4,87840,0.06,8703.17,West,Mumbai,Net Banking
ORD09904,2025-10-13,CUST1022,Books,Textbook,4,18432,0.27,906.42,North,Jaipur,Net Banking
ORD09905,2025-03-18,CUST0428,Electronics,Mobile Phone,5,160870,0.12,12354.62,West,Mumbai,Cash on Delivery
ORD09906,2025-12-29,CUST1472,Clothing,Jeans,1,19357,0.23,2945.93,South,Bangalore,Debit Card
ORD09907,2025-03-12,CUST1058,Furniture,Table,3,3669,0.16,399.69,South,Chennai,Credit Card
ORD09908,2025-03-31,CUST0970,Electronics,Mobile Phone,4,145744,0.16,30509.08,South,Hyderabad,UPI
ORD09909,2025-01-25,CUST1028,Books,Magazine,2,9848,0.22,720.97,East,Kolkata,UPI
ORD09910,2025-12-13,CUST0281,Beauty,Shampoo,1,48515,0.21,3994.02,South,Hyderabad,Cash on Delivery
ORD09911,2025-09-14,CUST1750,Furniture,Table,5,229205,0.17,34310.26,North,Jaipur,Debit Card
ORD09912,2025-10-14,CUST1987,Clothing,Shoes,3,142824,0.01,9243.75,South,Hyderabad,Debit Card
ORD09913,2025-03-25,CUST1067,Furniture,Bookshelf,4,28500,0.28,3294.53,East,Bhubaneswar,Net Banking
ORD09914,2025-06-26,CUST0669,Clothing,Dress,1,40138,0.0,9040.15,West,Ahmedabad,Debit Card
ORD09915,2025-02-08,CUST0650,Furniture,Bookshelf,3,31563,0.1,2456.09,South,Chennai,Net Banking
ORD09916,2025-08-07,CUST0275,Books,Comics,1,45753,0.02,5085.96,West,Ahmedabad,Debit Card
ORD09917,2025-03-28,CUST0839,Electronics,Mobile Phone,1,13218,0.19,2484.55,West,Ahmedabad,Debit Card
ORD09918,2025-04-18,CUST1656,Electronics,Mobile Phone,2,63800,0.06,13925.47,South,Bangalore,Debit Card
ORD09919,2025-11-11,CUST1340,Clothing,T-Shirt,3,98457,0.13,11129.66,North,Delhi,Debit Card
ORD09920,2025-04-28,CUST0085,Furniture,Chair,1,36111,0.23,3973.32,West,Ahmedabad,Net Banking
ORD09921,2025-06-21,CUST0555,Electronics,Headphones,2,51066,0.06,3509.41,South,Chennai,Cash on Delivery
ORD09922,2025-10-25,CUST1337,Electronics,Headphones,3,75021,0.26,3909.57,South,Chennai,Cash on Delivery
ORD09923,2025-09-14,CUST0122,Beauty,Face Wash,4,23336,0.13,3953.89,West,Pune,Debit Card
ORD09924,2025-10-08,CUST0353,Clothing,T-Shirt,1,28555,0.26,1579.19,North,Delhi,Credit Card
ORD09925,2025-10-21,CUST0418,Furniture,Bookshelf,2,97068,0.28,9708.17,South,Bangalore,UPI
ORD09926,2025-07-19,CUST1738,Furniture,Sofa,5,113835,0.29,10682.53,East,Bhubaneswar,Debit Card
ORD09927,2025-12-04,CUST1738,Furniture,Bookshelf,2,92040,0.24,15928.78,North,Lucknow,Net Banking
ORD09928,2025-04-24,CUST0426,Electronics,Headphones,1,24874,0.08,1840.08,North,Jaipur,Debit Card
ORD09929,2025-09-29,CUST0606,Furniture,Sofa,2,48270,0.07,9196.7,East,Bhubaneswar,Cash on Delivery
ORD09930,2025-12-17,CUST1266,Beauty,Face Cream,2,21102,0.16,1423.27,South,Bangalore,Cash on Delivery
ORD09931,2025-07-29,CUST1230,Electronics,Mobile Phone,3,94251,0.18,16986.75,North,Delhi,Net Banking
ORD09932,2025-12-03,CUST0208,Furniture,Chair,5,119680,0.27,16420.89,East,Bhubaneswar,Credit Card
ORD09933,2025-08-20,CUST0942,Books,Textbook,5,102585,0.07,16440.77,West,Pune,Net Banking
ORD09934,2025-04-24,CUST0116,Beauty,Face Cream,3,37554,0.3,3942.15,West,Mumbai,UPI
ORD09935,2025-05-06,CUST0667,Beauty,Face Cream,2,84146,0.14,4537.17,West,Pune,Cash on Delivery
ORD09936,2025-06-21,CUST0113,Books,Textbook,1,11564,0.13,953.37,West,Ahmedabad,Cash on Delivery
ORD09937,2025-01-05,CUST0014,Clothing,Jeans,3,6960,0.14,1023.99,North,Lucknow,Cash on Delivery
ORD09938,2025-03-27,CUST0453,Books,Comics,2,6716,0.28,882.96,South,Bangalore,UPI
ORD09939,2025-04-19,CUST0127,Books,Novel,2,3174,0.15,320.37,West,Mumbai,Cash on Delivery
ORD09940,2025-07-07,CUST1440,Furniture,Bookshelf,3,41007,0.27,4657.95,South,Chennai,Credit Card
ORD09941,2025-04-23,CUST0884,Electronics,Smart Watch,5,144090,0.24,16248.62,East,Kolkata,Debit Card
ORD09942,2025-11-03,CUST1533,Electronics,Smart Watch,4,130908,0.1,20478.96,North,Lucknow,UPI
ORD09943,2025-11-16,CUST1675,Books,Magazine,3,130008,0.09,21717.35,East,Bhubaneswar,UPI
ORD09944,2025-12-20,CUST0891,Furniture,Bookshelf,4,59372,0.18,12132.1,West,Ahmedabad,Debit Card
ORD09945,2025-05-21,CUST0272,Clothing,Dress,2,49582,0.18,4292.52,South,Bangalore,UPI
ORD09946,2025-01-09,CUST1755,Beauty,Face Wash,4,104056,0.02,5133.36,West,Pune,Cash on Delivery
ORD09947,2025-10-09,CUST0571,Electronics,Laptop,4,130976,0.06,25722.99,East,Bhubaneswar,Credit Card
ORD09948,2025-12-12,CUST0297,Clothing,Dress,5,67225,0.02,10707.42,West,Ahmedabad,Net Banking
ORD09949,2025-07-02,CUST1426,Electronics,Headphones,2,68762,0.02,10929.49,East,Bhubaneswar,Net Banking
ORD09950,2025-12-30,CUST0348,Clothing,Dress,1,1400,0.06,147.35,South,Hyderabad,Cash on Delivery
ORD09951,2025-12-24,CUST1145,Electronics,Smart Watch,2,43216,0.19,6159.19,East,Bhubaneswar,Debit Card
ORD09952,2025-04-21,CUST1976,Books,Textbook,2,17470,0.12,1686.17,North,Delhi,Net Banking
ORD09953,2025-12-25,CUST1861,Books,Textbook,5,156555,0.2,19511.84,West,Mumbai,Cash on Delivery
ORD09954,2025-08-19,CUST1229,Furniture,Chair,5,214875,0.11,44491.17,North,Delhi,Net Banking
ORD09955,2025-11-27,CUST0011,Clothing,Shoes,3,60936,0.15,9470.16,West,Mumbai,UPI
ORD09956,2025-05-26,CUST0192,Electronics,Smart Watch,3,130263,0.15,16383.53,North,Jaipur,Net Banking
ORD09957,2025-07-15,CUST0704,Beauty,Perfume,1,30349,0.15,3992.42,West,Mumbai,Net Banking
ORD09958,2025-06-12,CUST1854,Beauty,Face Cream,5,32325,0.09,6221.25,South,Hyderabad,Net Banking
ORD09959,2025-03-17,CUST0521,Beauty,Face Cream,1,5753,0.1,637.91,South,Bangalore,UPI
ORD09960,2025-06-12,CUST0443,Furniture,Bookshelf,2,84724,0.1,13394.69,West,Ahmedabad,UPI
ORD09961,2025-11-20,CUST1331,Books,Comics,4,97628,0.29,10648.99,South,Bangalore,Credit Card
ORD09962,2025-06-27,CUST0695,Books,Novel,5,64990,0.06,10431.34,East,Bhubaneswar,Cash on Delivery
ORD09963,2025-10-15,CUST1556,Books,Novel,2,99060,0.06,18247.82,North,Jaipur,Debit Card
ORD09964,2025-06-21,CUST1329,Electronics,Smart Watch,5,122235,0.19,9246.25,South,Chennai,Cash on Delivery
ORD09965,2025-02-15,CUST1628,Furniture,Bookshelf,3,86634,0.25,15977.27,North,Delhi,UPI
ORD09966,2025-09-15,CUST0564,Furniture,Bookshelf,4,18828,0.21,1991.17,West,Pune,Cash on Delivery
ORD09967,2025-02-11,CUST1207,Clothing,Shoes,5,43295,0.04,7759.42,South,Chennai,Cash on Delivery
ORD09968,2025-12-12,CUST0899,Beauty,Face Cream,2,83362,0.11,10837.11,West,Mumbai,Credit Card
ORD09969,2025-11-28,CUST1017,Beauty,Face Cream,1,19667,0.01,2391.03,North,Lucknow,UPI
ORD09970,2025-12-08,CUST1852,Books,Textbook,4,118332,0.1,7017.16,North,Jaipur,Cash on Delivery
ORD09971,2025-06-24,CUST0496,Electronics,Laptop,4,153760,0.27,24577.19,South,Bangalore,Credit Card
ORD09972,2025-01-23,CUST0985,Books,Magazine,2,90788,0.24,4624.23,North,Lucknow,Net Banking
ORD09973,2025-03-13,CUST1497,Clothing,Jeans,5,139315,0.21,7962.99,West,Pune,UPI
ORD09974,2025-10-09,CUST1604,Beauty,Face Wash,5,65860,0.05,6513.07,West,Mumbai,UPI
ORD09975,2025-05-26,CUST1674,Books,Textbook,4,182796,0.19,10182.51,South,Hyderabad,UPI
ORD09976,2025-02-16,CUST1893,Clothing,Shoes,2,33294,0.08,5600.7,South,Hyderabad,Debit Card
ORD09977,2025-10-19,CUST0288,Furniture,Chair,4,35852,0.24,5006.79,North,Delhi,Credit Card
ORD09978,2025-06-22,CUST0887,Beauty,Face Wash,5,195355,0.03,25876.81,West,Ahmedabad,Debit Card
ORD09979,2025-07-05,CUST1493,Books,Comics,1,16989,0.05,2363.3,South,Bangalore,Debit Card
ORD09980,2025-05-01,CUST1509,Electronics,Laptop,4,28076,0.29,2749.15,East,Patna,Net Banking
ORD09981,2025-02-12,CUST1384,Electronics,Headphones,2,57470,0.02,13469.04,South,Bangalore,Credit Card
ORD09982,2025-05-30,CUST1319,Furniture,Chair,4,167596,0.3,14115.88,North,Lucknow,Cash on Delivery
ORD09983,2025-01-27,CUST1900,Books,Magazine,2,40466,0.0,6545.01,South,Hyderabad,Cash on Delivery
ORD09984,2025-05-13,CUST0104,Clothing,Shoes,1,5925,0.15,1108.93,East,Bhubaneswar,Cash on Delivery
ORD09985,2025-07-01,CUST1182,Furniture,Sofa,3,40431,0.19,7986.77,North,Jaipur,Net Banking
ORD09986,2025-08-29,CUST0096,Beauty,Face Cream,2,43812,0.22,1899.34,West,Pune,UPI
ORD09987,2025-07-19,CUST0162,Books,Comics,3,9507,0.24,970.03,East,Kolkata,UPI
ORD09988,2025-04-11,CUST1175,Books,Novel,1,19122,0.19,3269.57,West,Pune,Net Banking
ORD09989,2025-03-01,CUST1964,Electronics,Headphones,3,34293,0.03,5151.17,North,Jaipur,Credit Card
ORD09990,2025-07-12,CUST0681,Electronics,Smart Watch,4,89852,0.23,6498.55,West,Mumbai,Cash on Delivery
ORD09991,2025-07-09,CUST1964,Furniture,Chair,3,127950,0.05,30332.34,West,Ahmedabad,Debit Card
ORD09992,2025-05-05,CUST1454,Clothing,Dress,2,39990,0.22,5094.35,East,Kolkata,Credit Card
ORD09993,2025-12-04,CUST1474,Furniture,Sofa,4,134084,0.17,26770.56,East,Patna,Cash on Delivery
ORD09994,2025-06-15,CUST0036,Clothing,Dress,1,32477,0.07,4721.69,West,Mumbai,UPI
ORD09995,2025-02-10,CUST1170,Books,Novel,1,24778,0.04,5084.79,East,Kolkata,Credit Card
ORD09996,2025-12-27,CUST0262,Electronics,Headphones,3,23694,0.03,2830.83,East,Kolkata,Credit Card
ORD09997,2025-03-27,CUST1153,Books,Comics,3,93159,0.21,16097.52,East,Patna,Net Banking
ORD09998,2025-03-09,CUST1045,Electronics,Mobile Phone,3,84264,0.01,19667.28,North,Lucknow,Debit Card
ORD09999,2025-08-02,CUST1899,Beauty,Face Cream,5,28020,0.21,5291.4,East,Bhubaneswar,Cash on Delivery
ORD10000,2025-05-21,CUST1886,Beauty,Shampoo,5,217150,0.24,23360.56,North,Delhi,Debit Card
